entity_id	business_name	business_address	country	normalized_business_name	normalized_business_address
S1-714132312	Zephay Labs Inc	2621 Cotten Road, Tyler, TX	US	zephay labs inc	2621 cotten road tyler tx
S1-106407869	Vision Partners Corp	IA, Iowa City, 1064 Newton Rd, Unit 11	US	vision partners corp	ia iowa city 1064 newton rd unit 11
S1-156285671	<< Team Ecole	175 Boulevard du Président Franklin Roosevelt, Bordeaux, Nouvelle-Aquitaine	France	team ecole	175 boulevard du président franklin roosevelt bordeaux nouvelle aquitaine
S1-689823050	Red Perfect Trading	Mirzapur, Ews 12, Uttar Pradesh, Mirzapursadar, Awas Vikas Colony	India	red perfect trading	mirzapur ews 12 uttar pradesh mirzapursadar awas vikas colony
S1-921369899	ZNB Club SARL	Nouvelle-Aquitaine, La Teste-de-Buch, 5 bis Rue Pierre Dignac	France	znb club sarl	nouvelle aquitaine la teste de buch 5 bis rue pierre dignac
S1-481669221	Nandlal Kisan LLP	D-61 Ifs Apartmentmayur Vihar I, New Delhi, East Delhi, Delhi	India	nandlal kisan llp	d 61 ifs apartmentmayur vihar i new delhi east delhi delhi
S1-909865979	Cure Seafood	1325 Brooklyn Walk, Issaquah, WA	US	cure seafood	1325 brooklyn walk issaquah wa
S1-280204013	Om Constructions Pvt Ltd	Karauli, Rajasthan, Karauli, Pani Ki Tanki Ke Pas Choubepada	India	om constructions pvt ltd	karauli rajasthan karauli pani ki tanki ke pas choubepada
S1-742053041	Roongta Sangh	Bhubaneswar, Sub Plot No.-L6/29, Mahodadhi Bhawan (Next To Iter College) Panchasakha Nagar, Dumuduma, Khordha, Plot No.-780, Orissa	India	roongta sangh	bhubaneswar sub plot no l6 29 mahodadhi bhawan next to iter college panchasakha nagar dumuduma khordha plot no 780 orissa
S1-913506265	Thermal & Fils SASU	20 Rue Parmentier, Dunkerque, Hauts-de-France	France	thermal fils sasu	20 rue parmentier dunkerque hauts de france
S1-479574617	Anupama Estates Pvt Ltd	26, Ram Nagar, Behind M.C Quarters Near Jagadhri Gate, Ambala City, Haryana	India	anupama estates pvt ltd	26 ram nagar behind m c quarters near jagadhri gate ambala city haryana
S1-680637447	Siliguri Media Pvt Ltd	S No. 42/2/3, H No. B/5, Santkrupa Niwas, Ramnagar, Pune City, Pune, Maharashtra	India	siliguri media pvt ltd	s no 42 2 3 h no b 5 santkrupa niwas ramnagar pune city pune maharashtra
S1-870190130	Naman Trust	60 Kashipuri Kabirkhedi, Indore, Madhya Pradesh	India	naman trust	60 kashipuri kabirkhedi indore madhya pradesh
S1-365170694	Consulting Sai Nanak Private Limited	A-115, Freedom Fighter, Enclave Neb Sarai, South Delhi, Delhi	India	consulting sai nanak private limited	a 115 freedom fighter enclave neb sarai south delhi delhi
S1-778640743	Blinny Gordon Apex Rate	100 Hartsdale Avenue, Unit Apartment TPE, Greenburgh, NY	US	blinny gordon apex rate	100 hartsdale avenue unit apartment tpe greenburgh ny
S1-378191895	East Marketing Private Limited	Howrah, 2, West Bengal, India Exchange Place, 2Nd Floor, Room 13, Kolkata	India	east marketing private limited	howrah 2 west bengal india exchange place 2nd floor room 13 kolkata
S1-684974736	Garcia Mercury Corp	600 SE 2nd St, Pelican Rapids, MN	US	garcia mercury corp	600 se 2nd st pelican rapids mn
S1-750279127	Sra Export	A-73, Lajpat Nagar-I, New Delhi, South Delhi, Delhi	India	sra export	a 73 lajpat nagar i new delhi south delhi delhi
S1-209281220	ZH Plus Private Limited	37B, Pushtikar Chs Ltd, Shiv Sadan, Near Patel Estate, Jogeshwari (West), Mumbai, Mumbai City, Maharashtra	India	zh plus private limited	37b pushtikar chs ltd shiv sadan near patel estate jogeshwari west mumbai mumbai city maharashtra
S1-550154910	Tech Management Private Limited	H No. 16-2-751/A/70, Kara, Chanchalguda, New Malakpe, Saidabad, Hyderabad, Telangana	India	tech management private limited	h no 16 2 751 a 70 kara chanchalguda new malakpe saidabad hyderabad telangana
S1-897975128	Prime Aditya Agro	1-76, Brahmanapalli Village, Andole Mandal, Jogipet, Medak, Telangana	India	prime aditya agro	1 76 brahmanapalli village andole mandal jogipet medak telangana
S1-704604312	Market Sciences (India) Ltd	A-15 Phase-10, Shiv Vihar, Karawal Nagar, Delhi	India	market sciences india ltd	a 15 phase 10 shiv vihar karawal nagar delhi
S1-628750886	Grain & Fils	Lille, 329 Avenue de Dunkerque, Hauts-de-France	France	grain fils	lille 329 avenue de dunkerque hauts de france
S1-714038427	Delta Partners Inc	2202 Brandywood Drive, Murfreesboro, TN	US	delta partners inc	2202 brandywood drive murfreesboro tn
S1-426194890	Midwest Alliance LLC	1045 Lazy Acres Road, Protem, MO	US	midwest alliance llc	1045 lazy acres road protem mo
S1-122385784	Castaneda Capital LLC	105 Paula Boulevard, Brookhaven, NY	US	castaneda capital llc	105 paula boulevard brookhaven ny
S1-540642140	Tri-State Network	3105 Stonegate Drive, Paragould, AR	US	tri state network	3105 stonegate drive paragould ar
S1-123475953	Sankalp India	New Delhi, South Delhi, Ii Nd Floor Malviya Nagar, Delhi, A-87	India	sankalp india	new delhi south delhi ii nd floor malviya nagar delhi a 87
S1-444801830	Site Win Private Limited	F-47 501 Rasta Peth Pune, Pune, Maharashtra	India	site win private limited	f 47 501 rasta peth pune pune maharashtra
S1-502376041	Chayan Trading Private Limited	Flat No 404, Block-1, Rbr Complex, Miyapur Serilingampally Mandal, Hyderabad, Rangareddy, Telangana	India	chayan trading private limited	flat no 404 block 1 rbr complex miyapur serilingampally mandal hyderabad rangareddy telangana
S1-594021398	Abohar Logistics Pvt Ltd	C/O Manoj Kumar St No. 1, Model Town Sunder Nagari, Abohar, Firozpur, Punjab	India	abohar logistics pvt ltd	c o manoj kumar st no 1 model town sunder nagari abohar firozpur punjab
S1-261170522	Reid Can LLC	1404 Irving Hill Drive, Knightdale, NC	US	reid can llc	1404 irving hill drive knightdale nc
S1-466641145	Elephant Centre EURL	30 Rue Lachassaigne, Bordeaux, Nouvelle-Aquitaine	France	elephant centre eurl	30 rue lachassaigne bordeaux nouvelle aquitaine
S1-99245709	Skyking Enterprise LLP	A-606, Sankalp Iconic Tower, Near Iscon Cross Roads, S.G. Highway, Ahmedabad, Gujarat	India	skyking enterprise llp	a 606 sankalp iconic tower near iscon cross roads s g highway ahmedabad gujarat
S1-339015166	Brzee Law Chambers	No.7Groundfloor, Mhtresidence Green Orchrds Layout, Bannerghttamainroad, Bangalore, Karnataka	India	brzee law chambers	no 7groundfloor mhtresidence green orchrds layout bannerghttamainroad bangalore karnataka
S1-614259237	Lilia Prosser Generating LLC	123 Dorchester Court, Waukegan, IL	US	lilia prosser generating llc	123 dorchester court waukegan il
S1-385801270	Maison de Santé Generation	30 Rue Louis Thénard, Saint-Nazaire, Pays de la Loire	France	maison de santé generation	30 rue louis thénard saint nazaire pays de la loire
S1-334672926	Traify Superior Pharmaceuticals	19 Laurel Ridge Court, Wallingford, CT	US	traify superior pharmaceuticals	19 laurel ridge court wallingford ct
S1-717749279	Saint-Herblain Societe SARL	5 Impasse Jean Baptiste Clément, Saint-Herblain, Pays de la Loire	France	saint herblain societe sarl	5 impasse jean baptiste clément saint herblain pays de la loire
S1-564662660	Fregoso, Andrews and Reed Biotech Associates	25246 33 Avenue, Saint Cloud, MN	US	fregoso andrews and reed biotech associates	25246 33 avenue saint cloud mn
S1-41643447	R M V Ii Stage Storage Pvt Ltd	Opp H I G House 233, Dollars Colony I Main, Bangalore, Karnataka, R M V Ii Stage, No. 6	India	r m v ii stage storage pvt ltd	opp h i g house 233 dollars colony i main bangalore karnataka r m v ii stage no 6
S1-581360597	Pediatric Dentistry Pacific Physicians PC	9121 Susie Lane, Little Rock, AR	US	pediatric dentistry pacific physicians pc	9121 susie lane little rock ar
S1-946184931	Quartz L.L.C.	56 Rock Hill Circle, NC, Asheville, Unit 65	US	quartz l l c	56 rock hill circle nc asheville unit 65
S1-244940399	Goenka & Co	D 2054A Palam Vihar, Gurgaon, Haryana	India	goenka co	d 2054a palam vihar gurgaon haryana
S1-616465752	Association de Pena	21 Chemin de la Traverse, Bordeaux, Nouvelle-Aquitaine	France	association de pena	21 chemin de la traverse bordeaux nouvelle aquitaine
S1-762904067	Green Global Private Limited	F-85, Ist Floor, Lsc, Vardman Mall, Nehru Vihar, Delhi, North Delhi, Delhi	India	green global private limited	f 85 ist floor lsc vardman mall nehru vihar delhi north delhi delhi
S1-261476747	Securite Darts Sport SARL	21 Chemin des Réunis, Nantes, Pays de la Loire	France	securite darts sport sarl	21 chemin des réunis nantes pays de la loire
S1-874436225	Galaxy Power Private Limited	Shop No 4-5-13-14 Paras Plaza, K C Jain Nagar, Ratnagiri, Ratnagiri, Maharashtra	India	galaxy power private limited	shop no 4 5 13 14 paras plaza k c jain nagar ratnagiri ratnagiri maharashtra
S1-816918307	Guru Shiva Technology	C/O Chandan Mallick, Shop 16 R A Enclave Ground Floor, Howrah, West Bengal	India	guru shiva technology	c o chandan mallick shop 16 r a enclave ground floor howrah west bengal
S1-52153457	Indo Infrastructure Private Limited	N 161 A, Saira Tower, 3Rd Floor Commercial Complex Gulmohar Enclave, New Delhi, South Delhi, Delhi	India	indo infrastructure private limited	n 161 a saira tower 3rd floor commercial complex gulmohar enclave new delhi south delhi delhi
S1-867332501	Crystal Wear Pvt Ltd	Ward No.- 4, Raj Palace, Juran Chapra Road No.- 3, P.S-Brahmpura, Muzaffarpur, Bihar	India	crystal wear pvt ltd	ward no 4 raj palace juran chapra road no 3 p s brahmpura muzaffarpur bihar
S1-969300060	Grillons Lycee SAS	Bordeaux, 154 BD du President Wilson, Nouvelle-Aquitaine	France	grillons lycee sas	bordeaux 154 bd du president wilson nouvelle aquitaine
S1-930501805	Ortiz Direct Rent, LLC	1N 231 Blue Jay Court, Carol Stream, IL	US	ortiz direct rent llc	1n 231 blue jay court carol stream il
S1-474452362	Crystal Complete Vaneck	OH, Portsmouth, 1716 Timmonds Avenue	US	crystal complete vaneck	oh portsmouth 1716 timmonds avenue
S1-802731895	Bright Builders Private Limited	Karnataka, Bangalore, Plot No 115, Bangalore, 7Th Main, 3Rd Cross, 3Rd Phase, 1St Floor, Peenya Industrial Area	India	bright builders private limited	karnataka bangalore plot no 115 bangalore 7th main 3rd cross 3rd phase 1st floor peenya industrial area
S1-39733947	Laon Equity Partners, Inc	604 King Street, Boone, NC	US	laon equity partners inc	604 king street boone nc
S1-807424751	Kandivali West Care Limited	Mumbai City, 401, Maharashtra, Tower D, Orchid Suburbia, Off M. G. Road, Link Road, Kandivali West	India	kandivali west care limited	mumbai city 401 maharashtra tower d orchid suburbia off m g road link road kandivali west
S1-269499779	Sky Techno Public Limited	Karnataka, No.14, Ist Floor, Kempannanavara Thota Kanakanagar, Vijayanagar North, Bangalore	India	sky techno public limited	karnataka no 14 ist floor kempannanavara thota kanakanagar vijayanagar north bangalore
S1-574528784	Federal Owl	95-26 243rd Street, Hempstead, NY	US	federal owl	95 26 243rd street hempstead ny
S1-402621048	Creative Developers Limited	21/56 Punjabi Bagh, New Delhi, West Delhi, Delhi	India	creative developers limited	21 56 punjabi bagh new delhi west delhi delhi
S1-684202485	Super Anand Construction Private Limited	No. 2776, 21St Main Road, 1St Sector Hsr Layout, Bangalore, Karnataka	India	super anand construction private limited	no 2776 21st main road 1st sector hsr layout bangalore karnataka
S1-85238196	Diversified Research Global Co	5161 Louis River Way, Tucson, AZ	US	diversified research global co	5161 louis river way tucson az
S1-569369299	Horning Atlas LLC	1221 Cambridge Street, Unit T05, Cambridge, MA	US	horning atlas llc	1221 cambridge street unit t05 cambridge ma
S1-559615219	South Horizon Bitcoin-Virginia Beach City	453 Garrison Place, Virginia Beach City, VA	US	south horizon bitcoin virginia beach city	453 garrison place virginia beach city va
S1-684318101	Johnson Platforms LLC	41 Point Street, Unit Apartment 3C, Yonkers, NY	US	johnson platforms llc	41 point street unit apartment 3c yonkers ny
S1-503487168	Star Foundation Private Limited	1686, Sohan Ganj, Subzi Mandi, Delhi	India	star foundation private limited	1686 sohan ganj subzi mandi delhi
S1-967139755	Bathla & Co Limited	Mumbai, Flt No.B/604, Dahisar East, Maharashtra, Ekta Bldg 10, C.S.Rd 4, Ashish Complex	India	bathla co limited	mumbai flt no b 604 dahisar east maharashtra ekta bldg 10 c s rd 4 ashish complex
S1-983819279	Seor Consumer	1841 Park Lake Drive, Unit Apt 8, Fayetteville, AR	US	seor consumer	1841 park lake drive unit apt 8 fayetteville ar
S1-577269922	Maragondanahalli Main Rd. Entertainment Private Limited	21, Suman Sadana Ragavendra Layout Doddamuniswamy Reddy Layout Road, Maragondanahalli Main Rd., Bangalore, Karnataka	India	maragondanahalli main rd entertainment private limited	21 suman sadana ragavendra layout doddamuniswamy reddy layout road maragondanahalli main rd bangalore karnataka
S1-87832748	Brown Outdoor LLC	2318 Reese Street, Morristown, TN	US	brown outdoor llc	2318 reese street morristown tn
S1-295346696	École primaire Sainte Pierre	22 RUE Descartes, Hauts-de-France, Calais	France	école primaire sainte pierre	22 rue descartes hauts de france calais
S1-252468250	Jain Technologies Pvt Ltd	C/O Smt. Chhota Devi, Shop No 179 Villege Looniyawas, Goner Road, Jaipur, Rajasthan	India	jain technologies pvt ltd	c o smt chhota devi shop no 179 villege looniyawas goner road jaipur rajasthan
S1-781801397	Sterling Solutions Pvt Ltd	H No 12 Ground Floor Sahipur Village Shalimar Bagh, Delhi, North West, Delhi	India	sterling solutions pvt ltd	h no 12 ground floor sahipur village shalimar bagh delhi north west delhi
S1-669434847	Triveni & Partners	Khashmallik, Dakshihn Gobindopur, Holding No- 986, 24 Parganas South, Twenty Four Parganassouth, Parganas South, West Bengal	India	triveni partners	khashmallik dakshihn gobindopur holding no 986 24 parganas south twenty four parganassouth parganas south west bengal
S1-570053103	Endura & Co	C/Omanendra Prasad Sinha, Quality Campus A203, Lohia Nagardath, Jagdeo Path, Patna, Bihar	India	endura co	c omanendra prasad sinha quality campus a203 lohia nagardath jagdeo path patna bihar
S1-736469556	Indian Technologies Private Limited	40 Western Road, Kolkata, Howrah, West Bengal	India	indian technologies private limited	40 western road kolkata howrah west bengal
S1-483126440	Bright Marketing Private Limited	Dhantala Bazar, Dhantala (Beside Dhantala Police Station), Dhantala, Nadia, West Bengal	India	bright marketing private limited	dhantala bazar dhantala beside dhantala police station dhantala nadia west bengal
S1-270951405	Synergy Traders Limited	H.No 902/903, St No. 16/4, Punjab Mata Ngr, Pakh Rd, Ludhiana, Punjab	India	synergy traders limited	h no 902 903 st no 16 4 punjab mata ngr pakh rd ludhiana punjab
S1-520799361	Mountain Coalition	141 Adelaide Way, Rock Hill, SC	US	mountain coalition	141 adelaide way rock hill sc
S1-81033582	Caravane Amicale SAS	520 Rue de Cassel, Dunkerque, Hauts-de-France	France	caravane amicale sas	520 rue de cassel dunkerque hauts de france
S1-56410032	Chiropractic Express Care Associates Inc.	Ottumwa, IA, 37 Brookwood Court	US	chiropractic express care associates inc	ottumwa ia 37 brookwood court
S1-518847572	Urban Bike Shop Group	14028 Manistee Avenue, Burnham, IL	US	urban bike shop group	14028 manistee avenue burnham il
S1-776267063	Roll Anciens SAS	12 Rue du Chaufour, Lille, Hauts-de-France	France	roll anciens sas	12 rue du chaufour lille hauts de france
S1-35309228	Freestone Custom Management LLC	East Hampton, NY, 100 Deforest Road	US	freestone custom management llc	east hampton ny 100 deforest road
S1-493139457	North Industries Private Limited	Maharashtra, Thane, Office No 112 Palika Bazar Kapurbawadi Thane West	India	north industries private limited	maharashtra thane office no 112 palika bazar kapurbawadi thane west
S1-895087526	Pnp Audio of Mumbai	Mumbai, Maharashtra, Bandra Suburban, B/1 And B/2, Navin Bharat Co-Op Hsg. Society, Plot No.4, 10Th N. S. Road, J V P D Sche, Me	India	pnp audio of mumbai	mumbai maharashtra bandra suburban b 1 and b 2 navin bharat co op hsg society plot no 4 10th n s road j v p d sche me
S1-829126727	All Energy Private Limited	D/N 1-110/2, Sivalayam Veedhi, Pasalapudi, East Godavari, Andhra Pradesh	India	all energy private limited	d n 1 110 2 sivalayam veedhi pasalapudi east godavari andhra pradesh
S1-457973373	Rotary Sport SASU	7 Place de Suède, Lille, Hauts-de-France	France	rotary sport sasu	7 place de suède lille hauts de france
S1-74852342	Ingram & Liguori LLC	209 Illinois Avenue, Brookhaven, NY	US	ingram liguori llc	209 illinois avenue brookhaven ny
S1-280936763	Ankit Event	Delhi, Janakpuri, Plot No A3/12 S/F, West Delhi, New Delhi	India	ankit event	delhi janakpuri plot no a3 12 s f west delhi new delhi
S1-999165514	Mitra Polytechnic	Bb 18A, Ground Floor, East Shalimar Bagh Hanuman Mandir, Shalimar Bagh, Delhi, North West, Delhi	India	mitra polytechnic	bb 18a ground floor east shalimar bagh hanuman mandir shalimar bagh delhi north west delhi
S1-395055615	Birch L.L.C.	194 Vogel Road, WA, Castle Rock	US	birch l l c	194 vogel road wa castle rock
S1-862701045	Agni Product Private Limited	19-488/5 Ramnagar, Mancherial, Adilabad, Telangana	India	agni product private limited	19 488 5 ramnagar mancherial adilabad telangana
S1-674871004	New It LLP	At Post Mungaste, Thane, Maharashtra, Survey No.20/22/23-24/26, Vada	India	new it llp	at post mungaste thane maharashtra survey no 20 22 23 24 26 vada
S1-287307821	North Management	303, Abhay Steel House, 3Rd Floor, 59-E Baroda Street, Carnac Bunder, Mumbai, Mumbai City, Maharashtra	India	north management	303 abhay steel house 3rd floor 59 e baroda street carnac bunder mumbai mumbai city maharashtra
S1-273768056	Association des Gourmets	6 Chemin du Romarin, Hauts-de-France, Lille	France	association des gourmets	6 chemin du romarin hauts de france lille
S1-323395452	Status Brothers Private Limited	No 8, Palayakkaran Ekkattuthangal, Chennai, Tamil Nadu	India	status brothers private limited	no 8 palayakkaran ekkattuthangal chennai tamil nadu
S1-4144001	Cascade Parts	348 Jefferson Street, Batavia, IL	US	cascade parts	348 jefferson street batavia il
S1-512210875	Delta Fellowship	2221 Kirks Road, Granger, WA	US	delta fellowship	2221 kirks road granger wa
S1-143287441	WPI Consumer Private Limited	27/19 East Patel Nagar, New Delhi, Central Delhi, Delhi	India	wpi consumer private limited	27 19 east patel nagar new delhi central delhi delhi
S1-351656683	Bouliste (France) Amicale SARL	267 Rue de la Renaudière, Nantes, Pays de la Loire	France	bouliste france amicale sarl	267 rue de la renaudière nantes pays de la loire
S1-83258310	Association du Archives	5 Rue des Canaris, Dunkerque, Hauts-de-France	France	association du archives	5 rue des canaris dunkerque hauts de france
S1-126274111	Speas's Solutions Inc	100 Miley Lane, Hendersonville, NC	US	speas s solutions inc	100 miley lane hendersonville nc
S1-991875825	Keystone Wholesale Solutions LLC	4782 Bartow Road, Greenwood, FL	US	keystone wholesale solutions llc	4782 bartow road greenwood fl
S1-219350089	Foot & Ankle Care L.L.C.	Jacksonville, NC, 312 Seminole Trail	US	foot ankle care l l c	jacksonville nc 312 seminole trail
S1-476026008	The Dent Pizza	1408 Adrian Lane, Montgomery, AL	US	the dent pizza	1408 adrian lane montgomery al
S1-595583207	WVR Secure Shore	411 Stony Way, East Norriton Township, PA	US	wvr secure shore	411 stony way east norriton township pa
S1-660977005	New Transports Pvt Ltd	11/664 Gf, Indira Nagara, Lucknow, Uttar Pradesh	India	new transports pvt ltd	11 664 gf indira nagara lucknow uttar pradesh
S1-106130112	Better Consumer Works Partners	NY, 46 Mccouns Lane, Oyster Bay	US	better consumer works partners	ny 46 mccouns lane oyster bay
S1-383508132	Developpement Ecole (France) EURL	20 bis RUE jules lefebvre, Lille, Hauts-de-France	France	developpement ecole france eurl	20 bis rue jules lefebvre lille hauts de france
S1-960747316	Artisanal Comite SARL	1092 Avenue Roger Salengro, Calais, Hauts-de-France	France	artisanal comite sarl	1092 avenue roger salengro calais hauts de france
S1-78181547	Jaclin's Allied Tire Shop Inc	2026 Berlin Station Road, Delaware, OH	US	jaclin s allied tire shop inc	2026 berlin station road delaware oh
S1-44674670	Alder Charitable Trust	S U, 216, Pitampura, Delhi, North West Delhi, Delhi	India	alder charitable trust	s u 216 pitampura delhi north west delhi delhi
S1-712639027	Creative Projects Private Limited	2Nd Floor, Shree Vyankatesh Market, Main Road Sitabuldi, Nagpur, Maharashtra	India	creative projects private limited	2nd floor shree vyankatesh market main road sitabuldi nagpur maharashtra
S1-875777939	Behavioral Health Grand Specialists	7041 Mariposa Street, Phoenix, AZ	US	behavioral health grand specialists	7041 mariposa street phoenix az
S1-906720062	Southern Foods Private Limited	12 A Netaji Subhas Road, Kolkata, Calcutta, West Bengal	India	southern foods private limited	12 a netaji subhas road kolkata calcutta west bengal
S1-868609391	Amber Line Inc.	4456 Bouy Lane, Denver, NC	US	amber line inc	4456 bouy lane denver nc
S1-842551642	Sweet Deli LLC	7444 Kingsland Drive, Memphis, TN	US	sweet deli llc	7444 kingsland drive memphis tn
S1-977549219	Little Cleaning Service	Frederick, MD, 7304 Grove Road	US	little cleaning service	frederick md 7304 grove road
S1-345501851	Association du Secondaire	Nouvelle-Aquitaine, 3 Rue de Campeyraut, Bordeaux	France	association du secondaire	nouvelle aquitaine 3 rue de campeyraut bordeaux
S1-465557953	Delta Madison	412 Coopers Mills Road, Windsor, ME	US	delta madison	412 coopers mills road windsor me
S1-548433616	Cfdt Communale Medico SARL	Nouvelle-Aquitaine, La Teste-de-Buch, 15 Avenue des Galipes Pyla	France	cfdt communale medico sarl	nouvelle aquitaine la teste de buch 15 avenue des galipes pyla
S1-542615632	Mauriello, Hu & Hendrickson Corporation	Rockville, 624 Denham Road, MD	US	mauriello hu hendrickson corporation	rockville 624 denham road md
S1-396150929	Clinique Saint Francois	18 Allée de Gascogne, La Teste-de-Buch, Nouvelle-Aquitaine	France	clinique saint francois	18 allée de gascogne la teste de buch nouvelle aquitaine
S1-370806262	Rico, Burkhardt & Higginbotham Inc	31948 Shavox Road, Salisbury, MD	US	rico burkhardt higginbotham inc	31948 shavox road salisbury md
S1-149784022	Continental Center Center	1617 Mcclure Place, Dallas, TX	US	continental center center	1617 mcclure place dallas tx
S1-208197675	International Logistics LLP	Plot No-10, Ground Floor, Block-Ef, Inderpuri, New Delhi, Central Delhi, Delhi	India	international logistics llp	plot no 10 ground floor block ef inderpuri new delhi central delhi delhi
S1-621024	AP Health Inc	N3864 P, Town Of Rubicon, WI	US	ap health inc	n3864 p town of rubicon wi
S1-479716586	Borton Specialty P.C.	12 Fairchild Avenue, Saugus, MA	US	borton specialty p c	12 fairchild avenue saugus ma
S1-73366741	SY Centre Private Limited	E 25, South Extension Part 2, New Delhi, South Delhi, Delhi	India	sy centre private limited	e 25 south extension part 2 new delhi south delhi delhi
S1-866981273	Jsw Chit Private Limited	1/11193, Sf, Street No - 12, Subhah Park, Naveen Shahdara, Shahdara, Delhi	India	jsw chit private limited	1 11193 sf street no 12 subhah park naveen shahdara shahdara delhi
S1-48247433	Flint LLC	IL, Ullin, 145 Locust Street	US	flint llc	il ullin 145 locust street
S1-139090022	Gcb Business Pvt Ltd	Ff-27, Harmony Commercial, C Wing Nr. Motilal Nagar I, Link Road, Goregaon (, West), Mumbai, Mumbai City, Maharashtra	India	gcb business pvt ltd	ff 27 harmony commercial c wing nr motilal nagar i link road goregaon west mumbai mumbai city maharashtra
S1-503254241	Davis States LLC	2935 3580, St George City, UT	US	davis states llc	2935 3580 st george city ut
S1-102847291	Technologies Sree Vyapaar Ltd	No.5, 2Nd Floor, Thiruporur Road, Hasthinapuram, Chrompet, Kanchipuram, Tamil Nadu	India	technologies sree vyapaar ltd	no 5 2nd floor thiruporur road hasthinapuram chrompet kanchipuram tamil nadu
S1-619110488	Fortune It	Room No 7, Bhagirathi Chawl, Pipe Line Halao Pool, Near Emamia Colony, Kurla W, Mumbai, Mumbai City, Maharashtra	India	fortune it	room no 7 bhagirathi chawl pipe line halao pool near emamia colony kurla w mumbai mumbai city maharashtra
S1-623031914	Dental Specialists of Marshall	11656 Old Barn Road, Marshall, IL	US	dental specialists of marshall	11656 old barn road marshall il
S1-215270294	Capital Network LLC	1312 Central Avenue, Duluth, MN	US	capital network llc	1312 central avenue duluth mn
S1-762005078	Patriot Regional Morgan LLC	AL, Calera, 3820 Hwy 86	US	patriot regional morgan llc	al calera 3820 hwy 86
S1-983603694	Spe Finance Private Limited	A-153 New Friends Colony, New Delhi, South Delhi, Delhi	India	spe finance private limited	a 153 new friends colony new delhi south delhi delhi
S1-437281614	Clark, Arnold and Powers Platinum	575 Morning Glory Turn, Greene County, VA	US	clark arnold and powers platinum	575 morning glory turn greene county va
S1-590781135	Frontier Ministries	7318 Ave O, Santa Fe, TX	US	frontier ministries	7318 ave o santa fe tx
S1-423414451	Fashion Polytechnic	63/3-4, P&T Colony, Srigandha Kaval Sunkadakatte, Magadi Road, Bangalore, Karnataka	India	fashion polytechnic	63 3 4 p t colony srigandha kaval sunkadakatte magadi road bangalore karnataka
S1-847114478	Marilin Wade Martin L.L.C.	228 16th Street, Coshocton, OH	US	marilin wade martin l l c	228 16th street coshocton oh
S1-526334226	Periwal Trading Private Limited	1802 Rustomjee O-Zone Twr, 6 Bhd Telephone Exchange, Goregaon West, Mumbai, Maharashtra	India	periwal trading private limited	1802 rustomjee o zone twr 6 bhd telephone exchange goregaon west mumbai maharashtra
S1-381894503	Property India Private Limited	Tp 5/716F, 1St Floor, Alankar Towers Chungam, Thamarassery, Kozhikode, Kerala	India	property india private limited	tp 5 716f 1st floor alankar towers chungam thamarassery kozhikode kerala
S1-313092170	ARB Management Pvt Ltd	Mig 187, 2Nd Floor, R.R Chandra Residency, Kukatpally, Opp City Union Bank, Road No.1, Phase No.1, Tirumalagiri, Hyderabad, Telangana	India	arb management pvt ltd	mig 187 2nd floor r r chandra residency kukatpally opp city union bank road no 1 phase no 1 tirumalagiri hyderabad telangana
S1-60876864	Unique Products Private Limited	Noida, Supertech Capetown Sector-74, Gautam Buddha Nagar, Cm3-103, Uttar Pradesh	India	unique products private limited	noida supertech capetown sector 74 gautam buddha nagar cm3 103 uttar pradesh
S1-261642209	Vegan Groupe EI	32 Rue Kléber, Tourcoing, Hauts-de-France	France	vegan groupe ei	32 rue kléber tourcoing hauts de france
S1-78728267	Tiertza Luker Toyo Inc	711 Maple Street, Searcy, AR	US	tiertza luker toyo inc	711 maple street searcy ar
S1-308199161	Services Ivory Products Pvt. Ltd.	2-B-33, Mahaveer Nagar Ex A-V Kota Near Maharana Pratap Park, Kota, Rajasthan	India	services ivory products pvt ltd	2 b 33 mahaveer nagar ex a v kota near maharana pratap park kota rajasthan
S1-358927120	Software Sarwar Infraproducts Limited	1St Floor, 4Th Cross, 1St Main, 5Th Phase, Mahaganapathi Nagar, Woc Road, Bangalore, Karnataka, Bangalore, No.18	India	software sarwar infraproducts limited	1st floor 4th cross 1st main 5th phase mahaganapathi nagar woc road bangalore karnataka bangalore no 18
S1-337122273	Sky Impex Private Limited	411, Vedant Vihas, Hulimavu Gate, Bengaluru, Bangalore, Karnataka	India	sky impex private limited	411 vedant vihas hulimavu gate bengaluru bangalore karnataka
S1-650650055	Site Ii Panki Industrial Area Plast Limited	F-37, Site Ii Panki Industrial Area, Kanpur, Uttar Pradesh	India	site ii panki industrial area plast limited	f 37 site ii panki industrial area kanpur uttar pradesh
S1-834257002	Mountain College LLC	6 Avenida Alamosa, Los Lunas, NM	US	mountain college llc	6 avenida alamosa los lunas nm
S1-937349180	Foley Colonial Ridge LLC	1953 17th Street, Kansas City, KS	US	foley colonial ridge llc	1953 17th street kansas city ks
S1-725006887	Transmedia Liners Private Limited	Shadiabad Road, Nandganj, Saidpur, Ghazipur, Uttar Pradesh	India	transmedia liners private limited	shadiabad road nandganj saidpur ghazipur uttar pradesh
S1-820730560	Dermatology Care of Owings Mills	4700 Coyle Road, Unit CONDO 105, Owings Mills, MD	US	dermatology care of owings mills	4700 coyle road unit condo 105 owings mills md
S1-47803313	Hindustan Malls Pvt Ltd	E-34 Midc Waluj Aurangabad, Aurangabad, Maharashtra	India	hindustan malls pvt ltd	e 34 midc waluj aurangabad aurangabad maharashtra
S1-385569722	Sash Consulting Private Limited	Room No.1, 4Th Floor Plaza Tower (S.B.T Building), Kottakkal, Malappuram, Malapuram, Kerala	India	sash consulting private limited	room no 1 4th floor plaza tower s b t building kottakkal malappuram malapuram kerala
S1-453884385	Milam Harbor Specialty LLC	117 Knollcrest Lane, Chester, NY	US	milam harbor specialty llc	117 knollcrest lane chester ny
S1-650304466	Digital Healthcare	C/O Gajanan Vijay Pagare, Gat No. 116, Plot No. 32, Buldana, Buldhana, Maharashtra	India	digital healthcare	c o gajanan vijay pagare gat no 116 plot no 32 buldana buldhana maharashtra
S1-762839052	First Builders Private Limited	Khatano813/2626 Plotno132, Nuasahi, Siripur Nuasahi, Bhubaneswar, Khordha, Orissa	India	first builders private limited	khatano813 2626 plotno132 nuasahi siripur nuasahi bhubaneswar khordha orissa
S1-550679918	Petunia Traders Pvt. Ltd.	Sector-12, Pratap Vihar, Uttar Pradesh, Ghaziabad, R 141 Vakeel Colony	India	petunia traders pvt ltd	sector 12 pratap vihar uttar pradesh ghaziabad r 141 vakeel colony
S1-659666950	Unique Industries Private Limited	Mumbai City, Mumbai, Maharashtra, 19A/603 Siddhivinayak Soc Tilak Nagar Chembur	India	unique industries private limited	mumbai city mumbai maharashtra 19a 603 siddhivinayak soc tilak nagar chembur
S1-772914073	Tech Infra Private Limited	456/16, Moses Avenue, Ist Main Road Kamaraj Nagar, Thiruvanmiyur, Chennai, Tamil Nadu	India	tech infra private limited	456 16 moses avenue ist main road kamaraj nagar thiruvanmiyur chennai tamil nadu
S1-860482342	Metro Coalition LLC	2911 Katrina Circle, IA, Dubuque	US	metro coalition llc	2911 katrina circle ia dubuque
S1-813052697	Gold Food Private Limited	1002 Avinashi Road, Coimbatore, Tamil Nadu	India	gold food private limited	1002 avinashi road coimbatore tamil nadu
S1-366528589	Medicure Ventures Private Limited	Avanashi Road, Chinniyampalayam, Coimbatore, Tamil Nadu	India	medicure ventures private limited	avanashi road chinniyampalayam coimbatore tamil nadu
S1-720336913	Agence Amicale	71 Rue de l'Alma, Roubaix, Hauts-de-France	France	agence amicale	71 rue de l alma roubaix hauts de france
S1-640880009	Cox Infinite Inc	185 Wellington Drive, Austin, TX	US	cox infinite inc	185 wellington drive austin tx
S1-887500171	Urgent Care Health of Bald Head Island Clinic	8 Partridge Berry Court, NC, Bald Head Island	US	urgent care health of bald head island clinic	8 partridge berry court nc bald head island
S1-971996731	White Finance Private Limited	4669 A1K Neardanishwarman, Dirtalukaofficebehind, Pandharpur, Solapur, Maharashtra	India	white finance private limited	4669 a1k neardanishwarman dirtalukaofficebehind pandharpur solapur maharashtra
S1-104317115	Shree International Private Limited	Dr Lalji Yadava, S 9/16D-2 Hukulganj, Varanasi, Uttar Pradesh	India	shree international private limited	dr lalji yadava s 9 16d 2 hukulganj varanasi uttar pradesh
S1-518257638	Teamsters Local 435 Group	17 City Depot Road, Charlton, MA	US	teamsters local 435 group	17 city depot road charlton ma
S1-884660527	Walker Velos Inc	3761 3630, Annville, KY	US	walker velos inc	3761 3630 annville ky
S1-910004085	Orthopedic Associates	14 Red Berry Lane, Peabody, MA	US	orthopedic associates	14 red berry lane peabody ma
S1-591894902	Denny's Bakery	Frederick, MD, 3875 Braveheart Drive	US	denny s bakery	frederick md 3875 braveheart drive
S1-142638295	Maurice & Fils SARL	9 COUR2 Dupre Saint-Maur - Appt. A105, Bordeaux, Nouvelle-Aquitaine	France	maurice fils sarl	9 cour2 dupre saint maur appt a105 bordeaux nouvelle aquitaine
S1-950720921	Industries Shivam Snacks Private Limited	L - 1579, Sector - I Lda Colony, Lucknow, Uttar Pradesh	India	industries shivam snacks private limited	l 1579 sector i lda colony lucknow uttar pradesh
S1-183285524	Moyna Riley Eqv	177 Fairfield Avenue, Elmhurst, IL	US	moyna riley eqv	177 fairfield avenue elmhurst il
S1-714649207	One Energy Private Limited	Shop At Bisalpur Road 02 Balaji Puram Harunagla Bareilly Up, Bareilly, Uttar Pradesh	India	one energy private limited	shop at bisalpur road 02 balaji puram harunagla bareilly up bareilly uttar pradesh
S1-841168517	OIS Vulcan LLC	1808 Austinwood Pl, Louisville, KY	US	ois vulcan llc	1808 austinwood pl louisville ky
S1-819898451	Clinique de la Team	12 Rue de Vincennes, Bordeaux, Nouvelle-Aquitaine	France	clinique de la team	12 rue de vincennes bordeaux nouvelle aquitaine
S1-949091955	Soto Bay Centurion Inc	1214 3rd Street, Quincy, IL	US	soto bay centurion inc	1214 3rd street quincy il
S1-552966879	Digital Developers Limited	West Bengal, Calcutta, Kol, 134/4 M G Rd	India	digital developers limited	west bengal calcutta kol 134 4 m g rd
S1-220057580	Riya Properties	C/O Tulsi Devi Gupta, Near Darjiyo Ka Temple, Bada Bazar, Newai, Rajasthan	India	riya properties	c o tulsi devi gupta near darjiyo ka temple bada bazar newai rajasthan
S1-64462728	Baid Consultancy Pvt Ltd	6/82-A, Tirur Tiles Llp Pookayil Po, Peruvazhiyambalam, Tirur, Malappuram, Malapuram, Kerala	India	baid consultancy pvt ltd	6 82 a tirur tiles llp pookayil po peruvazhiyambalam tirur malappuram malapuram kerala
S1-807938084	United Constructions LLP	7/2/A, Kali Charan Ghosh Rd, Klolkata, West Bengal	India	united constructions llp	7 2 a kali charan ghosh rd klolkata west bengal
S1-693870315	New Delhi Pharmaceuticals Company	E-4 Model Town-Ii, New Delhi, North Delhi, Delhi	India	new delhi pharmaceuticals company	e 4 model town ii new delhi north delhi delhi
S1-455827432	Ss Finance Private Limited	38/1, Chothe Vasti Rahuri, Rahuri, Ahmed Nagar, Maharashtra	India	ss finance private limited	38 1 chothe vasti rahuri rahuri ahmed nagar maharashtra
S1-527611593	Établissements Demployeurs SARL	234 Rue de la République, Dunkerque, Hauts-de-France	France	établissements demployeurs sarl	234 rue de la république dunkerque hauts de france
S1-727773972	Eastern Networks L.L.C.	Brunswick, 10 Maine Street, ME	US	eastern networks l l c	brunswick 10 maine street me
S1-279446676	Estrada Tech Inc	370 Patterson Hill Road, Unit 04, Blountville, TN	US	estrada tech inc	370 patterson hill road unit 04 blountville tn
S1-918109974	ZQ Guaranty	530 Bridgeway Court, West Point Town, VA	US	zq guaranty	530 bridgeway court west point town va
S1-615018738	Derive Sportive SAS	225 Cours de la Somme, Bordeaux, Nouvelle-Aquitaine	France	derive sportive sas	225 cours de la somme bordeaux nouvelle aquitaine
S1-666592077	Life Impex Private Limited	F No-2092 9Th Floor Beverly Hills Appartment ., Block-5 Geeta Colony, East Delhi, Delhi	India	life impex private limited	f no 2092 9th floor beverly hills appartment block 5 geeta colony east delhi delhi
S1-509532493	3763 Lake Boulevard Company PC	2125 Maue Road, Unit 306, Miamisburg, OH	US	3763 lake boulevard company pc	2125 maue road unit 306 miamisburg oh
S1-992285010	Amundson Fox	5840 Erickson Avenue, Unit #51, Beaverton, OR	US	amundson fox	5840 erickson avenue unit 51 beaverton or
S1-382076507	Lotus Care Private Limited	No.5 Plot No.19 1St Street Mohanapuri Adambakkam, Chennai, Tamil Nadu	India	lotus care private limited	no 5 plot no 19 1st street mohanapuri adambakkam chennai tamil nadu
S1-185535466	Lyra Valley LLC	NY, Unit Apartment C, Nyack, 17 Bridge Street	US	lyra valley llc	ny unit apartment c nyack 17 bridge street
S1-799535694	Premier Management Private Limited	Flat-B, S-2 (Second Floor), Sun Enclave Plot No-2058/3186, Raghunathpur, Bhubaneswar, Khordha, Orissa	India	premier management private limited	flat b s 2 second floor sun enclave plot no 2058 3186 raghunathpur bhubaneswar khordha orissa
S1-598558953	Gordon Bain LLC	7344 1550, West Jordan City, UT	US	gordon bain llc	7344 1550 west jordan city ut
S1-222645796	HQ London Private Limited	Sri Durga Orchids, Block-C, S1 Annai Nagar, Ambattur, Tiruvallur, Tamil Nadu	India	hq london private limited	sri durga orchids block c s1 annai nagar ambattur tiruvallur tamil nadu
S1-192481319	New Delhi India Private Limited	86 A/B F No 17 Tf C18 Apt, Johri Farm Noor Nagar Exn, New Delhi, South Delhi, Delhi	India	new delhi india private limited	86 a b f no 17 tf c18 apt johri farm noor nagar exn new delhi south delhi delhi
S1-413573159	Burrell Management, LLC	736 Florence Street, City Of Fort Atkinson, WI	US	burrell management llc	736 florence street city of fort atkinson wi
S1-782634160	India Rims Investments Pvt Ltd	Maharashtra, Santacruz (West), 502-A, Mumbai, Savoy Chambers, Dattatraya Road, Near Juhu Garden	India	india rims investments pvt ltd	maharashtra santacruz west 502 a mumbai savoy chambers dattatraya road near juhu garden
S1-394334841	Patel and Trexler Inc	8345 79, Buchanan, TN	US	patel and trexler inc	8345 79 buchanan tn
S1-759762834	Royal Services Private Limited	24 Sarathi Sangsad Sarani, Ps Dasnagar, Bally Jagachha, Howrah, West Bengal	India	royal services private limited	24 sarathi sangsad sarani ps dasnagar bally jagachha howrah west bengal
S1-653070765	SPW Research Private Limited	Madurai, 5/9, Madurai, Anjal Nagar 3Rd Cross Street Vilangudi, Tamil Nadu	India	spw research private limited	madurai 5 9 madurai anjal nagar 3rd cross street vilangudi tamil nadu
S1-94096071	Upper Oxford LLC	1434 Apache Drive, Hanover Park, IL	US	upper oxford llc	1434 apache drive hanover park il
S1-682391735	RI Foyer SAS	54 Rue Jules Guesde, Hauts-de-France, Lille	France	ri foyer sas	54 rue jules guesde hauts de france lille
S1-559968662	Bizcon (India) Global LLP	Shop-20, Shyam Ambica, Opp. Zen School, Anand, Gujarat	India	bizcon india global llp	shop 20 shyam ambica opp zen school anand gujarat
S1-964877324	Nira Industries Group Ltd	New Delhi, Naiwala, Karol Bagh, A J Chambers- 4Th Floor Room No 407 953-956 Street No 4, Delhi, Central Delhi	India	nira industries group ltd	new delhi naiwala karol bagh a j chambers 4th floor room no 407 953 956 street no 4 delhi central delhi
S1-883416047	South It Private Limited	49 Damodar Colony Ram Mohalla, Jodhpur, Rajasthan	India	south it private limited	49 damodar colony ram mohalla jodhpur rajasthan
S1-182458975	Clear Rothschild	8184 Talbot Way, Citrus Heights, CA	US	clear rothschild	8184 talbot way citrus heights ca
S1-339269492	Upper Bright Restaurant Inc.	1602 Lincoln-wood Place, Peoria, IL	US	upper bright restaurant inc	1602 lincoln wood place peoria il
S1-621676240	Militello & Reyes LLC	3541 Spring Road, Middlesex Township, PA	US	militello reyes llc	3541 spring road middlesex township pa
S1-103138354	Modern Technical Concepts Inc.	1716 Roosevelt Street, Tempe, AZ	US	modern technical concepts inc	1716 roosevelt street tempe az
S1-279963953	Neor Unified Financial, LLC	450 Beaverdam Lake Drive, Fuquay-varina, NC	US	neor unified financial llc	450 beaverdam lake drive fuquay varina nc
S1-317707487	Bartell Better Engineering LLC	10601 Watford Lane, Spotsylvania County, VA	US	bartell better engineering llc	10601 watford lane spotsylvania county va
S1-391244573	Royal Constructions Private Limited	House Number B 305, Gali Number 13 Mahalaxminagar, Karawal Nagar, Delhi, East Delhi, Delhi	India	royal constructions private limited	house number b 305 gali number 13 mahalaxminagar karawal nagar delhi east delhi delhi
S1-603458137	Commission on Buildings	4359 Donnegan Cove, Memphis, TN	US	commission on buildings	4359 donnegan cove memphis tn
S1-429550703	TMZ Creative Pharmaceutical	22997 Bland Circle, West Linn, OR	US	tmz creative pharmaceutical	22997 bland circle west linn or
S1-302219416	Dynamic Software Private Limited	112/D Picnic Garden Road, Kolkata, Howrah, West Bengal	India	dynamic software private limited	112 d picnic garden road kolkata howrah west bengal
S1-693956169	École primaire de la Sainte	841 Avenue de Dunkerque, Lille, Hauts-de-France	France	école primaire de la sainte	841 avenue de dunkerque lille hauts de france
S1-837916944	Natation Ecole	24 Allée de la Réjannerie, Saint-Nazaire, Pays de la Loire	France	natation ecole	24 allée de la réjannerie saint nazaire pays de la loire
S1-336786786	Heritage Ministries	5735 Auburn Avenue, Saint Paul, MN	US	heritage ministries	5735 auburn avenue saint paul mn
S1-800911534	A Diamond Water, Inc	7661 Union Park Avenue, Unit 400, Sandy City, UT	US	a diamond water inc	7661 union park avenue unit 400 sandy city ut
S1-181883447	Chennai Nine LLP	Sri Ganesh Apartments Abiramapuram Third Street, Mylapore, New No.3, Chennai, Tamil Nadu	India	chennai nine llp	sri ganesh apartments abiramapuram third street mylapore new no 3 chennai tamil nadu
S1-1433093	Shiva Products Private Limited	A-116, First Floor, Harihar Chamber, Boring Road, P.O.-G.P.O, P.S.-Budha Colony, Thana Patna, Bihar	India	shiva products private limited	a 116 first floor harihar chamber boring road p o g p o p s budha colony thana patna bihar
S1-733472967	Hitech Healthcare Pvt Ltd	12/316, B Wing, Golden Peak Chsl, Dr Ambedkar Road, Khar West, Mumbai, Maharashtra	India	hitech healthcare pvt ltd	12 316 b wing golden peak chsl dr ambedkar road khar west mumbai maharashtra
S1-89100953	Vision Best Care Inc.	906 Darnell Avenue, Fort Worth, TX	US	vision best care inc	906 darnell avenue fort worth tx
S1-848293840	Heartland Direct LLC	84-08 246 Street, Bellerose, NY	US	heartland direct llc	84 08 246 street bellerose ny
S1-17003766	Saint-Nazaire Sante	9 Rue Philibert Delorme, Saint-Nazaire, Pays de la Loire	France	saint nazaire sante	9 rue philibert delorme saint nazaire pays de la loire
S1-915512126	Bright Digital Innovations Inc.	29452 Fm 2978, Magnolia, TX	US	bright digital innovations inc	29452 fm 2978 magnolia tx
S1-901504091	Fields and Georgiadis Tidewater LLC	752 Troy Avenue, MO, Springfield	US	fields and georgiadis tidewater llc	752 troy avenue mo springfield
S1-724741475	Collins Tri-State Santander Inc	922 Nachand Lane, Jeffersonville, IN	US	collins tri state santander inc	922 nachand lane jeffersonville in
S1-851421910	Tejin Water	Maharashtra, Thane, C 303, Thane, Shanikripa Complex Kolegaon Kalyan, Kalyan Dombivali M Corp	India	tejin water	maharashtra thane c 303 thane shanikripa complex kolegaon kalyan kalyan dombivali m corp
S1-430298053	Ear Nose & Throat Associates of Monson	48 T Fenton Road, Monson, MA	US	ear nose throat associates of monson	48 t fenton road monson ma
S1-307277652	Best Biomedical Industries	29318 18th Avenue, Federal Way, WA	US	best biomedical industries	29318 18th avenue federal way wa
S1-503010787	Unique Logistics Pvt Ltd	Plot No.28, New Industrial, Mandeep, Raisen, Madhya Pradesh	India	unique logistics pvt ltd	plot no 28 new industrial mandeep raisen madhya pradesh
S1-520627257	Peterson and Murphy	247 Country Club Drive, Franconia Township, PA	US	peterson and murphy	247 country club drive franconia township pa
S1-667272642	La Baule-Escoublac Societe SA	9 Avenue du Pardon, La Baule-Escoublac, Pays de la Loire	France	la baule escoublac societe sa	9 avenue du pardon la baule escoublac pays de la loire
S1-827961773	The Ecole SARL	7 ter Rue des Anciennes Ecoles, Pessac, Nouvelle-Aquitaine	France	the ecole sarl	7 ter rue des anciennes ecoles pessac nouvelle aquitaine
S1-255349799	Devine (India) Nidhi Pvt. Ltd.	Saradhapur, Khorda, Khurda, Khordha, Orissa	India	devine india nidhi pvt ltd	saradhapur khorda khurda khordha orissa
S1-418524279	Autrement Ecole SARL	2 RUE Capitaine Kleber Dupuy, Rs le Pauillac Apt 46, Bordeaux, Nouvelle-Aquitaine	France	autrement ecole sarl	2 rue capitaine kleber dupuy rs le pauillac apt 46 bordeaux nouvelle aquitaine
S1-661144640	Green Investments Private Limited	S-6 Ravindra Palli Faizabad Road, Lucknow, Uttar Pradesh	India	green investments private limited	s 6 ravindra palli faizabad road lucknow uttar pradesh
S1-892745196	Watkins, Halimeda T., P.A.	736 3355, Fl 0, Paradise, TX	US	watkins halimeda t p a	736 3355 fl 0 paradise tx
S1-751409146	Laurianne Reader Fresh Plumbing LLC	16801 Elm Drive, Alexander, AR	US	laurianne reader fresh plumbing llc	16801 elm drive alexander ar
S1-13506955	JX Merchandise Private Limited	Karnataka, Bangalore, Rajashree, #631, 3Rd A Main, Sector-A, Yelahanka New Town, Bangalore	India	jx merchandise private limited	karnataka bangalore rajashree 631 3rd a main sector a yelahanka new town bangalore
S1-262020943	Services Amg Labs Center	Survey No Na1715, Lavarpur-Dabhoda Road, Near Lavarpur Over Bridge, Dabhoda, Gandhinagar, Gandhi Nagar, Gujarat	India	services amg labs center	survey no na1715 lavarpur dabhoda road near lavarpur over bridge dabhoda gandhinagar gandhi nagar gujarat
S1-746909581	Bharat Software	Howrah, Nh-6, Bombay Road, West Bengal, Howrah, Ganesh Complex	India	bharat software	howrah nh 6 bombay road west bengal howrah ganesh complex
S1-481776787	Cornerstone Piedmont Shore LLC	361 Lone Mountain Trail, Cleveland, NC	US	cornerstone piedmont shore llc	361 lone mountain trail cleveland nc
S1-870654726	Sweet Pub	4513 Warners Bay Road, Ellery, NY	US	sweet pub	4513 warners bay road ellery ny
S1-459183905	Family Allied Clinic LLC	307 Kaibab Lane, Lake Havasu City, AZ	US	family allied clinic llc	307 kaibab lane lake havasu city az
S1-782456413	Smart Consulting Pvt Ltd	Namdev Math Road, Malhujaripura, Wardha, Maharashtra	India	smart consulting pvt ltd	namdev math road malhujaripura wardha maharashtra
S1-687813152	IIP Good	15681 Hayden Road, Unit STE 112, Scottsdale, AZ	US	iip good	15681 hayden road unit ste 112 scottsdale az
S1-528962373	Alfreda Guillory Apex Fargo	1312 Palace Avenue, Saint Paul, MN	US	alfreda guillory apex fargo	1312 palace avenue saint paul mn
S1-133484055	Rainbow Paper Private Limited	# 08 & 20 Mena-Kanpala Arcade Unit 7B, 7Th Floor A Block, Sir. Thiyagaraya Road, T.Nagar, Chennai, Tamil Nadu	India	rainbow paper private limited	08 20 mena kanpala arcade unit 7b 7th floor a block sir thiyagaraya road t nagar chennai tamil nadu
S1-784673398	Flash Section SARL	Pays de la Loire, 8 Chemin du Mistigri, Pornic	France	flash section sarl	pays de la loire 8 chemin du mistigri pornic
S1-162954117	Speedy & Sons Private Limited	24, Citizen Chs, Plot No 601, C S R Mahada Complex Next To Atharva College, Kandivali - Wes, T, Mumbai, Maharashtra	India	speedy sons private limited	24 citizen chs plot no 601 c s r mahada complex next to atharva college kandivali wes t mumbai maharashtra
S1-547053441	13/75 Furniture	602 Burdeshaw Street, Dothan, AL	US	13 75 furniture	602 burdeshaw street dothan al
S1-302536542	Blue Financial Limited	30 Purandare Sadandr Ambedkar Road Parel, Mumbai, Maharashtra	India	blue financial limited	30 purandare sadandr ambedkar road parel mumbai maharashtra
S1-457601305	Durai (India) Industries LLP	#55, Slv Heights, Panduranga Nagar, Bannerghatta Road, Bangalore, Karnataka, Bangalore South, Bangalore, Karnataka	India	durai india industries llp	55 slv heights panduranga nagar bannerghatta road bangalore karnataka bangalore south bangalore karnataka
S1-488635826	NS Freight LLC	201 Colorado Street, Casa Grande, AZ	US	ns freight llc	201 colorado street casa grande az
S1-349698918	G 6 E Blue Inc	1018 Orenco Station Parkway, Unit #443, Hillsboro, OR	US	g 6 e blue inc	1018 orenco station parkway unit 443 hillsboro or
S1-72706873	Superior Energy Enterprises Care	16922 Warm Glow Court, Hockley, TX	US	superior energy enterprises care	16922 warm glow court hockley tx
S1-78029452	Shyamkamal-Atejpal Road Vile Parle(E) Learning Private Limited	105, West Wing, Shyamkamal-Atejpal Road Vile Parle(E), Mumbai, Maharashtra	India	shyamkamal atejpal road vile parle e learning private limited	105 west wing shyamkamal atejpal road vile parle e mumbai maharashtra
S1-717385838	J W & Y Dental LLC	OH, Celina, 1002 Kensington Lane	US	j w y dental llc	oh celina 1002 kensington lane
S1-11379912	Bennett, Nikoletta A., DPM	2177 Thousand Oaks Boulevard, Unit 241, Thousand Oaks, CA	US	bennett nikoletta a dpm	2177 thousand oaks boulevard unit 241 thousand oaks ca
S1-655700316	Bell Robinhood LLC	305 College Street, Medina, ND	US	bell robinhood llc	305 college street medina nd
S1-484349079	Gtech Partnership Ltd	Door No. 6-8-67, Vizianagaram, Mg Road, Andhra Pradesh	India	gtech partnership ltd	door no 6 8 67 vizianagaram mg road andhra pradesh
S1-595486290	Pune Chits Ltd	Flat No G 11 Forest County Sr No 40 41 & 59 Opp Eon It Park, Pune, Maharashtra	India	pune chits ltd	flat no g 11 forest county sr no 40 41 59 opp eon it park pune maharashtra
S1-889012090	Deuxieme Groupe	36 Rue Armand Gayral, Mérignac, Nouvelle-Aquitaine	France	deuxieme groupe	36 rue armand gayral mérignac nouvelle aquitaine
S1-748500004	Graham and Riddick Nova, LLC	71 Lantern Hill, Newington, CT	US	graham and riddick nova llc	71 lantern hill newington ct
S1-587404171	Ak Park LLP	A-415, Defence Colony, Delhi	India	ak park llp	a 415 defence colony delhi
S1-986604838	Purv Finance Pvt. Ltd.	Subhasnagar Co Op Ho Soc. Plot No-37, Opp Aashram School, Nr. Bhagavati Mandap Service, Ha, Righava Rd, Rajkot, Gujarat	India	purv finance pvt ltd	subhasnagar co op ho soc plot no 37 opp aashram school nr bhagavati mandap service ha righava rd rajkot gujarat
S1-766408899	Foundation Vedica Brokers Pvt Ltd	C-146, New Delhi, 2Nd Floor Okhla Industrial Area Phase-I, South Delhi, Delhi	India	foundation vedica brokers pvt ltd	c 146 new delhi 2nd floor okhla industrial area phase i south delhi delhi
S1-507163415	Blue Center L.L.C.	1449 3636, Jefferson, TX	US	blue center l l c	1449 3636 jefferson tx
S1-873761236	Womens Health Care of Atlanta	3468 Glenview Circle, Atlanta, GA	US	womens health care of atlanta	3468 glenview circle atlanta ga
S1-655802552	Odyssee Foyer	17 Cours des Aubiers, Bordeaux, Nouvelle-Aquitaine	France	odyssee foyer	17 cours des aubiers bordeaux nouvelle aquitaine
S1-327983313	Shiva Food LLP	1St Floor, B-6, Somila Tower, Azad Nagar Chouraha Pur Road, Bhilwara, Rajasthan	India	shiva food llp	1st floor b 6 somila tower azad nagar chouraha pur road bhilwara rajasthan
S1-77383698	Tri-State Alliance	1212 Morven Place, Durham, NC	US	tri state alliance	1212 morven place durham nc
S1-273531258	Shyam Investments Private Limited	Plot No-15 Unit-6, Ganga Nagar Near Bank Of India, Bhubaneswar, Khordha, Orissa	India	shyam investments private limited	plot no 15 unit 6 ganga nagar near bank of india bhubaneswar khordha orissa
S1-772535560	GD Tradelink Limited	A-80, Jaipur, Rajasthan, Jaipur, Monika Vihar Ii, Mangyawas, Mansarovar	India	gd tradelink limited	a 80 jaipur rajasthan jaipur monika vihar ii mangyawas mansarovar
S1-598136304	Ss Technologies	111, Bajaj Bhavan, Nariman Point, Mumbai, Maharashtra	India	ss technologies	111 bajaj bhavan nariman point mumbai maharashtra
S1-789788578	Lynx	6136 48, Worthington, IN	US	lynx	6136 48 worthington in
S1-346777444	Aurora Environmental Services LLC	1335 River Drive, IN, Munster	US	aurora environmental services llc	1335 river drive in munster
S1-544222533	Thane Sun Private Limited	12A/A, Maharashtra, Thane, Ek Siddhi Chs, Behin, Pratap Theatre, Kolbad Rd	India	thane sun private limited	12a a maharashtra thane ek siddhi chs behin pratap theatre kolbad rd
S1-493959729	Mumbai Finvest Private Limited	12A06, 13Th Floor, A (Wing), Palm Spring Complex, Malad Link Road, Malad (West), Mumbai, Mumbai City, Maharashtra	India	mumbai finvest private limited	12a06 13th floor a wing palm spring complex malad link road malad west mumbai mumbai city maharashtra
S1-430462466	Mountain Council II	OH, 1716 Meadow Drive, Hinckley Township	US	mountain council ii	oh 1716 meadow drive hinckley township
S1-792204527	North Exports Private Limited	Office No. 17-18, Msr Square Behind Chinchwad Railway Station, Chinchwad, Pune, Maharashtra	India	north exports private limited	office no 17 18 msr square behind chinchwad railway station chinchwad pune maharashtra
S1-788563249	Football Agricole	Nouvelle-Aquitaine, Bordeaux, 130 Rue des Terres de Borde	France	football agricole	nouvelle aquitaine bordeaux 130 rue des terres de borde
S1-198662647	Rna Express (India) of New Delhi	Wz-26, Third Floor Nangli Galib, Janak Puri, New Delhi, West Delhi, Delhi	India	rna express india of new delhi	wz 26 third floor nangli galib janak puri new delhi west delhi delhi
S1-431137009	American Home Care Center	4403 102nd Avenue, Edgewood, WA	US	american home care center	4403 102nd avenue edgewood wa
S1-22335277	David Petroleum Private Limited	Sf 184/2B1, Site 2 Akaththisayaa Industrial Estate Pappampatti Village, Sulur Taluk, Coimbatore, Tamil Nadu	India	david petroleum private limited	sf 184 2b1 site 2 akaththisayaa industrial estate pappampatti village sulur taluk coimbatore tamil nadu
S1-291584542	International Engineering Private Limited	A1-1404, Supertech Livingston, Ghaziabad, Uttar Pradesh, Ghaziabad	India	international engineering private limited	a1 1404 supertech livingston ghaziabad uttar pradesh ghaziabad
S1-556611862	Seven Solutions LLP	108, S K C Road, Erode, Tamil Nadu	India	seven solutions llp	108 s k c road erode tamil nadu
S1-32767080	Bagwe Grc Limited	Hanuman Nagar New Punaichak, Rajbanshi Nagar, Patna, Bihar	India	bagwe grc limited	hanuman nagar new punaichak rajbanshi nagar patna bihar
S1-242691036	Finex & Brothers Pvt. Ltd.	1-Abnandan Industrial Estate Mumbai Agra Road, Thane, Maharashtra	India	finex brothers pvt ltd	1 abnandan industrial estate mumbai agra road thane maharashtra
S1-770890247	Urban Ventures Private Limited	623 (A) Padgha Village, Nashik Rd Thane Bhiwandi, Bhiwandi, Thane, Maharashtra	India	urban ventures private limited	623 a padgha village nashik rd thane bhiwandi bhiwandi thane maharashtra
S1-276402071	Solidarite Culturelle (France) SASU	5 Rue Lamartine, Lille, Hauts-de-France	France	solidarite culturelle france sasu	5 rue lamartine lille hauts de france
S1-936869465	Voyage College SARL	51 Rue Croix de Seguey, Bordeaux, Nouvelle-Aquitaine	France	voyage college sarl	51 rue croix de seguey bordeaux nouvelle aquitaine
S1-201994316	Apex Spdr LLC	21526 Lake Saint Clair Drive, IL, Crest Hill	US	apex spdr llc	21526 lake saint clair drive il crest hill
S1-905520099	Big Tattoo	4806 Peak Road, Granbury, TX	US	big tattoo	4806 peak road granbury tx
S1-766655509	Jakson Infrastructure Private Limited	F-102, Ff B-1026 Palam Extn. Sector 7, New Delhi, South West Delhi, Delhi	India	jakson infrastructure private limited	f 102 ff b 1026 palam extn sector 7 new delhi south west delhi delhi
S1-415414688	Seven Tech Private Limited	Plot No.-9, Takrohi Market Near Manav Shanti School, Takrohi, Indira Nagar, Lucknow, Uttar Pradesh	India	seven tech private limited	plot no 9 takrohi market near manav shanti school takrohi indira nagar lucknow uttar pradesh
S1-133928599	Ets Son SARL	53 Route du Château de Beauregard, Saint-Nazaire, Pays de la Loire	France	ets son sarl	53 route du château de beauregard saint nazaire pays de la loire
S1-871112769	École primaire du Hj	36 Rue des Trois Rois, Nantes, Pays de la Loire	France	école primaire du hj	36 rue des trois rois nantes pays de la loire
S1-948985690	Thyssenkrupp Earthcon Pvt. Ltd.	1, Floor-Grd, Upendra Nagar, Senapati Bapat Marg Below Dadar Railway Foot Brdg, Dadar West Mumbai, Mumbai City, Maharashtra	India	thyssenkrupp earthcon pvt ltd	1 floor grd upendra nagar senapati bapat marg below dadar railway foot brdg dadar west mumbai mumbai city maharashtra
S1-653149647	Bluebird Industry Private Limited	Baghpat, Uttar Pradesh, H.No 68 New Colony Meerut Road Pole 24 Dt 8, Baghpat	India	bluebird industry private limited	baghpat uttar pradesh h no 68 new colony meerut road pole 24 dt 8 baghpat
S1-657251225	Kst Memorial Trust	C/O Hiraman Ramsingh Jadhav, Ajmer Saundane Dist Nasik Ajmer Saundane, Nasik, Nashik, Maharashtra	India	kst memorial trust	c o hiraman ramsingh jadhav ajmer saundane dist nasik ajmer saundane nasik nashik maharashtra
S1-244474490	Kaam Services Private Limited	1, Aranmanai Thottam, Sankaralinganar Road, Maniakaranpalayam, Coimbatore North, Coimbatore, Tamil Nadu	India	kaam services private limited	1 aranmanai thottam sankaralinganar road maniakaranpalayam coimbatore north coimbatore tamil nadu
S1-857992844	Inspecteurs & Cie	Hauts-de-France, Lille, 33 Rue de Thumesnil	France	inspecteurs cie	hauts de france lille 33 rue de thumesnil
S1-197043206	Collioure Compagnie SAS	59 Rue Anatole de la Forge, Lille, Hauts-de-France	France	collioure compagnie sas	59 rue anatole de la forge lille hauts de france
S1-269094403	Chesapeake City Industrial	VA, Chesapeake City, 1049 Sharon Drive	US	chesapeake city industrial	va chesapeake city 1049 sharon drive
S1-355078971	Shivai (India) Retail Ltd	6 Flr Office B-603 Itc, Wing-B Majura Gate Ringrd, Surat City, Surat, Gujarat	India	shivai india retail ltd	6 flr office b 603 itc wing b majura gate ringrd surat city surat gujarat
S1-51627651	Alis's Cleaning	522 Juneway Drive, Bay Village, OH	US	alis s cleaning	522 juneway drive bay village oh
S1-288364156	Uttaranchal Solutions Private Limited	Shiva Palace57/19 Rajpur Road Dehradun, Uttaranchal, Dehradun, Uttar Pradesh	India	uttaranchal solutions private limited	shiva palace57 19 rajpur road dehradun uttaranchal dehradun uttar pradesh
S1-500222888	Growell Home Care	Ram Ganj Near Dr. Bamba Wale, Abdullaganj, Shahjahanpur, Uttar Pradesh	India	growell home care	ram ganj near dr bamba wale abdullaganj shahjahanpur uttar pradesh
S1-247274429	High Construction Private Limited	No 11, 1St Main, Road, Kp Agrahara Kadapa Swamy Mata Bhuvaneshwari Nagar, Bangalore, Karnataka	India	high construction private limited	no 11 1st main road kp agrahara kadapa swamy mata bhuvaneshwari nagar bangalore karnataka
S1-260204874	Capital Clean Array LLC	5275 27, KY, Stanford	US	capital clean array llc	5275 27 ky stanford
S1-511066423	Best Global Private Limited	208 2Nd Floor Anandlok Building 227 A J C Bose, Howrah, West Bengal, Kolkata	India	best global private limited	208 2nd floor anandlok building 227 a j c bose howrah west bengal kolkata
S1-605505884	Deoria Clean LLP	Ram Rarain Prasad Bhu Jauli East Coloni Deoria, Deoria, Uttar Pradesh	India	deoria clean llp	ram rarain prasad bhu jauli east coloni deoria deoria uttar pradesh
S1-882791035	Prime Infrastructure Associates Care	4432 Osage Avenue, Norridge, IL	US	prime infrastructure associates care	4432 osage avenue norridge il
S1-868105169	Collège Saint Jean	123 COUR2 de lYser, Bordeaux, Nouvelle-Aquitaine	France	collège saint jean	123 cour2 de lyser bordeaux nouvelle aquitaine
S1-764707596	Nivue LLC	1245 Grove Street, Pottstown Borough, PA	US	nivue llc	1245 grove street pottstown borough pa
S1-962993818	Ciron (France) Club	3 RUE Damremont, Nantes, Pays de la Loire	France	ciron france club	3 rue damremont nantes pays de la loire
S1-608940471	Libres Boulangerie EI	41 Rue du Long Pot, Lille, Hauts-de-France	France	libres boulangerie ei	41 rue du long pot lille hauts de france
S1-346760887	Apex Indiaprivate Private Limited	Shop No. 306 (Office), Plot No. 203/204, Ttc, M.I.D.C. Rabale, Navi Mumbai, Thane, Raigarh, Maharashtra	India	apex indiaprivate private limited	shop no 306 office plot no 203 204 ttc m i d c rabale navi mumbai thane raigarh maharashtra
S1-597621907	Shiv Developers Private Limited	No 7/887, Palackaparambilhouse, Green Valley, Pulpalli, Wayanad, Sulthan Bathery, Kerala, India, Sulthanbathery, Wayanad, Kerala	India	shiv developers private limited	no 7 887 palackaparambilhouse green valley pulpalli wayanad sulthan bathery kerala india sulthanbathery wayanad kerala
S1-36048451	United Food Private Limited	Plot No. K/21, G.O. Co-Op Society, Bharat Nagar, Nagpur, Maharashtra	India	united food private limited	plot no k 21 g o co op society bharat nagar nagpur maharashtra
S1-98985291	One Builders Private Limited	A-306 New Vinay C.H.S.L. Manpada Road Opp Mumbai University Sunder Nagar Kalina Santacruz, East, Mumbai, Mumbai City, Maharashtra	India	one builders private limited	a 306 new vinay c h s l manpada road opp mumbai university sunder nagar kalina santacruz east mumbai mumbai city maharashtra
S1-368908513	Corner Bistro	5245 Emerson Village Drive, Unit APT 108, IN, Indianapolis	US	corner bistro	5245 emerson village drive unit apt 108 in indianapolis
S1-504750404	My Consultants Limited	#1595, 17Th A Main Road, H B R Layout, 1St Stage, 5Th Block, Bangalore North, Bangalore, Karnataka	India	my consultants limited	1595 17th a main road h b r layout 1st stage 5th block bangalore north bangalore karnataka
S1-687138169	Hanks Pioneer Pinnacle Inc	4836 Crestridge Road, Toledo, OH	US	hanks pioneer pinnacle inc	4836 crestridge road toledo oh
S1-576111952	Emkay Trading Private Limited	House No. 44A/ 60/ 213/ 01 Nawab Yusuf Road, Prayagraj, Allahabad, Uttar Pradesh	India	emkay trading private limited	house no 44a 60 213 01 nawab yusuf road prayagraj allahabad uttar pradesh
S1-907329636	Saint-Herblain Parents SAS	6 Rue de la Johardière, Saint-Herblain, Pays de la Loire	France	saint herblain parents sas	6 rue de la johardière saint herblain pays de la loire
S1-220372723	Compton, Craig and Ardoin Marine Partners	7409 44th Avenue, Spokane, WA	US	compton craig and ardoin marine partners	7409 44th avenue spokane wa
S1-591377734	Little Bike Shop Inc	WA, Port Orchard, 4771 Rutherford Circle	US	little bike shop inc	wa port orchard 4771 rutherford circle
S1-915233460	BWB Agro Private Limited	63, Shrivihar, Durgapura, Behind Hotel Clarks Amer, Jaipur, Rajasthan	India	bwb agro private limited	63 shrivihar durgapura behind hotel clarks amer jaipur rajasthan
S1-808794467	Almquist and Todd LLC	6176 800, Falmouth, IN	US	almquist and todd llc	6176 800 falmouth in
S1-119248132	Globe & Co Associates	Ca-191 Salt Lake Calcutta, Sakltlake, North 24 Parganas, West Bengal	India	globe co associates	ca 191 salt lake calcutta sakltlake north 24 parganas west bengal
S1-710758303	Bennett & Chu	657 Jenny Wren Drive, Martinsburg, WV	US	bennett chu	657 jenny wren drive martinsburg wv
S1-105001584	Margi L. Hein, CPA	34 Miller Road, Danby, NY	US	margi l hein cpa	34 miller road danby ny
S1-382212549	DVF Autotech Private Limited	F.No 1330, D.No 2-63/468, 12F, Mk Gold Cost Apart., Visakhapatnam (Rural), Visakhapatnam, Vishakhapatnam, Andhra Pradesh	India	dvf autotech private limited	f no 1330 d no 2 63 468 12f mk gold cost apart visakhapatnam rural visakhapatnam vishakhapatnam andhra pradesh
S1-35578091	Laxmi Builders Private Limited	Janki Nagar, Hanuman Nagar Kankarbagh, Patna, Bihar	India	laxmi builders private limited	janki nagar hanuman nagar kankarbagh patna bihar
S1-34932143	Perfect Consulting Private Limited	East Tipusulthan Road, Kerala, Thrissur, Kodungallur, Viii/30	India	perfect consulting private limited	east tipusulthan road kerala thrissur kodungallur viii 30
S1-545791724	Deleves Maison (France)	20 Avenue Jean Jaurès, Roubaix, Hauts-de-France	France	deleves maison france	20 avenue jean jaurès roubaix hauts de france
S1-869422569	Lynn Needham, P.A.	2734 43rd Street, Redmond, OR	US	lynn needham p a	2734 43rd street redmond or
S1-844617434	Pacific Cannabis LLC	26 Bradley Drive, Wilmington, DE	US	pacific cannabis llc	26 bradley drive wilmington de
S1-488174268	Maid Yoga!	11179 Avery Row, Fishers, IN	US	maid yoga	11179 avery row fishers in
S1-963501196	Gee Services	Plot No. 1056, 1St Cross Of 7Th Main, Hal 2 Stage, Indiranagar, Bangalore North, Bangalore, Karnataka	India	gee services	plot no 1056 1st cross of 7th main hal 2 stage indiranagar bangalore north bangalore karnataka
S1-531518308	Odele Hairston Coastal Montreal Corp	TX, Austin, 1013 Juniper Street	US	odele hairston coastal montreal corp	tx austin 1013 juniper street
S1-288588262	Liberty Liberty Orange Partners	144 Rimrock Drive, Unit X1, Spokane, WA	US	liberty liberty orange partners	144 rimrock drive unit x1 spokane wa
S1-94665545	Silver Management Pvt Ltd	249/A Khasra No 1600 Floor 1St Block-Wz Inderpuri New Delhi, New Delhi, Central Delhi, Delhi	India	silver management pvt ltd	249 a khasra no 1600 floor 1st block wz inderpuri new delhi new delhi central delhi delhi
S1-460829054	Aryaman Developer Private Limited	85/87, Old Hanuman Lane, Zaveri Bhuwan, 3Rd Floor, R.No-16, Kalbadevi Road, Mumbai, Maharashtra	India	aryaman developer private limited	85 87 old hanuman lane zaveri bhuwan 3rd floor r no 16 kalbadevi road mumbai maharashtra
S1-817207769	Enterprises Spring Entertainment Pvt. Ltd.	Unit No.1 & 2, Maharashtra, Thane, Building No. C3, Shree Balaji Complex, Vehele, Taluka Bh, Ivandi	India	enterprises spring entertainment pvt ltd	unit no 1 2 maharashtra thane building no c3 shree balaji complex vehele taluka bh ivandi
S1-923121813	Deleves Maison SAS	33 Rue de Béthune, Lille, Hauts-de-France	France	deleves maison sas	33 rue de béthune lille hauts de france
S1-937797030	Urology Care Inc	412 Ward Street, Italy, TX	US	urology care inc	412 ward street italy tx
S1-305324409	Vision Piedmont Group	7808 York Street, Humble, TX	US	vision piedmont group	7808 york street humble tx
S1-927419156	Harbor Institute of Technology	43 Wood Chase Lane, North Branford, CT	US	harbor institute of technology	43 wood chase lane north branford ct
S1-261393939	Bd Electronics Private Limited	Tirupur, Kovil Vazhi, Dharapuram Road, Coimbatore, S.F.No. 355/B1A, Tamil Nadu	India	bd electronics private limited	tirupur kovil vazhi dharapuram road coimbatore s f no 355 b1a tamil nadu
S1-158003567	Trusted Textile Group	Lyndon, 420 6th Street, KS	US	trusted textile group	lyndon 420 6th street ks
S1-772204055	Mosley American Credit Inc	Valdese, NC, 4123 Stonecreek Drive	US	mosley american credit inc	valdese nc 4123 stonecreek drive
S1-901881022	Tennis Ecole	92 Rue du Capitaine Félix Jacquemet, Pessac, Nouvelle-Aquitaine	France	tennis ecole	92 rue du capitaine félix jacquemet pessac nouvelle aquitaine
S1-958709603	Town Of Jackson Advanced Health	1335 Sandy Lane, Town Of Jackson, WI	US	town of jackson advanced health	1335 sandy lane town of jackson wi
S1-864062904	Lotus Technologies Private Limited	278, Sector-56 -56A, Ballabhgarh, Faridabad, Haryana	India	lotus technologies private limited	278 sector 56 56a ballabhgarh faridabad haryana
S1-389115869	Aura & Associates	B-66 Naraina Industrial Areaphase Ii, New Delhi, West Delhi, Delhi	India	aura associates	b 66 naraina industrial areaphase ii new delhi west delhi delhi
S1-32131273	Advanced Precision State LLC	10112 Rosehill Avenue, Cleveland, OH	US	advanced precision state llc	10112 rosehill avenue cleveland oh
S1-485290093	PD Enterprises Corporation	195/G, Vishal Sapphire, Hbr Layout, 5Th Block, Bangalore North, Bangalore, Karnataka	India	pd enterprises corporation	195 g vishal sapphire hbr layout 5th block bangalore north bangalore karnataka
S1-449015682	Goldfish Agri (India) Private Limited	Tiir Building National Institute Of Technology, Rourkela, Sundargarh, Orissa	India	goldfish agri india private limited	tiir building national institute of technology rourkela sundargarh orissa
S1-273693856	Ferron Enterprise	803 Division Street, Unit 1315, Nashville, TN	US	ferron enterprise	803 division street unit 1315 nashville tn
S1-216847975	Custom Wholesale Services	21W 581 North Avenue, Unit 33, Lombard, IL	US	custom wholesale services	21w 581 north avenue unit 33 lombard il
S1-942180728	Armendariz Animal Hospital LP	6900 -7300 Antioch Road, St. George City, LA	US	armendariz animal hospital lp	6900 7300 antioch road st george city la
S1-704576365	Nance Murdock Launchpad, LLC	AZ, 808 Canto, Green Valley	US	nance murdock launchpad llc	az 808 canto green valley
S1-706359294	Burke Guardian	1527 Alabama Street, Houston, TX	US	burke guardian	1527 alabama street houston tx
S1-688852755	Pr (India) Planner Private Limited	A-101, Shree Rameshwar Tower, Shimpoli Road Borivali West, Mumbai, Mumbai City, Maharashtra	India	pr india planner private limited	a 101 shree rameshwar tower shimpoli road borivali west mumbai mumbai city maharashtra
S1-501963178	City Global Private Limited	C/O Madhu Maurya Lakhanpur, Bhullanpur, Varanasi, Uttar Pradesh	India	city global private limited	c o madhu maurya lakhanpur bhullanpur varanasi uttar pradesh
S1-428039663	Khatri Indigo	3071 Shore Drive, Hempstead, NY	US	khatri indigo	3071 shore drive hempstead ny
S1-394925431	Deitz, Essie, Esq.	1131 Eloise Road W, Greenback, TN	US	deitz essie esq	1131 eloise road w greenback tn
S1-29387523	Heartland Animal Hospital	113 Pilots Ridge Drive, Bessemer City, NC	US	heartland animal hospital	113 pilots ridge drive bessemer city nc
S1-960221997	GB Amis SARL	53 Rue de Paris, Mérignac, Nouvelle-Aquitaine	France	gb amis sarl	53 rue de paris mérignac nouvelle aquitaine
S1-369896511	Burton Vision Inc	593 Green House Road, Lee County, VA	US	burton vision inc	593 green house road lee county va
S1-973133967	G+ Talon Inc	10847 Olive Avenue, Unit 2067, Peoria, AZ	US	g talon inc	10847 olive avenue unit 2067 peoria az
S1-957109842	Lument Rail	1579 7th Street, Monticello, MN	US	lument rail	1579 7th street monticello mn
S1-718126154	Split Buildcon Private Limited	S.F.No 171/8.B Velpucherla, Peddadudyala, Muddanur, Cuddapah, Andhra Pradesh	India	split buildcon private limited	s f no 171 8 b velpucherla peddadudyala muddanur cuddapah andhra pradesh
S1-657028371	Supporters Centre SAS	30 Rue Rabelais, Lille, Hauts-de-France	France	supporters centre sas	30 rue rabelais lille hauts de france
S1-122221465	Columbus Pediatric Dental Specialists	3822 Noe Bixby Road, Columbus, OH	US	columbus pediatric dental specialists	3822 noe bixby road columbus oh
S1-241758739	NJL India Private Limited	S And P Living Spaces, D-108, First Floor, Kamaraj Street, Ayanambakkam, Poonamalee, Tiruvallur, Tamil Nadu	India	njl india private limited	s and p living spaces d 108 first floor kamaraj street ayanambakkam poonamalee tiruvallur tamil nadu
S1-292853265	Silver Tungsten Inc.	203 Phritz Street, Laurinburg, NC	US	silver tungsten inc	203 phritz street laurinburg nc
S1-563412246	All Research Corporation LLC	1416 Eastview Avenue, East Gadsden, AL	US	all research corporation llc	1416 eastview avenue east gadsden al
S1-635915279	Shree Immunity	Vill. Sadullapur Past Baidpura Greater Noida, Baidpura, Gautam Buddha Nagar, Uttar Pradesh	India	shree immunity	vill sadullapur past baidpura greater noida baidpura gautam buddha nagar uttar pradesh
S1-257953143	Digital Impex Private Limited	C/O Rajendra Kumar, Adarsh Colony, Dev Dungri, Kishangarh, Ajmer, Rajasthan	India	digital impex private limited	c o rajendra kumar adarsh colony dev dungri kishangarh ajmer rajasthan
S1-935953663	Ridge Vehicle Inc	995 Larry Avenue, Town Of Saratoga, WI	US	ridge vehicle inc	995 larry avenue town of saratoga wi
S1-66970748	Shiva Technology Limited	2307/2, Sf Nano Gandhraf, Wado, Panchpatti, Ahmadabad City, Ahmedabad, Gujarat	India	shiva technology limited	2307 2 sf nano gandhraf wado panchpatti ahmadabad city ahmedabad gujarat
S1-613214928	Integrated Preferred Vendome	108 Nassau Drive, Frederick County, VA	US	integrated preferred vendome	108 nassau drive frederick county va
S1-68168779	Tiny Retail Limited	Daffodil, A003, Omaxe-1 Tapukara, Alwar, Rajasthan	India	tiny retail limited	daffodil a003 omaxe 1 tapukara alwar rajasthan
S1-181117450	Simpson Legacy Renatus LLC	905 Canadian Drive, Mcpherson, KS	US	simpson legacy renatus llc	905 canadian drive mcpherson ks
S1-337798606	United Couture LLC	Pevely, 9213 Church Drive, MO	US	united couture llc	pevely 9213 church drive mo
S1-877808612	King Sangh	Near Arfal Canal, Sangli, Aandhali, Maharashtra	India	king sangh	near arfal canal sangli aandhali maharashtra
S1-991838189	Combattants & Cie SAS	28 Rue de Loos, Lille, Hauts-de-France	France	combattants cie sas	28 rue de loos lille hauts de france
S1-415245659	Apeksha Commerce LLP	B-24Panchsheel Enclave, New Delhi, South Delhi, Delhi	India	apeksha commerce llp	b 24panchsheel enclave new delhi south delhi delhi
S1-860794391	KX Pharmacie SARL	18 Avenue du Général de Gaulle, La Teste-de-Buch, Nouvelle-Aquitaine	France	kx pharmacie sarl	18 avenue du général de gaulle la teste de buch nouvelle aquitaine
S1-590126941	Oncology Grand Center Corp	11833 177th Avenue, WA, Arlington	US	oncology grand center corp	11833 177th avenue wa arlington
S1-852807313	Shree Energy Limited	Flat No. 103, First Floor, Shubh Mangal-1, Ak 7/156, Nandawala, Valsad, Gujarat	India	shree energy limited	flat no 103 first floor shubh mangal 1 ak 7 156 nandawala valsad gujarat
S1-643209618	Guntur Solutions Group	D25/16/138 Ankireddypalem, 0 New Amc Yard, Guntur, Andhra Pradesh	India	guntur solutions group	d25 16 138 ankireddypalem 0 new amc yard guntur andhra pradesh
S1-581863940	Anjalee Trading LLP	B-157 Viniraj Plazaindra Nagar, Lucknow, Uttar Pradesh	India	anjalee trading llp	b 157 viniraj plazaindra nagar lucknow uttar pradesh
S1-225821819	Nantes Loisirs SARL	Nantes, 18 Ter Rue Albert Calmette, Pays de la Loire	France	nantes loisirs sarl	nantes 18 ter rue albert calmette pays de la loire
S1-778630887	Riha, Merrielle, D.C.	318 Beck Street, Norfolk City, VA	US	riha merrielle d c	318 beck street norfolk city va
S1-377916068	India Shree Growth Private Limited	Plot No 1, 3Rd Floor, Unit No 310, Vasundhra Sunrise Plaza, Vasundhra Enclave, East Delhi, Delhi	India	india shree growth private limited	plot no 1 3rd floor unit no 310 vasundhra sunrise plaza vasundhra enclave east delhi delhi
S1-37907520	Unique Om Builders Private Limited	1/602, Zorawar Singh Marg, Kashmere Gate, Delhi	India	unique om builders private limited	1 602 zorawar singh marg kashmere gate delhi
S1-637166800	U F & V Lifeco Inc	691 Tabor Road, Bluefield, WV	US	u f v lifeco inc	691 tabor road bluefield wv
S1-352595333	P L & I Renewables	15 Matador Trail, Wimberley, TX	US	p l i renewables	15 matador trail wimberley tx
S1-333194875	Pentecotiste Personnels Culture SARL	65 Rue d'Italie, Roubaix, Hauts-de-France	France	pentecotiste personnels culture sarl	65 rue d italie roubaix hauts de france
S1-260721574	Kritraj Construction Limited	S.No. 39, Mira Hsg. Socy Bld.-3 Fl.No.33, S.S.Road Gultekadi, Pune, Maharashtra	India	kritraj construction limited	s no 39 mira hsg socy bld 3 fl no 33 s s road gultekadi pune maharashtra
S1-677484813	Gusto Polytechnic	5-7/313, Villa No 313 Mytas Hill County, Bachupally, Hyderabad, Rangareddy, Telangana	India	gusto polytechnic	5 7 313 villa no 313 mytas hill county bachupally hyderabad rangareddy telangana
S1-568320501	QDQ Club SARL	Hauts-de-France, 118 Rue du Marais de Lomme, Lille	France	qdq club sarl	hauts de france 118 rue du marais de lomme lille
S1-759995112	Leify Holdings Group Inc	102-24 86 Avenue, Richmond Hill, NY	US	leify holdings group inc	102 24 86 avenue richmond hill ny
S1-443768681	Vkn Fund Private Limited	Ce-311, Ansal Golf Link-I, Greater Noida, Noida, Gautam Buddha Nagar, Uttar Pradesh	India	vkn fund private limited	ce 311 ansal golf link i greater noida noida gautam buddha nagar uttar pradesh
S1-170472252	Golden Cargo Industries	128 Oak Hall Drive, Mountain Lake Park, MD	US	golden cargo industries	128 oak hall drive mountain lake park md
S1-311511012	Fournaise Foyer	La Teste-de-Buch, Nouvelle-Aquitaine, 10 Avenue Marcel Pagnol	France	fournaise foyer	la teste de buch nouvelle aquitaine 10 avenue marcel pagnol
S1-224275529	International Construction Private Limited	Heiley Spaces, 2Nd Floor Kc Arcade, Near Tv Center, Csez Po, Kakkanad, Ernakulam, Ernakulam, Kerala	India	international construction private limited	heiley spaces 2nd floor kc arcade near tv center csez po kakkanad ernakulam ernakulam kerala
S1-427329185	Maloney Dental Associates LLC	8223 Autumn Willow Drive, Tomball, TX	US	maloney dental associates llc	8223 autumn willow drive tomball tx
S1-417606815	Seven Hospitality Private Limited	H No: 1-43 Gandhinagar Colony, Jadcherla, Mahbubnagar, Mahabubnagar, Telangana	India	seven hospitality private limited	h no 1 43 gandhinagar colony jadcherla mahbubnagar mahabubnagar telangana
S1-488457630	Sweet Cleaning Service	845 Kubitz Road, Copperas Cove, TX	US	sweet cleaning service	845 kubitz road copperas cove tx
S1-818470647	Applied Environmental Systems	Hooper, 5938 4600, UT	US	applied environmental systems	hooper 5938 4600 ut
S1-534346740	Creative Logistics Private Limited	A/301 To 307, Third Floor, Tulip Corporation Opp V.S. Hospital, Madalpur, Ellisbridge, Ahmedabad, Gujarat	India	creative logistics private limited	a 301 to 307 third floor tulip corporation opp v s hospital madalpur ellisbridge ahmedabad gujarat
S1-729626041	Silicon & Co	Ground Floor H.No. 938/10, Bldg E17/A, Gala No. 9, 10, 11 Harihar Complex Nashik Highway Road, Dapode, Bhiwandi, Bhiwandi, Thane, Maharashtra	India	silicon co	ground floor h no 938 10 bldg e17 a gala no 9 10 11 harihar complex nashik highway road dapode bhiwandi bhiwandi thane maharashtra
S1-204633959	GQ Services Private Limited	H No. 813, Purandhar/ Khalad, Purandhar, Pune, Maharashtra	India	gq services private limited	h no 813 purandhar khalad purandhar pune maharashtra
S1-155512047	Dunkerque Amicale SAS	260 Rue du Kruysbellaert, Dunkerque, Hauts-de-France	France	dunkerque amicale sas	260 rue du kruysbellaert dunkerque hauts de france
S1-553186193	Smash Trading Limited	Delhi, North West, Delhi, Pocket 4, Rohini Sector-22, H.No 356	India	smash trading limited	delhi north west delhi pocket 4 rohini sector 22 h no 356
S1-42502314	Fintech Trading Ltd	1305, Lavender, Mantri Park Film City Road, Goregaon (E), Mumbai, Maharashtra	India	fintech trading ltd	1305 lavender mantri park film city road goregaon e mumbai maharashtra
S1-317114355	East Healthcare	Ward No.-39, Near Shyam Mandir, Chirawa, Tehsil Chirawa, Chirawa, Jhunjhunun, Rajasthan	India	east healthcare	ward no 39 near shyam mandir chirawa tehsil chirawa chirawa jhunjhunun rajasthan
S1-334574390	Chiropractic Clinic	349 Ripley Hill Road, Coventry, CT	US	chiropractic clinic	349 ripley hill road coventry ct
S1-649110450	Gravity Fire Pvt. Ltd.	Elegance Tower Old Mathura Road, Jassola District Centr, E, New Delhi, South Delhi, Level - 2, Delhi	India	gravity fire pvt ltd	elegance tower old mathura road jassola district centr e new delhi south delhi level 2 delhi
S1-533417053	Concordia Donn, CPA, PC	1509 Cr 938, Green Forest, AR	US	concordia donn cpa pc	1509 cr 938 green forest ar
S1-152550844	Supreme Brothers Private Limited	Plot No 5, Allu Nagar Diguriya I.I.M. Road, Lucknow, Uttar Pradesh	India	supreme brothers private limited	plot no 5 allu nagar diguriya i i m road lucknow uttar pradesh
S1-643493833	Anchor Energy Systems, LLC	Unit B, 66 Pinckney Street, MA, Somerville	US	anchor energy systems llc	unit b 66 pinckney street ma somerville
S1-734921625	North Advisors	39/2475 - B1, Suite 965, Lr Towers, Sjrra 104, South Janatha Road, Kochi, Ernakulam, Kerala	India	north advisors	39 2475 b1 suite 965 lr towers sjrra 104 south janatha road kochi ernakulam kerala
S1-68108533	Mumbai India Limited	Maharashtra, Mumbai, Shop No. 1, Mumbai City, Devi Krupa Society, Bldg. No. 1, Devi Krupa Chsl, Gaurishankar Wadi No.1, Pant, Nagar	India	mumbai india limited	maharashtra mumbai shop no 1 mumbai city devi krupa society bldg no 1 devi krupa chsl gaurishankar wadi no 1 pant nagar
S1-789286562	Hindavi Consultancy Ltd	133/122 P1 Room No 2, Transport Nagar, Kanpur Nagar, Uttar Pradesh	India	hindavi consultancy ltd	133 122 p1 room no 2 transport nagar kanpur nagar uttar pradesh
S1-493735795	Chennai Business Private Limited	10/2 Moore St., Chennai, Tamil Nadu	India	chennai business private limited	10 2 moore st chennai tamil nadu
S1-870309113	Heritage Silver, Inc	383 Mogul Drive, Galloway, OH	US	heritage silver inc	383 mogul drive galloway oh
S1-755184527	Kailashdham Academy	17-10 Jangareddypalli Village, Amangal, Mahabub Nagar, Telangana	India	kailashdham academy	17 10 jangareddypalli village amangal mahabub nagar telangana
S1-741750910	Board of Veterans Affairs	3 Alquin Court, Catonsville, MD	US	board of veterans affairs	3 alquin court catonsville md
S1-396704474	Smail Holding Company Inc	612 Second Street, Palmer, IL	US	smail holding company inc	612 second street palmer il
S1-77449994	Gee & Sons Private Limited	43-11-31, Subbalaxminagar Dondaparathy, Visakhapatnam, Vishakhapatnam, Andhra Pradesh	India	gee sons private limited	43 11 31 subbalaxminagar dondaparathy visakhapatnam vishakhapatnam andhra pradesh
S1-607302089	Sheehan and Mccullough	35316 Shorthorn Trail, San Tan Valley, AZ	US	sheehan and mccullough	35316 shorthorn trail san tan valley az
S1-80873383	Institut Lecole	3 Rue de la Renaissance, Lille, Hauts-de-France	France	institut lecole	3 rue de la renaissance lille hauts de france
S1-194589041	Anju Trust	Panchal G, Fatehgarh, Farrukhabad, Uttar Pradesh	India	anju trust	panchal g fatehgarh farrukhabad uttar pradesh
S1-550464269	Janta Services Private Limited	Room No 120 Plot No. 26 Road No. 44, Pitampura, North West, Delhi	India	janta services private limited	room no 120 plot no 26 road no 44 pitampura north west delhi
S1-405440827	Ridgeline Inc	2045 Graham Circle, Bldg B, Atlanta, GA	US	ridgeline inc	2045 graham circle bldg b atlanta ga
S1-500922440	Active (India) India Pvt. Ltd.	817, Santrapara, Khalisani, Ward No-31, Chandannagar, Hooghly, West Bengal	India	active india india pvt ltd	817 santrapara khalisani ward no 31 chandannagar hooghly west bengal
S1-111694025	Cee Electric Ltd	Plot No-293, Ground Floor, Ashoka Enclave 1, Ashoka Residency, Faridabad, Haryana	India	cee electric ltd	plot no 293 ground floor ashoka enclave 1 ashoka residency faridabad haryana
S1-760235082	Express Analytics Laboratories Inc	575 Maple Shade Road, Middletown, CT	US	express analytics laboratories inc	575 maple shade road middletown ct
S1-445143782	Zumba Travaux SAS	28 Cité Jolivet, Lille, Hauts-de-France	France	zumba travaux sas	28 cité jolivet lille hauts de france
S1-17665971	Behavioral Health Partners of Elmira Center	89691 Sheffler Road, Elmira, OR	US	behavioral health partners of elmira center	89691 sheffler road elmira or
S1-131623880	MH Industries Private Limited	C - 27, Evershine Shopping Centre Ii, J. P .Road, Andheri West, Mumbai, Mumbai City, Maharashtra	India	mh industries private limited	c 27 evershine shopping centre ii j p road andheri west mumbai mumbai city maharashtra
S1-453383072	Indore Sales Private Limited	230- Shyam Nagar Nx Mr-10, Indore, Madhya Pradesh	India	indore sales private limited	230 shyam nagar nx mr 10 indore madhya pradesh
S1-573827896	Aurial Southern LLC	TN, 413 Waterview Drive, Crossville	US	aurial southern llc	tn 413 waterview drive crossville
S1-740059747	Ss Galaxy Industries Private Limited	503-D, 589/B, 40/2, Tps-80 Karnavati Apt-4, Nr. Divine Life, Narol, Ahmedabad, Gujarat	India	ss galaxy industries private limited	503 d 589 b 40 2 tps 80 karnavati apt 4 nr divine life narol ahmedabad gujarat
S1-979645754	Seven Construction Limited	T10-1206, Floor-12, Tower-10, Sattva Park, Devanahalli, Bangalore Rural, Karnataka	India	seven construction limited	t10 1206 floor 12 tower 10 sattva park devanahalli bangalore rural karnataka
S1-5694837	Buckley Advanced Premium PC	3810 Columbus Drive, Mckinney, TX	US	buckley advanced premium pc	3810 columbus drive mckinney tx
S1-895155435	Maloy's Choice Capital	1616 Barron Street, Portsmouth City, VA	US	maloy s choice capital	1616 barron street portsmouth city va
S1-552090769	Tsp Sangh	I - 155 A Sector 22, Noida, Gautam Buddha Nagar, Uttar Pradesh	India	tsp sangh	i 155 a sector 22 noida gautam buddha nagar uttar pradesh
S1-444520529	Thirupathi Charitable Trust	H.No. 4733/24 Guru Nanak Wara, Amritsar, Punjab	India	thirupathi charitable trust	h no 4733 24 guru nanak wara amritsar punjab
S1-481259122	West Anchor Therapies	2355 44th Street, Rock Island, IL	US	west anchor therapies	2355 44th street rock island il
S1-170318976	Nagarjuna Wheels LLP	Sf-201A/B/C Orchid Plaza, Sama Savli Road, B/H Amba Residency, Vemali, Vadodara, Gujarat	India	nagarjuna wheels llp	sf 201a b c orchid plaza sama savli road b h amba residency vemali vadodara gujarat
S1-254586049	Brigitte Lr Lycee	7 Rue des Rossignols Cap Ferret, Lège-Cap-Ferret, Nouvelle-Aquitaine	France	brigitte lr lycee	7 rue des rossignols cap ferret lège cap ferret nouvelle aquitaine
S1-626957328	Gaum LLC	4422 Morrisville Road, Fauquier County, VA	US	gaum llc	4422 morrisville road fauquier county va
S1-820877559	Back Alley Yoga	203 Old Oaks Street, League City, TX	US	back alley yoga	203 old oaks street league city tx
S1-111296778	Tavue PLLC	99 First Street, Medora, IN	US	tavue pllc	99 first street medora in
S1-847310129	Bangalore Tech Limited	# 1B, 702, Akme Encore 16/2, Kundanahalli Main Road, Bangalore, Karnataka	India	bangalore tech limited	1b 702 akme encore 16 2 kundanahalli main road bangalore karnataka
S1-546941880	Rice Grand Indonesia Inc	131 12th Avenue, Unit 221, Nashville, TN	US	rice grand indonesia inc	131 12th avenue unit 221 nashville tn
S1-697980001	Sabari Prakash Pvt. Ltd.	Borvav, Rishi Farm House, Village Borvav Taluka Talala, District Gir Somnath, Junagadh, Gujarat	India	sabari prakash pvt ltd	borvav rishi farm house village borvav taluka talala district gir somnath junagadh gujarat
S1-338401200	Great Impex Private Limited	19 Galiff Street, Kolkata, Howrah, West Bengal	India	great impex private limited	19 galiff street kolkata howrah west bengal
S1-501819870	Smart Technology Private Limited	Shop No-4 C/O Vinay Kumar Sultanpur Babuganj Vallipur, Sultanpur, Uttar Pradesh	India	smart technology private limited	shop no 4 c o vinay kumar sultanpur babuganj vallipur sultanpur uttar pradesh
S1-541668027	Pharos & Associates Private Limited	Plot No-62, Khasra No-41, Gaurabag Kursi Road, Bkt, Lucknow, Uttar Pradesh	India	pharos associates private limited	plot no 62 khasra no 41 gaurabag kursi road bkt lucknow uttar pradesh
S1-966492570	Club des Impact	6 Rue Auguste Comte, Saint-Nazaire, Pays de la Loire	France	club des impact	6 rue auguste comte saint nazaire pays de la loire
S1-702544592	Mountain Scuti LLC	39 Perry Street, Lincoln, ME	US	mountain scuti llc	39 perry street lincoln me
S1-528495462	Bharat Producer	692, A/3C, Kesari Sadan Fl No 11, Bibvewadi, Pune, Maharashtra	India	bharat producer	692 a 3c kesari sadan fl no 11 bibvewadi pune maharashtra
S1-545863954	Clear Century Corp	27 Nottingham Drive, Chatham, IL	US	clear century corp	27 nottingham drive chatham il
S1-772195807	Eimile's Supply	4731 Merle Hay Road, Des Moines, IA	US	eimile s supply	4731 merle hay road des moines ia
S1-603731465	Team (France) Amicale EURL	139 Rue du Moulin, Dunkerque, Hauts-de-France	France	team france amicale eurl	139 rue du moulin dunkerque hauts de france
S1-453539657	Orbelle Grade LLC	51 Warwick Stone Way, Fairfax County, VA	US	orbelle grade llc	51 warwick stone way fairfax county va
S1-46249643	Guyette, Green and Nystrom Toyo	1006 Cedar Lake Drive, Horseshoe Bend, AR	US	guyette green and nystrom toyo	1006 cedar lake drive horseshoe bend ar
S1-317928365	Badlapur Conveyors Private Limited	Shop No. 1, Amruket Co.Op. Hsg. Soc., Belavali K.B. Road, Badlapur West, Badlapur, Thane, Maharashtra	India	badlapur conveyors private limited	shop no 1 amruket co op hsg soc belavali k b road badlapur west badlapur thane maharashtra
S1-735449543	Kratos Educational Society	'Shiva Krupa, B.H. Road, Tumkur, Karnataka	India	kratos educational society	shiva krupa b h road tumkur karnataka
S1-368898506	Ram Star Foundation Private Limited	Rajkot, Opp Maha Pujadham, Gujarat, Rajkot, Vallabh Vidhyanagar Plot2	India	ram star foundation private limited	rajkot opp maha pujadham gujarat rajkot vallabh vidhyanagar plot2
S1-39608811	Weird Venture Group	Godown-1, Survey No. 3/1, Patwari Halka No.17, 22 T T Nagar, Pipliya Kumar, Dewas Naka, Indore, Madhya Pradesh	India	weird venture group	godown 1 survey no 3 1 patwari halka no 17 22 t t nagar pipliya kumar dewas naka indore madhya pradesh
S1-497232093	Montessori Union SARL	37 Rue de Takrouna, Nantes, Pays de la Loire	France	montessori union sarl	37 rue de takrouna nantes pays de la loire
S1-740176897	Bright Business Private Limited	Sy No 171, Plt No 11 Yaktp, Ur D Kallayani Godun Mage, Ausa, Latur, Maharashtra	India	bright business private limited	sy no 171 plt no 11 yaktp ur d kallayani godun mage ausa latur maharashtra
S1-699373004	Dixon Direct Kgaa, LLC	9 Jacqueline Way, Babylon, NY	US	dixon direct kgaa llc	9 jacqueline way babylon ny
S1-760964613	NX Vijay Private Limited	1138 Wing J, Govardhan Nagar Borsapada Road Poisar Gymkhana, Kandivali West, Mumbai, Maharashtra	India	nx vijay private limited	1138 wing j govardhan nagar borsapada road poisar gymkhana kandivali west mumbai maharashtra
S1-759533619	Altius Foods Private Limited	A/405 Express Zone, W.Express Highway, Opp. Rel Office, Nr. Patel Vanika, Malad East, Goregaon East, Mumbai, Maharashtra	India	altius foods private limited	a 405 express zone w express highway opp rel office nr patel vanika malad east goregaon east mumbai maharashtra
S1-89928972	Plastik Institut SARL	82 Avenue André Chenier, Roubaix, Hauts-de-France	France	plastik institut sarl	82 avenue andré chenier roubaix hauts de france
S1-415302434	Balaji Investment Private Limited	C/O Om Prakash Sahni, Gola Gokaran Nath, Uttar Pradesh, Kheri, Punjabi Colony, Gola Kheri	India	balaji investment private limited	c o om prakash sahni gola gokaran nath uttar pradesh kheri punjabi colony gola kheri
S1-397514626	Rasna World Public Limited	8/3554D, Anna Nagar, Pandian Nagar, Tiruppur, Coimbatore, Tamil Nadu	India	rasna world public limited	8 3554d anna nagar pandian nagar tiruppur coimbatore tamil nadu
S1-603295553	Hpr Merchants Private Limited	Kolkata, 3Rd Floor, Flat 3A A10 Sreenagar Paschimpara, Kolkata, West Bengal, Block A, Howrah	India	hpr merchants private limited	kolkata 3rd floor flat 3a a10 sreenagar paschimpara kolkata west bengal block a howrah
S1-829004597	Krishna Urban Infra Limited	C 24 3Rd Street, Central Park, City Centre, Durgapur, Bardhaman, West Bengal	India	krishna urban infra limited	c 24 3rd street central park city centre durgapur bardhaman west bengal
S1-340381642	Bangalore Commodities Corporation	Flat No 202 Bhanu Pride Kacharakanahalli, Bangalore, Karnataka	India	bangalore commodities corporation	flat no 202 bhanu pride kacharakanahalli bangalore karnataka
S1-831508195	Internal Medicine Metro Specialists	10758 22nd Avenue, Seattle, WA	US	internal medicine metro specialists	10758 22nd avenue seattle wa
S1-715029307	Mechanical Fashion Limited	Mumbai City, Mumbai, 238, Avior, Nirmal Galaxy, Lbs Marg Mulund West, Maharashtra	India	mechanical fashion limited	mumbai city mumbai 238 avior nirmal galaxy lbs marg mulund west maharashtra
S1-30383410	734 Ocean Place Apartments	980 La Rose Drive, AZ, Coolidge	US	734 ocean place apartments	980 la rose drive az coolidge
S1-267323354	965 Fifth Place Management Inc	1203 Cottonwood Court, Paola, KS	US	965 fifth place management inc	1203 cottonwood court paola ks
S1-189661852	Kritva Foods Pvt. Ltd.	Kolkata, West Bengal, Room No-308, 3Rd Floor, Fort Knox Building, 6 Camac Street, Kolkata, Howrah	India	kritva foods pvt ltd	kolkata west bengal room no 308 3rd floor fort knox building 6 camac street kolkata howrah
S1-232418369	One Developers Pvt Ltd	Flat-619, Palms Apts-1, Royal Palms Estate Aarey Colony, Goregaon East, Mumbai, Mumbai City, Maharashtra	India	one developers pvt ltd	flat 619 palms apts 1 royal palms estate aarey colony goregaon east mumbai mumbai city maharashtra
S1-626838100	Coastal Thayer Group	DC, Unit 101, 307 Anacostia Road, Washington	US	coastal thayer group	dc unit 101 307 anacostia road washington
S1-900373432	Avion Science LLP	S. No. 131/1/1, Plot No. 5, Walhekarwadi Road, Near Water Tank, Chinchwad, Pune, Maharashtra	India	avion science llp	s no 131 1 1 plot no 5 walhekarwadi road near water tank chinchwad pune maharashtra
S1-322014701	Wiser (India) Microfinance Pvt Ltd	Ix/27 Old Number 995/2 Main Road, Kailash Nagar, Delhi, East Delhi, Delhi	India	wiser india microfinance pvt ltd	ix 27 old number 995 2 main road kailash nagar delhi east delhi delhi
S1-714107578	Integrated Chemical Works	1100 162nd Avenue, Bellevue, WA	US	integrated chemical works	1100 162nd avenue bellevue wa
S1-923533895	Fresh Lifesciences, Inc	3408 Cardinal Court, Gwynn Oak, MD	US	fresh lifesciences inc	3408 cardinal court gwynn oak md
S1-445155683	Krishna Sound Private Limited	Telangana, Hyderabad, Door No 15-31-86/3/601, Ft 601, Pt 10 15 Mig, D R Colony I, Tirumalagiri	India	krishna sound private limited	telangana hyderabad door no 15 31 86 3 601 ft 601 pt 10 15 mig d r colony i tirumalagiri
S1-70052354	Orange & Sons Pvt Ltd	Purvanchal Gramin Sewa Samiti, Fatima Nagar, Padri Bazar, Gorakhpur, Uttar Pradesh	India	orange sons pvt ltd	purvanchal gramin sewa samiti fatima nagar padri bazar gorakhpur uttar pradesh
S1-954767088	Prajay Nursing Home Bangalore	17, Second Main, Second Stage, Domlur, Off 100' Road, Bangalore, Karnataka	India	prajay nursing home bangalore	17 second main second stage domlur off 100 road bangalore karnataka
S1-529469516	Star Mills Private Limited	C/O Vasudhara Infra., Dholariya Nagar, 1/6 Geeta Nagar, Gayatri Nagar Main Road, Rajkot, Gujarat	India	star mills private limited	c o vasudhara infra dholariya nagar 1 6 geeta nagar gayatri nagar main road rajkot gujarat
S1-650940902	Makin Regional Calisa LLC	2833 Lexington Avenue, Unit Apartment C, Roseville, MN	US	makin regional calisa llc	2833 lexington avenue unit apartment c roseville mn
S1-200871763	Shree Fortune Infrastructure Private Limited	No.21/22 Olympia Cyberspace, Alandur Road, 2Nd Street, Arulayammanpetti, Chennai City Corporation, Chennai, Tamil Nadu	India	shree fortune infrastructure private limited	no 21 22 olympia cyberspace alandur road 2nd street arulayammanpetti chennai city corporation chennai tamil nadu
S1-674001307	East Integrated Zeo Inc	8655 Sorrento Road, Fl 1, Beaverton, OR	US	east integrated zeo inc	8655 sorrento road fl 1 beaverton or
S1-946578635	Shivkrupa Polytechnic Private Limited	35 Pilliyar Koil Street, Maduranthagam, Kancheepuram, Tamil Nadu	India	shivkrupa polytechnic private limited	35 pilliyar koil street maduranthagam kancheepuram tamil nadu
S1-899271918	Sg Mills Co	Bangalore, Karnataka, Warehouse No. 1 Doddakallasandra, Kanakapura Main Road, No. 14/3, Bangalore	India	sg mills co	bangalore karnataka warehouse no 1 doddakallasandra kanakapura main road no 14 3 bangalore
S1-861020733	India King India Private Limited	2-A(3), Maker Bhavan Ii, Plot No. 18 New Marine Lines, Cs No. 1433, Division, - Fort, Mumbai, Mumbai City, Maharashtra	India	india king india private limited	2 a 3 maker bhavan ii plot no 18 new marine lines cs no 1433 division fort mumbai mumbai city maharashtra
S1-669118103	776 Broadway Drive Apartments	233 Lowe Drive, Unit APT 305, Shepherdstown, WV	US	776 broadway drive apartments	233 lowe drive unit apt 305 shepherdstown wv
S1-473518955	Sunrise Impex Private Limited	9Th Flr, Flt No-902, Kashtbhanjan Livino-A, Surat City, Surat, Gujarat	India	sunrise impex private limited	9th flr flt no 902 kashtbhanjan livino a surat city surat gujarat
S1-112878071	Pioneer Producer LLP	A-36, G/F Kailash Colony, Delhi, South Delhi, Delhi	India	pioneer producer llp	a 36 g f kailash colony delhi south delhi delhi
S1-387370379	Shyam Enterprises Limited	Dsk Classic Cts 7 Fp 5/1, Erandwana, Pune City, Pune, Maharashtra	India	shyam enterprises limited	dsk classic cts 7 fp 5 1 erandwana pune city pune maharashtra
S1-591825395	Silver Research	8429 Meadow Sweet Lane, Fort Worth, TX	US	silver research	8429 meadow sweet lane fort worth tx
S1-341836448	Strategic Talent Consultants LLC	352 Yale Avenue, Columbus, OH	US	strategic talent consultants llc	352 yale avenue columbus oh
S1-730190320	Ambala Estates Pvt Ltd	Ambala, Housing Board Colony Baldev Nagar, Haryana, 839 Lig	India	ambala estates pvt ltd	ambala housing board colony baldev nagar haryana 839 lig
S1-686724393	Vision Clinic LLC	4515 18 Avenue, Brooklyn, NY	US	vision clinic llc	4515 18 avenue brooklyn ny
S1-884819027	Jd Ecommerce Limited	Srv No. 6 27/1663, Fatema, Nagar, Chandni Ground, Manjlegaon, Beed, Maharashtra	India	jd ecommerce limited	srv no 6 27 1663 fatema nagar chandni ground manjlegaon beed maharashtra
S1-634733706	Tourcoing Societe SARL	Hauts-de-France, Tourcoing, 182 RUE du Touquet	France	tourcoing societe sarl	hauts de france tourcoing 182 rue du touquet
S1-146764860	Heart Association	619 Shale Drive, Brian Head City, UT	US	heart association	619 shale drive brian head city ut
S1-667494116	South West Delhi Manpower Private Limited	C/O Prashant Chowdhary, 247 F/F Kh No. 153, Rajpur Khurd Extension, South West Delhi, Delhi	India	south west delhi manpower private limited	c o prashant chowdhary 247 f f kh no 153 rajpur khurd extension south west delhi delhi
S1-644800304	Preferred Automobile LLC	3863 York Highway, Gainesboro, TN	US	preferred automobile llc	3863 york highway gainesboro tn
S1-559176480	Manav Fertilizer (India) Private Limited	A-5, Floor-2, B4, Jal Darshan, Khan Abdul Gaffar Khan Marg, Worli Seaface, Worli, Mumbai City, Maharashtra	India	manav fertilizer india private limited	a 5 floor 2 b4 jal darshan khan abdul gaffar khan marg worli seaface worli mumbai city maharashtra
S1-670613672	Barnum Medical Center	N91W16112 Junction Way, Unit Apartment 111, Village Of Menomonee Falls, WI	US	barnum medical center	n91w16112 junction way unit apartment 111 village of menomonee falls wi
S1-563834046	New Delhi Tracon Private Limited	B-3/ 96, Basement Safdurjung Enclave, New Delhi, South Delhi, Delhi	India	new delhi tracon private limited	b 3 96 basement safdurjung enclave new delhi south delhi delhi
S1-605344566	Wellness Information Private Limited	No 168 / A, 1St Cross, 1St Block 3Rd Phase, Banashankari 3Rd Stage, Bengaluru, Bangalore, Karnataka	India	wellness information private limited	no 168 a 1st cross 1st block 3rd phase banashankari 3rd stage bengaluru bangalore karnataka
S1-45476583	Better Safe Pacific	0S 256 Kellar Square, Geneva, IL	US	better safe pacific	0s 256 kellar square geneva il
S1-712193425	Foot & Ankle Care, Inc	7575 Cantrell Road, Unit Apt E58, Little Rock, AR	US	foot ankle care inc	7575 cantrell road unit apt e58 little rock ar
S1-426796552	Shyama (India) Technology Limited	2Nd North Ex Mall Sec 9 Near Kadmbari Apartment, Delhi, North West Delhi, Delhi, Plot No. B-265 Plot No Su Lsc Floor	India	shyama india technology limited	2nd north ex mall sec 9 near kadmbari apartment delhi north west delhi delhi plot no b 265 plot no su lsc floor
S1-358071494	Ram Investment Private Limited	Lucknow, Uttar Pradesh, Lucknow, Barigawan, Lda Colony, Kanpur Road, 569/153	India	ram investment private limited	lucknow uttar pradesh lucknow barigawan lda colony kanpur road 569 153
S1-913184147	Sree Foods Private Limited	Faridabad, Hno 2241 Sector-9 Faridabad Faridabad Haryana, Haryana	India	sree foods private limited	faridabad hno 2241 sector 9 faridabad faridabad haryana haryana
S1-518999749	Mieux Culture	20 Avenue Louis Lajarrige, La Baule-Escoublac, Pays de la Loire	France	mieux culture	20 avenue louis lajarrige la baule escoublac pays de la loire
S1-142991774	Holy Cathedral LLC	416 23rd Street, Chicago, IL	US	holy cathedral llc	416 23rd street chicago il
S1-573105537	Coastal Select Software Inc	608 30th Street, Wilmington, DE	US	coastal select software inc	608 30th street wilmington de
S1-402263041	Bennington Optimal Rockwool LLC	405 Haley Street, Oak Grove, KY	US	bennington optimal rockwool llc	405 haley street oak grove ky
S1-852777299	Ets Champ SASU	Bordeaux, Nouvelle-Aquitaine, 7 Rue Paul Denucé	France	ets champ sasu	bordeaux nouvelle aquitaine 7 rue paul denucé
S1-817055009	Combattants College SAS	15 Avenue de la Passagère, Saint-Herblain, Pays de la Loire	France	combattants college sas	15 avenue de la passagère saint herblain pays de la loire
S1-121278089	Bgp Trading Care	Cross Road Shop No G 30, Opp D.K.V Bedi Road, Jamnagar, Gujarat	India	bgp trading care	cross road shop no g 30 opp d k v bedi road jamnagar gujarat
S1-34406583	Ironworkers Union Local No 843	235 200, Salt Lake City, UT	US	ironworkers union local no 843	235 200 salt lake city ut
S1-948206127	Saint-Nazaire Eau SARL	10 Route de la Lamberderie, Saint-Nazaire, Pays de la Loire	France	saint nazaire eau sarl	10 route de la lamberderie saint nazaire pays de la loire
S1-793882586	Murphy, Severson & Giordano	415 Fairburn Road, Unit 402, Atlanta, GA	US	murphy severson giordano	415 fairburn road unit 402 atlanta ga
S1-313423382	Sweet Book Store	513 Birch Street, Schleswig, IA	US	sweet book store	513 birch street schleswig ia
S1-230616179	Animation Fetes SAS	14 Place des Alouettes, Dunkerque, Hauts-de-France	France	animation fetes sas	14 place des alouettes dunkerque hauts de france
S1-117946977	Bhagwan College	Flat No. 705, Plot No.6, Sector -9, Dara Enclave, Nerul, Thane, Maharashtra	India	bhagwan college	flat no 705 plot no 6 sector 9 dara enclave nerul thane maharashtra
S1-764467216	Universal Solutions Private Limited	Ground Floor - 1, Lavie Building, 412, 14Th Road, Khar West, Mumbai, Mumbai City, Maharashtra	India	universal solutions private limited	ground floor 1 lavie building 412 14th road khar west mumbai mumbai city maharashtra
S1-600671460	International Developers	Flat No. B-2804 Gh-01/A, Sector 107, Noida, Noida, Gautam Buddha Nagar, Uttar Pradesh	India	international developers	flat no b 2804 gh 01 a sector 107 noida noida gautam buddha nagar uttar pradesh
S1-985458663	Maa Developers LLP	Office No. 46, Gujarat, Tera, Ahmedabad, 2Nd Floor, 4D Square, Nr. D-Mart Mall, Gandhinagar Highway, Mo	India	maa developers llp	office no 46 gujarat tera ahmedabad 2nd floor 4d square nr d mart mall gandhinagar highway mo
S1-998079629	Tanisha Institute	Suit No- 504 13, B.B. Ganguly Street, Kolkata, Howrah, West Bengal	India	tanisha institute	suit no 504 13 b b ganguly street kolkata howrah west bengal
S1-751723139	Twin Peaks Physical Therapy Cascade Partners P.C.	26175 Alpine Lane, Unit UNIT A, Twin Peaks, CA	US	twin peaks physical therapy cascade partners p c	26175 alpine lane unit unit a twin peaks ca
S1-984503844	All Biomedical Technologies	4620 Mcdowell Road, Unit 1014, Phoenix, AZ	US	all biomedical technologies	4620 mcdowell road unit 1014 phoenix az
S1-436389656	Kulkarni Pharmacy Private Limited	67, Suraj Nagar, Indore, Madhya Pradesh	India	kulkarni pharmacy private limited	67 suraj nagar indore madhya pradesh
S1-141582671	Ram Management Private Limited	No.16, 1St Main, 9Th Cross 2Nd Phase, W. C. R., Bengaluru, Bangalore, Karnataka	India	ram management private limited	no 16 1st main 9th cross 2nd phase w c r bengaluru bangalore karnataka
S1-870259303	Slns Packaging Pvt Ltd	A-24, First Floor, Flated Factory Complex Okhla Industrial Area, Phase-Iii, New Delhi, Delhi	India	slns packaging pvt ltd	a 24 first floor flated factory complex okhla industrial area phase iii new delhi delhi
S1-202627015	Nantes Club	142 Rue du Perray, Nantes, Pays de la Loire	France	nantes club	142 rue du perray nantes pays de la loire
S1-870670114	IH Staked	7320 Antoinette Way, Unit 409, Knoxville, TN	US	ih staked	7320 antoinette way unit 409 knoxville tn
S1-755329516	Solora Thunder LLC	3332 Centurion Place, Ontario, CA	US	solora thunder llc	3332 centurion place ontario ca
S1-769735105	Tri-State Colonial Procap	1009 Perry Street, Sandusky, OH	US	tri state colonial procap	1009 perry street sandusky oh
S1-545535789	Cediix	872 Bailey Street, Greeneville, TN	US	cediix	872 bailey street greeneville tn
S1-255512449	Mehul Management Private Limited	Arctica E 803, Casa Rio Kalyan Shil Road, Thane, Maharashtra	India	mehul management private limited	arctica e 803 casa rio kalyan shil road thane maharashtra
S1-479368587	Lieu Comite SAS	10 Rue Sainte-Anne, Hauts-de-France, Lille	France	lieu comite sas	10 rue sainte anne hauts de france lille
S1-220217287	Greetings Agri Private Limited	Markar Manzil, M. G. Road, Lonavala, Pune, Maharashtra	India	greetings agri private limited	markar manzil m g road lonavala pune maharashtra
S1-445413591	Cercle Gestion	Saint-Nazaire, 15 Rue Clémence Royer, Pays de la Loire	France	cercle gestion	saint nazaire 15 rue clémence royer pays de la loire
S1-307330189	Regional Culture Inc	25 Saint Andrew Road, Boston, MA	US	regional culture inc	25 saint andrew road boston ma
S1-576221857	Just Law Chambers Private Limited	C-147, First Floor, Hari Nagar, Near Hari Nagar Clock Tower, New Delhi, West Delhi, Delhi	India	just law chambers private limited	c 147 first floor hari nagar near hari nagar clock tower new delhi west delhi delhi
S1-540647065	Shiva Ventures Private Limited	Pune, Haveli, 7Th Floor, Office No. C-704, Vantage Corp. Opp. Bavdhan Police Station, Maharashtra, S.No. 6/10/14	India	shiva ventures private limited	pune haveli 7th floor office no c 704 vantage corp opp bavdhan police station maharashtra s no 6 10 14
S1-985849844	The Dent Tattoo	348 Bessies Place, Bolt, WV	US	the dent tattoo	348 bessies place bolt wv
S1-129840509	Bay Empire Digital	671 Eighth Street, Unit 2, Boston, MA	US	bay empire digital	671 eighth street unit 2 boston ma
S1-738529927	Vaayuora Farmers Pvt Ltd	Shop No.607, 6Th Floor, Shop Zone, Above Colors, Showroom, M. G. Road, Ghat, Kopar - W, Mumbai, Mumbai City, Maharashtra	India	vaayuora farmers pvt ltd	shop no 607 6th floor shop zone above colors showroom m g road ghat kopar w mumbai mumbai city maharashtra
S1-631634336	Centre Hospitalier Saint Marcel	34 Rue des Goelands, Lège-Cap-Ferret, Nouvelle-Aquitaine	France	centre hospitalier saint marcel	34 rue des goelands lège cap ferret nouvelle aquitaine
S1-620439917	Harvey Worldwide	107 Eleventh Avenue, Unit 213, Ellensburg, WA	US	harvey worldwide	107 eleventh avenue unit 213 ellensburg wa
S1-645673704	Best Commodity Inc.	764 Tunnel Road, Glendale, OR	US	best commodity inc	764 tunnel road glendale or
S1-366906832	Clausell, Mireles and Polk, LLC	203 Governors Drive, Floresville, TX	US	clausell mireles and polk llc	203 governors drive floresville tx
S1-818450767	F M Davies Mexico Inc	3727 Lemmon Avenue, Dallas, TX	US	f m davies mexico inc	3727 lemmon avenue dallas tx
S1-495018313	Paradise & Sons Private Limited	F-195, Haware Fantasia Business Park, Plot No.47, Sector-30A, Vashi, Navi Mumbai, Thane, Maharashtra	India	paradise sons private limited	f 195 haware fantasia business park plot no 47 sector 30a vashi navi mumbai thane maharashtra
S1-236219320	Frontier Society III	24 Dunston Drive, Glenburn, ME	US	frontier society iii	24 dunston drive glenburn me
S1-735494336	OLD Technology Corporation	427/7, 2 & 3 Floor, Balaji Arcade, 20Th L Cross Road, 4Th Block, Koramangala, Bangalore South, Bangalore, Karnataka	India	old technology corporation	427 7 2 3 floor balaji arcade 20th l cross road 4th block koramangala bangalore south bangalore karnataka
S1-313486473	Little Yoga	817 Hampton Court, Hempstead, NY	US	little yoga	817 hampton court hempstead ny
S1-874756885	Shakti Exports Private Limited	Fountain Chowk, 1St Floor C/O Sethi Medical Hall, Fatehabad, Haryana	India	shakti exports private limited	fountain chowk 1st floor c o sethi medical hall fatehabad haryana
S1-930629318	Sun Services Private Limited	Davangere, C/O N M Roopa 680/8 S Cube Aracde Seller Portion Ss Hospital Rd Near Kariayambaka, Davanagere, Karnataka	India	sun services private limited	davangere c o n m roopa 680 8 s cube aracde seller portion ss hospital rd near kariayambaka davanagere karnataka
S1-211227284	Horizon Culturelle SARL	3 Rue d'Autan, Nantes, Pays de la Loire	France	horizon culturelle sarl	3 rue d autan nantes pays de la loire
S1-665203072	Physical Therapy Physicians Center	31 Wheeler Road, Westborough, MA	US	physical therapy physicians center	31 wheeler road westborough ma
S1-990859962	Rooney Family Practice LLC	1005 Avery Street, Morehead City, NC	US	rooney family practice llc	1005 avery street morehead city nc
S1-743413952	Coimbatore Sons Limited	3/29, South Street, Appanaickepatti(Post) Sulur Taluk, Coimbatore, Tamil Nadu	India	coimbatore sons limited	3 29 south street appanaickepatti post sulur taluk coimbatore tamil nadu
S1-288261457	Al International Private Limited	1/256, Vidhyalakshmi Street Lakshmi Nagar, Mudichur, Chennai, Tamil Nadu	India	al international private limited	1 256 vidhyalakshmi street lakshmi nagar mudichur chennai tamil nadu
S1-325772170	Rickards & Cooper Bain LLC	3417 Lindenwood Drive, Fl 0, Laurel, MD	US	rickards cooper bain llc	3417 lindenwood drive fl 0 laurel md
S1-584694385	Global Producer	B-67, Defence Colony, New Delhi, Delhi	India	global producer	b 67 defence colony new delhi delhi
S1-196930853	Perry, Goldman and Smith Willow Inc	817 -312 Saltmeadow Bay Arch, Virginia Beach City, VA	US	perry goldman and smith willow inc	817 312 saltmeadow bay arch virginia beach city va
S1-383705289	Empire Office, Inc	2715 Yellow Bell Way, Monroe, NC	US	empire office inc	2715 yellow bell way monroe nc
S1-94503331	Kedyne Spire	9055 78, ID, Melba	US	kedyne spire	9055 78 id melba
S1-647575013	Gilli Wilson, DMD	1317 Park Avenue, Unit Unit 2, Rochester, NY	US	gilli wilson dmd	1317 park avenue unit unit 2 rochester ny
S1-362900691	Palghar Steel	Room No. 104, Bldg No. 2, Devaki Nagar, Kelwa Road, Palghar, Maharashtra, Palghar, Thane, Maharashtra	India	palghar steel	room no 104 bldg no 2 devaki nagar kelwa road palghar maharashtra palghar thane maharashtra
S1-743701929	Tirupati Enterprises Private Limited	8-3-231/W/19/S-1, Road No.1, Jubilee Hills, Hyderabad, Telangana	India	tirupati enterprises private limited	8 3 231 w 19 s 1 road no 1 jubilee hills hyderabad telangana
S1-554606367	Cherry Tale Private Limited	Parganas North, West Bengal, Chakpanchuriya Sardarpara P.S-New Town Action, Kolkata	India	cherry tale private limited	parganas north west bengal chakpanchuriya sardarpara p s new town action kolkata
S1-72057324	Parker Asia	2600 Napa Valley Way, Unit F-136, Columbia, TN	US	parker asia	2600 napa valley way unit f 136 columbia tn
S1-537057658	Circonscription & Fils	2 Allée Robert Lelant, Saint-Nazaire, Pays de la Loire	France	circonscription fils	2 allée robert lelant saint nazaire pays de la loire
S1-863840933	Innovative Media Private Limited	C-187 Sarita Vihar, New Delhi, South Delhi, Delhi	India	innovative media private limited	c 187 sarita vihar new delhi south delhi delhi
S1-867937984	Moore International	325 10th Avenue, Elbow Lake, MN	US	moore international	325 10th avenue elbow lake mn
S1-517585252	Softel (India) Finance Limited	West Bengal, Krishnagar, 28, Nadia, R. N. Tagore Road Krishnagar (Near A.V. School More)	India	softel india finance limited	west bengal krishnagar 28 nadia r n tagore road krishnagar near a v school more
S1-843460748	Capital Resources Co	320 Sunflower Drive, Unit 14, St George City, UT	US	capital resources co	320 sunflower drive unit 14 st george city ut
S1-495431862	Athletic & Cie EURL	6 Avenue de la Préservation, Bordeaux, Nouvelle-Aquitaine	France	athletic cie eurl	6 avenue de la préservation bordeaux nouvelle aquitaine
S1-705520087	Oncology Care Inc	TX, 60 Trails End Circle, Sherman	US	oncology care inc	tx 60 trails end circle sherman
S1-629792731	Timber	1721 Cullen Avenue, Chesapeake City, VA	US	timber	1721 cullen avenue chesapeake city va
S1-24190993	Skyline Zone (India) Pvt Ltd	Surbhi Apartment Flat No 05, Sr No 126/2 Plot No 10, Mohan Nagar, Chinchwad, Pune, Maharashtra	India	skyline zone india pvt ltd	surbhi apartment flat no 05 sr no 126 2 plot no 10 mohan nagar chinchwad pune maharashtra
S1-962462371	Bangalore North Electronics Private Limited	G-02, Csr Dew Drops Apt, 6Thcross, Pwd Rd B.N Pura, Bangalore North, Bangalore, Karnataka	India	bangalore north electronics private limited	g 02 csr dew drops apt 6thcross pwd rd b n pura bangalore north bangalore karnataka
S1-891460771	Commission on Education	Tulsa, OK, 1116 Country Club Drive	US	commission on education	tulsa ok 1116 country club drive
S1-631267110	Shyam Marketing Limited	3 8 409/114, Suryodaya Colony Chintalakunta, Lb Nagar, Rangareddy, Telangana	India	shyam marketing limited	3 8 409 114 suryodaya colony chintalakunta lb nagar rangareddy telangana
S1-616328186	EQK Multitrade Private Limited	# 516, 8Th Cross, Hbr Layout, 3Rd Block, 1St Stage., Bangalore, Karnataka	India	eqk multitrade private limited	516 8th cross hbr layout 3rd block 1st stage bangalore karnataka
S1-989458781	Art Ecole SAS	27 Rue du 8 Mai 1945, Lille, Hauts-de-France	France	art ecole sas	27 rue du 8 mai 1945 lille hauts de france
S1-158427430	Clean Crane Inc.	309 Beech Street, Unit J, Goldsboro, NC	US	clean crane inc	309 beech street unit j goldsboro nc
S1-943866501	Aide Club EURL	4 Cour Demaire, Lille, Hauts-de-France	France	aide club eurl	4 cour demaire lille hauts de france
S1-772390233	Lotus Food LLP	707 Iconic Shyamal Shyamal Cross Road, 132 Ring Road, Ahmadabad City, Ahmedabad, Gujarat	India	lotus food llp	707 iconic shyamal shyamal cross road 132 ring road ahmadabad city ahmedabad gujarat
S1-555104163	Ridgway, Polansky & Brown Qdro Inc	153 Varney Mill Road, Windham, ME	US	ridgway polansky brown qdro inc	153 varney mill road windham me
S1-634708855	Amicale des Agence	4 Rue de Fleurus, Tourcoing, Hauts-de-France	France	amicale des agence	4 rue de fleurus tourcoing hauts de france
S1-574838650	Lorain, Borough Of	2405 Washington Avenue, Unit APT 58, Lorain, OH	US	lorain borough of	2405 washington avenue unit apt 58 lorain oh
S1-454570944	Dheri (W) Services Private Limited	Flat No. 701, 7Th Floor, A Wing, Lalani'S Divine Residency, V.P. Road, An, Dheri (W), Mumbai, Maharashtra	India	dheri w services private limited	flat no 701 7th floor a wing lalani s divine residency v p road an dheri w mumbai maharashtra
S1-824705510	Hyderabad Constructions	Hyderabad, Sri Balaji Nilayam. H.No.- 2-17/124/72 Raghavendra Nagar, Telangana, Hyderabad, 3Rd Floor	India	hyderabad constructions	hyderabad sri balaji nilayam h no 2 17 124 72 raghavendra nagar telangana hyderabad 3rd floor
S1-353555145	Gulf Partners PC	8753 Vivero Street, Rancho Cucamonga, CA	US	gulf partners pc	8753 vivero street rancho cucamonga ca
S1-868191449	Rocky Strategic Laboratories L.L.C.	267 Skowhegan Road, Norridgewock, ME	US	rocky strategic laboratories l l c	267 skowhegan road norridgewock me
S1-207542087	Evans, Turner & Landeros, LLC	50 Oakwood Drive, Madison, CT	US	evans turner landeros llc	50 oakwood drive madison ct
S1-128224466	Carol Cooper Runway LLC	1128 Highland Street, Memphis, TN	US	carol cooper runway llc	1128 highland street memphis tn
S1-437847715	West Mining Inc	1750 E Marrowstone Road, Nordland, WA	US	west mining inc	1750 e marrowstone road nordland wa
S1-175897406	World & Associates	H.No. 35E, Model Town Samrala Road, Khanna, Khanna, Ludhiana, Punjab	India	world associates	h no 35e model town samrala road khanna khanna ludhiana punjab
S1-836657851	Evan Educational Society	65, P V Kovil Street, Udumalpet, Tiruppur, Udamalpet, Coimbatore, Tamil Nadu	India	evan educational society	65 p v kovil street udumalpet tiruppur udamalpet coimbatore tamil nadu
S1-738388422	Shree Impex Private Limited	Baltharwa, Bankey Bazar, Bankey Bajar, Gaya, Bihar	India	shree impex private limited	baltharwa bankey bazar bankey bajar gaya bihar
S1-70730985	Life Media Private Limited	1117, Vignesh Nagar, Thiruvalluvar Aveneue, Manachanallur, Tiruchirappalli, Tamil Nadu	India	life media private limited	1117 vignesh nagar thiruvalluvar aveneue manachanallur tiruchirappalli tamil nadu
S1-913071720	Laxmi Healthcare Private Limited	Kh No.- 199 House, No.- 1080 Ground Floor, Delhi, North West Delhi, Delhi	India	laxmi healthcare private limited	kh no 199 house no 1080 ground floor delhi north west delhi delhi
S1-730858570	Aniltech Developers Private Limited	Kant Helix S.No. 4237, Bhoir Colony, Chinchawad, Pune, Maharashtra	India	aniltech developers private limited	kant helix s no 4237 bhoir colony chinchawad pune maharashtra
S1-890842089	Fifi Bartholomew Unified Bleichroeder	211 Madison Park Drive, Huntsville, AL	US	fifi bartholomew unified bleichroeder	211 madison park drive huntsville al
S1-755841052	Asar & Brothers Limited	Sh-10 A Wing Grace Plaza, S V Road, Jogeshwari (W) Ne, Ar Masjid, Mumbai, Mumbai City, Maharashtra	India	asar brothers limited	sh 10 a wing grace plaza s v road jogeshwari w ne ar masjid mumbai mumbai city maharashtra
S1-62406587	United Technologies Private Limited	Raigarh, Maharashtra, Survey No. 52/3, 54/2, 55 & Others Village Kumbhiwali, Tal. Khalapur, Raigad	India	united technologies private limited	raigarh maharashtra survey no 52 3 54 2 55 others village kumbhiwali tal khalapur raigad
S1-945599294	Innovative Investment Private Limited	Skm House 132 A, Shyama, Prasad Mukherjee Road, Kolkata, Kolkata, Howrah, West Bengal	India	innovative investment private limited	skm house 132 a shyama prasad mukherjee road kolkata kolkata howrah west bengal
S1-282690027	Mahanadi R&d Private Limited	A-1, Alt-View, 7, Atlamount Road, Mumbai, Mumbai City, Maharashtra	India	mahanadi r d private limited	a 1 alt view 7 atlamount road mumbai mumbai city maharashtra
S1-119471339	Grace Methodist Church	WI, Town Of Pleasant Springs, 3073 Sunnyside Street	US	grace methodist church	wi town of pleasant springs 3073 sunnyside street
S1-612238175	Chang Sports	323 Winona Street, NC, Statesville	US	chang sports	323 winona street nc statesville
S1-507700514	Rnb Allied Private Limited	C/O Mohanlal Narmada Prasad Ashok Nagar, Khandwa, East Nimar, Madhya Pradesh	India	rnb allied private limited	c o mohanlal narmada prasad ashok nagar khandwa east nimar madhya pradesh
S1-507057032	Rajpura Community Private Limited	191- A, Urban Vatika, Sunny Enclave, Zirakpur, Rajpura, Mohali, Punjab	India	rajpura community private limited	191 a urban vatika sunny enclave zirakpur rajpura mohali punjab
S1-290658366	Anand International Pvt Ltd	House No Wz-32 Plot No 32 Floor First Raja Garden, Delhi, New Delhi, Delhi	India	anand international pvt ltd	house no wz 32 plot no 32 floor first raja garden delhi new delhi delhi
S1-521891133	Teddi Richardson Secure Mitsui LLC	3401 S Meadow Drive, Fort Worth, TX	US	teddi richardson secure mitsui llc	3401 s meadow drive fort worth tx
S1-49325121	Juniper LLC	AZ, 4474 Alamo Street, San Tan Valley	US	juniper llc	az 4474 alamo street san tan valley
S1-169797977	Great India Pune Pvt Ltd	Hno 125/494 Gala No 3 Sagar Market Tal Ambegeon, Pune, Maharashtra, Pune	India	great india pune pvt ltd	hno 125 494 gala no 3 sagar market tal ambegeon pune maharashtra pune
S1-44516836	Siddhesh Consultancy Private Limited	10/17, New Tank Street, Flat No 2, Shree Gayathri Nivas, Nungambakkam, Chennai, Tamil Nadu	India	siddhesh consultancy private limited	10 17 new tank street flat no 2 shree gayathri nivas nungambakkam chennai tamil nadu
S1-27176967	Reed Amplify	AZ, 24485 Yuma Road, Buckeye, Unit 104	US	reed amplify	az 24485 yuma road buckeye unit 104
S1-428409415	Southern Impex Private Limited	215, Emca House 23/23B, Ansari Road, Darya Ganj, New Delhi, Delhi	India	southern impex private limited	215 emca house 23 23b ansari road darya ganj new delhi delhi
S1-583030458	Pediatric Dental Associates	205 Cross Trail, Spicewood, TX	US	pediatric dental associates	205 cross trail spicewood tx
S1-659886446	Vidya Quality	2Nd Floor, 205, 206, 207 Ratnanjali Square, Nr. Gloriya Restaurant, Prerna Tirth Road, Prahaladnagar, Ahmadabad City, Ahmedabad, Gujarat	India	vidya quality	2nd floor 205 206 207 ratnanjali square nr gloriya restaurant prerna tirth road prahaladnagar ahmadabad city ahmedabad gujarat
S1-330401139	Pegasus Placement Pvt. Ltd.	305 Anupam Plaza 1, Plot No.6, Lsc Ghazipur, Delhi, East Delhi, Delhi	India	pegasus placement pvt ltd	305 anupam plaza 1 plot no 6 lsc ghazipur delhi east delhi delhi
S1-928776546	Lotus Services Private Limited	Platinum 21, C/O Ashish Jitendra Agrawal, Manas Rajat Vihar, Mhow, Indore, Madhya Pradesh	India	lotus services private limited	platinum 21 c o ashish jitendra agrawal manas rajat vihar mhow indore madhya pradesh
S1-79493353	Raise & Co Ltd	Bihar, C/O A P Prabhakar, Panchavati Basti, Beur, Anisabad, Patna	India	raise co ltd	bihar c o a p prabhakar panchavati basti beur anisabad patna
S1-598644426	Pioneer Tech Pvt Ltd	Jaunpur, Uttar Pradesh, Village & Post Mujarmahcalisahar Jaunpur, Jaunpur	India	pioneer tech pvt ltd	jaunpur uttar pradesh village post mujarmahcalisahar jaunpur jaunpur
S1-491672580	Pulido and Bland State	6 Heatherstone Drive, East Longmeadow, MA	US	pulido and bland state	6 heatherstone drive east longmeadow ma
S1-527616111	Cmpea Ecole	Bordeaux, 15 Cours du Maréchal Gallieni, Nouvelle-Aquitaine	France	cmpea ecole	bordeaux 15 cours du maréchal gallieni nouvelle aquitaine
S1-269743554	Lège-Cap-Ferret Club SASU	23 bis Allee de la Franchise, Lège-Cap-Ferret, Nouvelle-Aquitaine	France	lège cap ferret club sasu	23 bis allee de la franchise lège cap ferret nouvelle aquitaine
S1-737563674	Sequoia PC	3245 Milwaukee Avenue, Unit 3D, Glenview, IL	US	sequoia pc	3245 milwaukee avenue unit 3d glenview il
S1-662097139	Payal & Brothers	W/Ovinodpyadev H.No Asf62, Ansal Town, By Pass Road, Meerut, Uttar Pradesh	India	payal brothers	w ovinodpyadev h no asf62 ansal town by pass road meerut uttar pradesh
S1-76227211	Developers Am Makers Limited	Office No. 101, 8 Mukati Nagar, New Line Telephone Nagar, Opposite Ring Road, Indore, Madhya Pradesh	India	developers am makers limited	office no 101 8 mukati nagar new line telephone nagar opposite ring road indore madhya pradesh
S1-754443232	Country & Brothers Limited	332 To 334 Shiv Bhakti Ind Vill. Sanki, Gujarat, Surat, Tal. Palsana, Dist. Surat, Surat	India	country brothers limited	332 to 334 shiv bhakti ind vill sanki gujarat surat tal palsana dist surat surat
S1-541847553	Anchor Automation Global Inc	1501 Asbury Street, MN, Saint Paul	US	anchor automation global inc	1501 asbury street mn saint paul
S1-811085440	Frontier Dragon Inc	411 Chestnut Ridge Drive, Magnolia, DE	US	frontier dragon inc	411 chestnut ridge drive magnolia de
S1-398462363	Star Technology Private Limited	14-11C, Tower 14, Golf, Estate Phase 1, Sec 65, Bhondsi, Gurgaon, Haryana	India	star technology private limited	14 11c tower 14 golf estate phase 1 sec 65 bhondsi gurgaon haryana
S1-310166751	Horizon Creative Ventures	9475 Promontory Point Drive, Syracuse, IN	US	horizon creative ventures	9475 promontory point drive syracuse in
S1-258544368	Strive & Co	No.21, Bank Colony, 2Nd Street, Mmc Ch 51, Madavaram., Chennai, Tamil Nadu	India	strive co	no 21 bank colony 2nd street mmc ch 51 madavaram chennai tamil nadu
S1-29704874	Cooley Patriot Solar Inc	3005 Drake Cove, Leander, TX	US	cooley patriot solar inc	3005 drake cove leander tx
S1-71390708	Classic Lakshmi Producer Private Limited	2Nd Floor, 1-62/172, Plot No 172, Ratnam Chambers, Kavuri Hills, Madhapur, Shaikpet, Hyderabad, Telangana	India	classic lakshmi producer private limited	2nd floor 1 62 172 plot no 172 ratnam chambers kavuri hills madhapur shaikpet hyderabad telangana
S1-522847261	Best Foundation Private Limited	Bangalore, No. 1704, Bangalore, Karnataka, 17Th Cross, Behind Maruthi Mandir M C Layout, Vijayanagar	India	best foundation private limited	bangalore no 1704 bangalore karnataka 17th cross behind maruthi mandir m c layout vijayanagar
S1-209560741	Sandeen & Lewis Pharma	2554 Elm Avenue, Redmond, OR	US	sandeen lewis pharma	2554 elm avenue redmond or
S1-76891238	Tapia & Borelli Distribution, Inc	TX, 16807 Tomcat Drive, Round Rock	US	tapia borelli distribution inc	tx 16807 tomcat drive round rock
S1-803723987	Ruiz Piedmont Advisory	Unit 511, 5237 Lake Road, OH, Ashtabula	US	ruiz piedmont advisory	unit 511 5237 lake road oh ashtabula
S1-469837394	Pushkar Packaging LLP	119, Pkt-G4, Sectro-16, Ff, Rohini, Delhi, New Delhi, Delhi	India	pushkar packaging llp	119 pkt g4 sectro 16 ff rohini delhi new delhi delhi
S1-262724894	Noviq Pgim	117 Schrader Lane, Lake Jackson, TX	US	noviq pgim	117 schrader lane lake jackson tx
S1-789310261	Lola Coates Summit Duke Inc	795 Heather Drive, Peosta, IA	US	lola coates summit duke inc	795 heather drive peosta ia
S1-476233101	Generation Sports Club SARL	69 Rue Saint-Jean, Bordeaux, Nouvelle-Aquitaine	France	generation sports club sarl	69 rue saint jean bordeaux nouvelle aquitaine
S1-156259591	Aarya Candy Limited	799 Khalapar Yogendrapuri, Muzaffarnagar, Uttar Pradesh	India	aarya candy limited	799 khalapar yogendrapuri muzaffarnagar uttar pradesh
S1-148192848	Nieves Storage Inc.	11016 Middle Avenue, OH, Elyria	US	nieves storage inc	11016 middle avenue oh elyria
S1-253986339	Horizons (France) Restaurant EURL	28 Rue Gramont, Bordeaux, Nouvelle-Aquitaine	France	horizons france restaurant eurl	28 rue gramont bordeaux nouvelle aquitaine
S1-613788308	Neleor Inc.	Western Springs, 5005 Lawn Avenue, IL	US	neleor inc	western springs 5005 lawn avenue il
S1-46734148	Glitz (india) Private Limited	Maharashtra, Road Peth Walwa Sangli, Valva, Sangli, 3209 Islampur Shirala	India	glitz india private limited	maharashtra road peth walwa sangli valva sangli 3209 islampur shirala
S1-925888590	Maa Healthcare Pvt Ltd	Sh No. 01, Anusaya Niwas, Pl 01, Sneh Nagar, Mhasrul, Dindori Road, Nashik, Maharashtra	India	maa healthcare pvt ltd	sh no 01 anusaya niwas pl 01 sneh nagar mhasrul dindori road nashik maharashtra
S1-384391959	Holloman, Groseclose and Ramirez	20109 Co Hwy 29, Fergus Falls, MN	US	holloman groseclose and ramirez	20109 co hwy 29 fergus falls mn
S1-733058423	High Industries Limited	Godown No.1, Ground Floor, Rajlaxmi Sulzer Park, Sonale Road, Sonale Village, Bhiwandi, Thane, Maharashtra	India	high industries limited	godown no 1 ground floor rajlaxmi sulzer park sonale road sonale village bhiwandi thane maharashtra
S1-335922295	Union du Juventus	22 RUE Reniere, Bordeaux, Nouvelle-Aquitaine	France	union du juventus	22 rue reniere bordeaux nouvelle aquitaine
S1-62369497	Mandke Exports Pvt Ltd	C/O Anupama Ramachandra, Hegde 27A N Halli South, Bangalore South, Bangalore, Karnataka	India	mandke exports pvt ltd	c o anupama ramachandra hegde 27a n halli south bangalore south bangalore karnataka
S1-472029773	Ace Tech Private Limited	No. 74/7, Pemmanahalli, Sompura Hobli, Nelamangala, Bangalore Rural, Karnataka	India	ace tech private limited	no 74 7 pemmanahalli sompura hobli nelamangala bangalore rural karnataka
S1-379378394	Établissements Plaisanciers EURL	Hauts-de-France, 55 Rue de Saint-omer, Tourcoing	France	établissements plaisanciers eurl	hauts de france 55 rue de saint omer tourcoing
S1-802501899	Quaintance Vanguard Invesco Inc.	4245 Sweet Leaf Lane, Fl 0, Edgewater, MD	US	quaintance vanguard invesco inc	4245 sweet leaf lane fl 0 edgewater md
S1-404958214	Black Services Private Limited	Mini Bypass, Opp Krishna Vatika Colony, Bareilly, Uttar Pradesh	India	black services private limited	mini bypass opp krishna vatika colony bareilly uttar pradesh
S1-134964502	Behavioral Health Precision Partners LLC	1723 Madison Avenue, Tulsa, OK	US	behavioral health precision partners llc	1723 madison avenue tulsa ok
S1-903680191	Realtors Services Pvt Ltd	Bldg 58B, Shop 1, Brindaban Society, Thane West, Thane, Maharashtra	India	realtors services pvt ltd	bldg 58b shop 1 brindaban society thane west thane maharashtra
S1-746205301	Certified Cargo Industries LLC	29 Hendry Street, Boston, MA	US	certified cargo industries llc	29 hendry street boston ma
S1-356330116	Regional Freight, Inc.	1628 El Corro, Fort Mohave, AZ	US	regional freight inc	1628 el corro fort mohave az
S1-897438771	Karishma Foundation	38 Rajlaxmi Saudagar Societydhanakwad, Pune, Maharashtra	India	karishma foundation	38 rajlaxmi saudagar societydhanakwad pune maharashtra
S1-216853138	Tri-State Network	101 Prairie View Drive, City Of Beaver Dam, WI	US	tri state network	101 prairie view drive city of beaver dam wi
S1-21010276	Twisted Barbershop Center	1250 Country Club Road, Carroll Township, PA	US	twisted barbershop center	1250 country club road carroll township pa
S1-411150863	Highrise Biotech Limited	Plot No.886, Road No.45 Jubilee Hills, Hyderabad, Telangana	India	highrise biotech limited	plot no 886 road no 45 jubilee hills hyderabad telangana
S1-721904625	Saurabh Infrastructure Private Limited	E-81, Masjid Moth, Greater Kailash Part-Iii Delhi, Delhi	India	saurabh infrastructure private limited	e 81 masjid moth greater kailash part iii delhi delhi
S1-500842861	Nagpur Capital Private Limited	51B Mata Mandir Road, Gokulpeth, Nagpur, Maharashtra	India	nagpur capital private limited	51b mata mandir road gokulpeth nagpur maharashtra
S1-519840188	Delta Summit Omega	141 Pondview Street, Limestone, ME	US	delta summit omega	141 pondview street limestone me
S1-371172270	Nantes Centre SASU	3 Rue Georges Picot, Nantes, Pays de la Loire	France	nantes centre sasu	3 rue georges picot nantes pays de la loire
S1-146269669	Swastik Tech Global Pvt Ltd	63/3/B Sarat Bose Road, Kolkata, Howrah, West Bengal	India	swastik tech global pvt ltd	63 3 b sarat bose road kolkata howrah west bengal
S1-640903890	Dubois Westin L.L.C.	968 Sunnyside Drive, Virginia Beach City, VA	US	dubois westin l l c	968 sunnyside drive virginia beach city va
S1-579513223	Gujarat Industries Private Limited	Dee Pee Plaza Door No. 13/789/44, Thrissur, Kokkalai, Kerala	India	gujarat industries private limited	dee pee plaza door no 13 789 44 thrissur kokkalai kerala
S1-834059246	Surya Agro Private Limited	Tf-B-17 Bwing3Rd Floor Art Guild House, Phoenix Market City Kurla West, Mumbai, Maharashtra	India	surya agro private limited	tf b 17 bwing3rd floor art guild house phoenix market city kurla west mumbai maharashtra
S1-543738021	Cancer Project	94 Winchester Drive, Clay, NY	US	cancer project	94 winchester drive clay ny
S1-464735932	India Deccan Investment Associates	H.No. Ix/4, 4108, Gali No. 19, Ajit Nagar Gandhi Nagar, East Delhi, Delhi	India	india deccan investment associates	h no ix 4 4108 gali no 19 ajit nagar gandhi nagar east delhi delhi
S1-720494821	Alpha Infrastructure Pvt Ltd	79/631, Motilal Nagar 1, Goregaon West, Mumbai, Maharashtra	India	alpha infrastructure pvt ltd	79 631 motilal nagar 1 goregaon west mumbai maharashtra
S1-614166527	Yog (India) Exports Private Limited	Plot No .6 Gut No 179/5, Jyotsna Hsgsoc Mayur Park, Aurangabad, Maharashtra	India	yog india exports private limited	plot no 6 gut no 179 5 jyotsna hsgsoc mayur park aurangabad maharashtra
S1-330425761	Shyam Consultants Private Limited	No. 8, 2Nd Floor, Diamond, Market, Urban Bank, Mahesana, Gujarat	India	shyam consultants private limited	no 8 2nd floor diamond market urban bank mahesana gujarat
S1-636382711	Aditya Investment Limited	H.No 52/1, Ground Floor, Block-A, Saroop Nagar, Delhi, North West Delhi, Delhi	India	aditya investment limited	h no 52 1 ground floor block a saroop nagar delhi north west delhi delhi
S1-845582955	Sapphire	6523 Rosecliff Ct, Prospect, KY	US	sapphire	6523 rosecliff ct prospect ky
S1-864813407	Gurgaon-122001 Properties Private Limited	L-101, 1St Floor, Jmd Garden, Sector-33, Near Subhash Chowk, Gurgaon, Haryana	India	gurgaon 122001 properties private limited	l 101 1st floor jmd garden sector 33 near subhash chowk gurgaon haryana
S1-226835563	Elite Wireless Systems	115 Long Meadow Hill Road, Brookfield, CT	US	elite wireless systems	115 long meadow hill road brookfield ct
S1-593083174	Star Estate Private Limited	1St Floor, Tamil Nadu, Chennai City Corporation, New No.70, Old No.16, 1St Avenue, Ashok Nagar, Chennai	India	star estate private limited	1st floor tamil nadu chennai city corporation new no 70 old no 16 1st avenue ashok nagar chennai
S1-265308634	All Foods Pvt Ltd	We Work Olympia Cyberspace, Door No.21/22, 2Nd Street, Alandur Road, Arulayammanpet, Guindy, Chennai City Corporation, Chennai, Tamil Nadu	India	all foods pvt ltd	we work olympia cyberspace door no 21 22 2nd street alandur road arulayammanpet guindy chennai city corporation chennai tamil nadu
S1-342524902	Patel Dbdr	2 Rose Drive, Dayton, KY	US	patel dbdr	2 rose drive dayton ky
S1-313657958	Indo Healthcare Private Limited	208, Sadar Complex, Sadar Bazar, Fatehgunj, Vadodra, Vadodara, Gujarat	India	indo healthcare private limited	208 sadar complex sadar bazar fatehgunj vadodra vadodara gujarat
S1-761368811	Urgent Care Group	NC, 4302 Witherow Road, Winston-salem	US	urgent care group	nc 4302 witherow road winston salem
S1-370040082	Korian Institut SARL	16 Avenue de la Jonquière, Pays de la Loire, Saint-Herblain	France	korian institut sarl	16 avenue de la jonquière pays de la loire saint herblain
S1-30674002	Fresh Tattoo	24120 2nd Place, Bothell, WA	US	fresh tattoo	24120 2nd place bothell wa
S1-184326040	Principle Federation Private Limited	Pk-155 Sector 122, Noida, Gautam Buddha Nagar, Uttar Pradesh	India	principle federation private limited	pk 155 sector 122 noida gautam buddha nagar uttar pradesh
S1-752875458	Big Ice Cream	7557 Stoney Run Drive, Unit 301, Hanover, MD	US	big ice cream	7557 stoney run drive unit 301 hanover md
S1-749190987	Tout Atelier EURL	89 Boulevard Robert Schuman, Pays de la Loire, Nantes	France	tout atelier eurl	89 boulevard robert schuman pays de la loire nantes
S1-303885393	Media Libra Infra LLP	Varanasi, C/O Hari Shankar Maurya, 151, Jansa, Raja Talab, Uttar Pradesh	India	media libra infra llp	varanasi c o hari shankar maurya 151 jansa raja talab uttar pradesh
S1-524471698	Dream Properties Pvt Ltd	B-5, Floor-1, Plot 571, A, Silver Queen, Sonawala Agiary Lane, Mahim, Mumbai, Mumbai City, Maharashtra	India	dream properties pvt ltd	b 5 floor 1 plot 571 a silver queen sonawala agiary lane mahim mumbai mumbai city maharashtra
S1-81401869	Jain Sunrise Products Private Limited	D. No. 750/1-3, M46/1-3, Kootapally Colony, Anna Nagar, Thiruchengodu, Namakkal, Tamil Nadu	India	jain sunrise products private limited	d no 750 1 3 m46 1 3 kootapally colony anna nagar thiruchengodu namakkal tamil nadu
S1-600924899	Jeet Designs Limited	735, Anna Salai, Madras, Chennai, Tamil Nadu	India	jeet designs limited	735 anna salai madras chennai tamil nadu
S1-223740121	Lantern	6437 Eudailey Covington Road, Williamson County, TN	US	lantern	6437 eudailey covington road williamson county tn
S1-497450389	Roland Nexera LLC	1612 Kay Street, Oroville, WA	US	roland nexera llc	1612 kay street oroville wa
S1-951404426	Guru Management Pvt Ltd	Plot No 69, Shiva Sai Nagar Peerzadiguda, Hyderabad, Rangareddy, Telangana	India	guru management pvt ltd	plot no 69 shiva sai nagar peerzadiguda hyderabad rangareddy telangana
S1-677361364	U 3 Platinum Viii Corp	11618 Slick Rock Drive, Richmond, TX	US	u 3 platinum viii corp	11618 slick rock drive richmond tx
S1-438605996	Radha Traders Ltd	37 Ezra St, Kolkata, Calcutta, West Bengal	India	radha traders ltd	37 ezra st kolkata calcutta west bengal
S1-669877826	Chiropractic Care	342 Kalamazoo Road, Philippi, WV	US	chiropractic care	342 kalamazoo road philippi wv
S1-293244964	Family Strategic Partners Inc.	6731 Cedar Shadow Drive, Dallas, TX	US	family strategic partners inc	6731 cedar shadow drive dallas tx
S1-872080679	Sisoft PLLC	N10942 Jersey Road, Town Of Trenton, WI	US	sisoft pllc	n10942 jersey road town of trenton wi
S1-578655170	Shyam Producer Limited	Bunglow No. Ib-71, Gut No. 64/1, Disha Sanskruti, Silk City, Paithan Road, Aurangabad, Maharashtra	India	shyam producer limited	bunglow no ib 71 gut no 64 1 disha sanskruti silk city paithan road aurangabad maharashtra
S1-855309387	Jai Way	Gujarat, Bharuch, B/H Vachnamrut Resi At, Survey No 263/1, Bharuch	India	jai way	gujarat bharuch b h vachnamrut resi at survey no 263 1 bharuch
S1-849800146	Kirthi Infratech Limited	Delhi, East Rohtash Nagar Shahdara, East Delhi, Delhi, 1/6345	India	kirthi infratech limited	delhi east rohtash nagar shahdara east delhi delhi 1 6345
S1-950006929	Anchor Quartzsea LLC	16263 Field Haze Trail, Cypress, TX	US	anchor quartzsea llc	16263 field haze trail cypress tx
S1-477543769	Amber Inc.	1068 230, Smiths Station, AL	US	amber inc	1068 230 smiths station al
S1-533947051	Tourcoing Groupe SARL	40 Rue Noel Legleye, Tourcoing, Hauts-de-France	France	tourcoing groupe sarl	40 rue noel legleye tourcoing hauts de france
S1-689992280	Modern Marketing Private Limited	R/O 167/1/289/8/1, Kechana, Halli, Mysore Road, Bangalore South, Bangalore, Karnataka	India	modern marketing private limited	r o 167 1 289 8 1 kechana halli mysore road bangalore south bangalore karnataka
S1-827116132	Hunger Center of Zionsville	110 Lexington Drive, Zionsville, IN	US	hunger center of zionsville	110 lexington drive zionsville in
S1-130033627	True & Sons Company	#208, 1St Floor, Hosakote(V), Pargodu Post Bagepalli Taluk, Chickballapur Dist, Bangalore, Karnataka	India	true sons company	208 1st floor hosakote v pargodu post bagepalli taluk chickballapur dist bangalore karnataka
S1-200328362	Live Clinic Pvt Ltd	A 303 Rainbow Exotica, Nr Karnavati -4 B/H Anusthan Bunglow Narol, Daskroi, Ahmedabad, Gujarat	India	live clinic pvt ltd	a 303 rainbow exotica nr karnavati 4 b h anusthan bunglow narol daskroi ahmedabad gujarat
S1-822365624	Bombay Estate	1055, 12 A Mainhal 2Nd Stage Bangalore., Bangalore., Karnataka	India	bombay estate	1055 12 a mainhal 2nd stage bangalore bangalore karnataka
S1-973488776	FN Chemicals Limited	12/16 Ff W.E.A. Karol Bagh, Delhi, North Delhi, Delhi	India	fn chemicals limited	12 16 ff w e a karol bagh delhi north delhi delhi
S1-13451015	Bordeaux Primaire SARL	23 Rue Jeanne Lanvin, Bordeaux, Nouvelle-Aquitaine	France	bordeaux primaire sarl	23 rue jeanne lanvin bordeaux nouvelle aquitaine
S1-618510970	Royal Prairie Lincoln	24 Greenbriar Road, Meriden, CT	US	royal prairie lincoln	24 greenbriar road meriden ct
S1-452851960	Digital International Pvt Ltd	P No 8, S No 12/6, Sri Thadayuthapani Ngr Kannivakkam Village, Vandalur, Chengalpattu, Kancheepuram, Tamil Nadu	India	digital international pvt ltd	p no 8 s no 12 6 sri thadayuthapani ngr kannivakkam village vandalur chengalpattu kancheepuram tamil nadu
S1-725672126	Gym & Fils SARL	7 Avenue du Malaga Cap Ferret, Lège-Cap-Ferret, Nouvelle-Aquitaine	France	gym fils sarl	7 avenue du malaga cap ferret lège cap ferret nouvelle aquitaine
S1-371215032	LE Mars Private Limited	Plot No. 118 Sector 2A, Vaishali, Ghaziabad, Uttar Pradesh	India	le mars private limited	plot no 118 sector 2a vaishali ghaziabad uttar pradesh
S1-880149151	International Impex Limited	H. No. 18/9, 5Th Floor, Gaffar Manjil, Okhla, New Delhi, South Delhi, Delhi	India	international impex limited	h no 18 9 5th floor gaffar manjil okhla new delhi south delhi delhi
S1-704316296	Pediatric Dental Patriot Health Group	Beaverton, 4680 191st Avenue, OR	US	pediatric dental patriot health group	beaverton 4680 191st avenue or
S1-491775540	Palash Nidhi Private Limited	Plot No.131, No. 5, Vagai Street, Sri Nagar Colony, Thirumullaivoyal, Chennai, Tamil Nadu	India	palash nidhi private limited	plot no 131 no 5 vagai street sri nagar colony thirumullaivoyal chennai tamil nadu
S1-503016984	Ace Food Pvt Ltd	14, Krishnan West Street, N.T. Road, Sathyamangalam, Erode, Tamil Nadu	India	ace food pvt ltd	14 krishnan west street n t road sathyamangalam erode tamil nadu
S1-446731231	First Tech	H No. 3-64/5 Flat No. 304 Gsk Towers Bagh Ameer Kukatpalli, Hyderabad, Telangana	India	first tech	h no 3 64 5 flat no 304 gsk towers bagh ameer kukatpalli hyderabad telangana
S1-908289013	Bowman Dental Associates LLC	1028 Brice Road, MD, Rockville	US	bowman dental associates llc	1028 brice road md rockville
S1-450337428	Royal Products	H No 15-50/5/90, Road 3, Tulasivanam, Ramachandrapuram, Medak, Telangana	India	royal products	h no 15 50 5 90 road 3 tulasivanam ramachandrapuram medak telangana
S1-29596643	Mumbai Welfare Private Limited	201, Thane, Shreeji Ashish Building, Khopat, Shree Swami Narayan Nagar, Pokhran Road, No.1, Maharashtra, Mumbai	India	mumbai welfare private limited	201 thane shreeji ashish building khopat shree swami narayan nagar pokhran road no 1 maharashtra mumbai
S1-601561210	Ram Logistics Private Limited	Kwh-62-1/3 Ekta Ngr, Juhu, Ln Opp Janta Flour Mill, Mumbai, Maharashtra	India	ram logistics private limited	kwh 62 1 3 ekta ngr juhu ln opp janta flour mill mumbai maharashtra
S1-597171150	Peak Chemical Industries Laramie LLC	74 Timber Canyon Road, Laramie, WY	US	peak chemical industries laramie llc	74 timber canyon road laramie wy
S1-754410830	South Software Pvt Ltd	Fl-B/603 Tirupati Plot-32 Sec-1E Kalamboli, Navi Mumbai, Raigarh, Maharashtra	India	south software pvt ltd	fl b 603 tirupati plot 32 sec 1e kalamboli navi mumbai raigarh maharashtra
S1-995936163	IRC Mining	F No.216, Dsr Lotus Towers, Itpl Main Road, Whitefield, Bangalore North, Bangalore, Karnataka	India	irc mining	f no 216 dsr lotus towers itpl main road whitefield bangalore north bangalore karnataka
S1-990991704	Good Infrastructure Private Limited	A Wing 701, Vraj One, Andheri West, Mumbai, Maharashtra	India	good infrastructure private limited	a wing 701 vraj one andheri west mumbai maharashtra
S1-52033338	OO Cargo LLP	No.301, Milford Terrace, 403, 2Nd Cross Koramangala, Iii Block, Bangalore, Karnataka	India	oo cargo llp	no 301 milford terrace 403 2nd cross koramangala iii block bangalore karnataka
S1-717480913	One Anand Consultants Private Limited	Pune, Maharashtra, Shop No Ug 9, Adorn Business Centre, Cts No 564, Pune City	India	one anand consultants private limited	pune maharashtra shop no ug 9 adorn business centre cts no 564 pune city
S1-699194125	Komal Village Private Limited	Building No 15 593 Z 59 Daliya Kpees Avenue, Up Hill, Malappuram, Malappuram, Malapuram, Kerala	India	komal village private limited	building no 15 593 z 59 daliya kpees avenue up hill malappuram malappuram malapuram kerala
S1-685163224	Chiropractic Partners LLC	6811 Bay Shore Drive, Town Of Egg Harbor, WI	US	chiropractic partners llc	6811 bay shore drive town of egg harbor wi
S1-185787384	Peak Payroll Company	1306 Incline Circle, Garland, TX	US	peak payroll company	1306 incline circle garland tx
S1-263986904	Williams Gold Inc	4661 Epidote Road, Golden Valley, AZ	US	williams gold inc	4661 epidote road golden valley az
S1-109940605	Madella Sanchez, L.C.S.W., M.D., P.C.	5066 Summer Day Lane, MD, Columbia	US	madella sanchez l c s w m d p c	5066 summer day lane md columbia
S1-109569754	Moussa, Grant and Aki LLC	1072 Long Street, Sweet Home, OR	US	moussa grant and aki llc	1072 long street sweet home or
S1-161663716	Aar Fabrics Pvt Ltd	23/1 Raja Nabakrishna St, Sovabazar, Kolkata, Kolkata, Howrah, West Bengal	India	aar fabrics pvt ltd	23 1 raja nabakrishna st sovabazar kolkata kolkata howrah west bengal
S1-162695461	SOO Danse SARL	14 Chemin de Coulvé, Saint-Nazaire, Pays de la Loire	France	soo danse sarl	14 chemin de coulvé saint nazaire pays de la loire
S1-648022940	Amicale des Papier	137 Rue de Pornichet, Saint-Nazaire, Pays de la Loire	France	amicale des papier	137 rue de pornichet saint nazaire pays de la loire
S1-807531920	Roubaix Parents EURL	Roubaix, Hauts-de-France, 57 Boulevard de Lyon	France	roubaix parents eurl	roubaix hauts de france 57 boulevard de lyon
S1-622031313	White Investments LLP	Tamil Nadu, 5Th Cross St South Phase, Industrial Estate, Guindy, Chennai, Plot 21-B	India	white investments llp	tamil nadu 5th cross st south phase industrial estate guindy chennai plot 21 b
S1-147548498	Loyal Ventures Ltd	House No-117, Urban Estate, Sector-5, Gurgaon, Haryana	India	loyal ventures ltd	house no 117 urban estate sector 5 gurgaon haryana
S1-26628666	Guruji Charitable Trust	E-2238, Palam Vihar Gurgaon, Gurgaon, Haryana	India	guruji charitable trust	e 2238 palam vihar gurgaon gurgaon haryana
S1-240414034	Classe Amis	51 Rue de la Conférence, Roubaix, Hauts-de-France	France	classe amis	51 rue de la conférence roubaix hauts de france
S1-377471644	Jaipur Consulting Limited	Plot No. 72 Income Tax Colony -1 Jagatpura Road, Malviya Nagar, Jaipur, Rajasthan	India	jaipur consulting limited	plot no 72 income tax colony 1 jagatpura road malviya nagar jaipur rajasthan
S1-795051867	Bright Pizza PLLC	235 Navasota Narrows Way, Conroe, TX	US	bright pizza pllc	235 navasota narrows way conroe tx
S1-518221826	DL Groupement SARL	47 Passage de Bel Air, Saint-Nazaire, Pays de la Loire	France	dl groupement sarl	47 passage de bel air saint nazaire pays de la loire
S1-569486927	Creative Trading Private Limited	Plot No.C 10 & S 11, Kinfra Integrated Industrial And Textile Park, Menon Para Road, Pudur, Kanjikode Industrial Area, Palakkad, Kerala	India	creative trading private limited	plot no c 10 s 11 kinfra integrated industrial and textile park menon para road pudur kanjikode industrial area palakkad kerala
S1-788480541	Noida Mills Corporation	Gautam Buddha Nagar, B-07, Noida, Alpha-1, Greater Noida, Gautam Buddha Nagar, Uttar Pradesh	India	noida mills corporation	gautam buddha nagar b 07 noida alpha 1 greater noida gautam buddha nagar uttar pradesh
S1-650931728	Kolkata Wealth Private Limited	40, Shib Krishna Daw Lane, Phulbagan, Kolkata, Howrah, West Bengal	India	kolkata wealth private limited	40 shib krishna daw lane phulbagan kolkata howrah west bengal
S1-949970105	Paulk, Rux and Flores LLC	80 Horizon Circle, South Windsor, CT	US	paulk rux and flores llc	80 horizon circle south windsor ct
S1-224442543	Bingo Dayal	Scf-41 F Block, B-35, B.R.S Nagar, Ludhiana, Punjab	India	bingo dayal	scf 41 f block b 35 b r s nagar ludhiana punjab
S1-262086042	Skin Marketing Pvt. Ltd.	Flat 302, Audumber, Singhgadra, Sn-120A120B Pl-21, Parvati, Pune, Maharashtra	India	skin marketing pvt ltd	flat 302 audumber singhgadra sn 120a120b pl 21 parvati pune maharashtra
S1-539063080	Goodyear Youth Project	15438 Mackenzie Drive, Goodyear, AZ	US	goodyear youth project	15438 mackenzie drive goodyear az
S1-758070549	Route 22 Deli	25853 Juniper Street, Loma Linda, CA	US	route 22 deli	25853 juniper street loma linda ca
S1-102067063	Jharkhand & Sons Pvt. Ltd.	No.12/214, Sastha Nagar 1St Street Vengaivasal, Medavakkam, Chennai, Tamil Nadu	India	jharkhand sons pvt ltd	no 12 214 sastha nagar 1st street vengaivasal medavakkam chennai tamil nadu
S1-232798487	Basant Resorts Private Limited	34-1539, Near Penumuru Cross, Beside Rrr Hotel, Chittoor Rural, Murakambattu, Chittoor, Andhra Pradesh	India	basant resorts private limited	34 1539 near penumuru cross beside rrr hotel chittoor rural murakambattu chittoor andhra pradesh
S1-105827392	Amit Systems Pvt. Ltd.	H No. 1-10-177, 7Th Floor Varun Towers, Begumpet, Hyderabad, Telangana	India	amit systems pvt ltd	h no 1 10 177 7th floor varun towers begumpet hyderabad telangana
S1-906803032	Ss Builders Limited	Unit No. 8, 5Th Floor, Phase I, New Alipore Market Complex, Block M, New, Alipore, Kolkata, Kolkata, Howrah, West Bengal	India	ss builders limited	unit no 8 5th floor phase i new alipore market complex block m new alipore kolkata kolkata howrah west bengal
S1-42258623	Aditya Hospitality Private Limited	Calicut Tile Company Road, Kerala, Room No 46/223, Kozhikode	India	aditya hospitality private limited	calicut tile company road kerala room no 46 223 kozhikode
S1-578070457	Esperance Groupement EURL	34 Rue Andronne, Bordeaux, Nouvelle-Aquitaine	France	esperance groupement eurl	34 rue andronne bordeaux nouvelle aquitaine
S1-179448674	Williams, Shelbi F., O.D., M.D., P.C.	59 Hillcrest Road, Elmira, NY	US	williams shelbi f o d m d p c	59 hillcrest road elmira ny
S1-377942865	Maison de Santé de la Coordination	76 Rue Marcel Sembat, Saint-Nazaire, Pays de la Loire	France	maison de santé de la coordination	76 rue marcel sembat saint nazaire pays de la loire
S1-117124656	N 8 Y Diversified	1530 Skyline Drive, Forrest City, AR	US	n 8 y diversified	1530 skyline drive forrest city ar
S1-993829678	Chorale Fetes (France) SASU	1 RUE de la Cense au ble, residence les villas Princesse, appartement 26, Lille, Hauts-de-France	France	chorale fetes france sasu	1 rue de la cense au ble residence les villas princesse appartement 26 lille hauts de france
S1-170883326	Laroque, Hodge & Rue Inc	520 Blue Wing Drive, CA, Suisun City	US	laroque hodge rue inc	520 blue wing drive ca suisun city
S1-966166665	Aradhana Mercantile Private Limited	Plot No-43(P), Saheed Nagar, Bhubaneswar, Khordha, Orissa	India	aradhana mercantile private limited	plot no 43 p saheed nagar bhubaneswar khordha orissa
S1-168402024	Tous (France) Soins EURL	16 b impasse des Tourterelles, Lège-Cap-Ferret, Nouvelle-Aquitaine	France	tous france soins eurl	16 b impasse des tourterelles lège cap ferret nouvelle aquitaine
S1-432612382	Hari Trading Limited	Plot No. 22 Budh Vihar, Bate Kishan Purwa, Chinhat, Lucknow, Uttar Pradesh, Lucknow, C/O Mr. Shailendra Singh	India	hari trading limited	plot no 22 budh vihar bate kishan purwa chinhat lucknow uttar pradesh lucknow c o mr shailendra singh
S1-106694036	Y S & M Wisekey	58165 Davidson Road, Max, MN	US	y s m wisekey	58165 davidson road max mn
S1-860696171	Ermengarde's Cafe LLC	165 Daily Drive, Unit 133, Camarillo, CA	US	ermengarde s cafe llc	165 daily drive unit 133 camarillo ca
S1-947779057	Advanced Environmental Group	IN, 469 Mocking Bird Lane, Lowell	US	advanced environmental group	in 469 mocking bird lane lowell
S1-478187960	Shanti Phosphates Private Limited	No. 67/663, Dwaraka 1St Floor, St. Benedict Road, 1St Cross, Ernakulam, Kerala	India	shanti phosphates private limited	no 67 663 dwaraka 1st floor st benedict road 1st cross ernakulam kerala
S1-901582927	Douglas and Sosa Snow LLC	583 Cleavland Drive, IL, Bolingbrook	US	douglas and sosa snow llc	583 cleavland drive il bolingbrook
S1-903791016	Calderon's Book Store	3272 Wellington Drive, Brownsville, TX	US	calderon s book store	3272 wellington drive brownsville tx
S1-11483643	Tracy Learning Center Inc	102 Norwich Court, Lavergne, TN	US	tracy learning center inc	102 norwich court lavergne tn
S1-347810367	Peo Preferred Contracting, LLC	301 East Street, Tuscumbia, AL	US	peo preferred contracting llc	301 east street tuscumbia al
S1-557169552	Oliver, Hahn & Ford Robotics LLC	321 Loreley Road, White Marsh, MD	US	oliver hahn ford robotics llc	321 loreley road white marsh md
S1-618760923	Surya Logistics	No 115, F2-10, Kpa Building, 7Th Street Extension, Gandhipuram, Coimbatore South, Coimbatore, Tamil Nadu	India	surya logistics	no 115 f2 10 kpa building 7th street extension gandhipuram coimbatore south coimbatore tamil nadu
S1-342769339	XLI Peoples Private Limited	3/144, Pichen House Chattiparamba. Po East Kodur, Malappuram, Ernakulam, Kerala	India	xli peoples private limited	3 144 pichen house chattiparamba po east kodur malappuram ernakulam kerala
S1-533988643	Racines Culturelle SAS	58 RUE Michel Ange, Saint-Nazaire, Pays de la Loire	France	racines culturelle sas	58 rue michel ange saint nazaire pays de la loire
S1-683869141	Club de Vieilles	3 Bis Rue de la Moisdonnière, Nantes, Pays de la Loire	France	club de vieilles	3 bis rue de la moisdonnière nantes pays de la loire
S1-293619205	Ss Industries Private Limited	Plot No. 11, 12, Ramnath Industrial Park, Near Murlidhar Waybridge, B/H Ramvan, National Highway 8/B, Rajkot, Gujarat	India	ss industries private limited	plot no 11 12 ramnath industrial park near murlidhar waybridge b h ramvan national highway 8 b rajkot gujarat
S1-896292297	Krishna Constructions Private Limited	#212, Uma Sanjeevini Residency, Bangalore South, Bangalore, Karnataka	India	krishna constructions private limited	212 uma sanjeevini residency bangalore south bangalore karnataka
S1-926971348	Precision Flexible	1053 Stafford Street, Arlington County, VA	US	precision flexible	1053 stafford street arlington county va
S1-329066163	Pinnacle All Cdt LLC	429 Terrie Drive, Cave City, AR	US	pinnacle all cdt llc	429 terrie drive cave city ar
S1-658544337	Womens Health Medicine	50 Roxbury Road, Mexico, ME	US	womens health medicine	50 roxbury road mexico me
S1-137870529	Fédération du Lecole	54 Rue la Perouse, Tourcoing, Hauts-de-France	France	fédération du lecole	54 rue la perouse tourcoing hauts de france
S1-486008614	Y X King Holdings	615 Fm 1462, Rosharon, TX	US	y x king holdings	615 fm 1462 rosharon tx
S1-935841397	Rajkot It	1St Floor, Shivam Complex, Jalaram-4, 150Ft Ring Road, Mavdi, Rajkot, Gujarat	India	rajkot it	1st floor shivam complex jalaram 4 150ft ring road mavdi rajkot gujarat
S1-326846186	South Services	No-1/1, Bharathy Nagar, 1St Street Near Sidco Nagar, Chennai, Tamil Nadu	India	south services	no 1 1 bharathy nagar 1st street near sidco nagar chennai tamil nadu
S1-711330965	Jsm International Private Limited	25-28, Floor -2, Plot No. 209, Atlanta Building, Jamnalal Bajaj Marg, Nariman Point, Mumb, Ai, Mumbai, Mumbai City, Maharashtra	India	jsm international private limited	25 28 floor 2 plot no 209 atlanta building jamnalal bajaj marg nariman point mumb ai mumbai mumbai city maharashtra
S1-722405675	Crystal Freight Group	225 Hudson Road, Stow, MA	US	crystal freight group	225 hudson road stow ma
S1-463287529	East Tech Private Limited	Shop No.19, Tulsi Height, Plot No.25, Sector 22, Kamothe, Panvel, Raigad, Maharashtra, Raigad	India	east tech private limited	shop no 19 tulsi height plot no 25 sector 22 kamothe panvel raigad maharashtra raigad
S1-149411806	Gaule Sportive SARL	30 RUE des Meuniers, Lille, Hauts-de-France	France	gaule sportive sarl	30 rue des meuniers lille hauts de france
S1-541361289	Lee Buildtech Limited	Plot No 159 Kh No 86/110, Himciyt Part-1, Ganeshpur, Lucknow, Uttar Pradesh	India	lee buildtech limited	plot no 159 kh no 86 110 himciyt part 1 ganeshpur lucknow uttar pradesh
S1-977429262	Sunshine Creation LLP	4/469, Adaikala Annai Nagar, Tiruchirappalli, Tamil Nadu	India	sunshine creation llp	4 469 adaikala annai nagar tiruchirappalli tamil nadu
S1-11172779	Torres, Jolie, DMD	305 Heritage Drive, Sartell, MN	US	torres jolie dmd	305 heritage drive sartell mn
S1-350174317	Rogge & Hiatt Fargo PC	914 Mackintosh Drive, Magnolia, TX	US	rogge hiatt fargo pc	914 mackintosh drive magnolia tx
S1-279892562	Amaravathi Investments Ltd	451, Obc Colony, Near Akshya Patra Temple, Jagatpura, Jaipur, Rajasthan	India	amaravathi investments ltd	451 obc colony near akshya patra temple jagatpura jaipur rajasthan
S1-822292739	Prime Consultancy Private Limited	311/2, 10Th E Main Road, Jayanagar 1St Block, Bangalore, Karnataka	India	prime consultancy private limited	311 2 10th e main road jayanagar 1st block bangalore karnataka
S1-272127430	Soulac Sport SARL	163 Rue des 3 Pierres, Tourcoing, Hauts-de-France	France	soulac sport sarl	163 rue des 3 pierres tourcoing hauts de france
S1-667764898	Proedge Services LLP	E-135-A Dilshad Garden, Shahdara Near, Hansraj Public School, East Delhi, Delhi	India	proedge services llp	e 135 a dilshad garden shahdara near hansraj public school east delhi delhi
S1-581382815	Supreme Future Ventures Private Limited	No.76/K, Mettupalayam Road, Panrutti Village, Sriperumpudur Talik, Kancheepuram Dist, Kancheepuram, Tamil Nadu	India	supreme future ventures private limited	no 76 k mettupalayam road panrutti village sriperumpudur talik kancheepuram dist kancheepuram tamil nadu
S1-473952711	Maison de Santé Saint Entrepreneuses	85 Boulevard d'Armentières, Roubaix, Hauts-de-France	France	maison de santé saint entrepreneuses	85 boulevard d armentières roubaix hauts de france
S1-221315364	Team Groupe SAS	Chemin de la Pierre Percee, 1 ALL des Crocus, Pays de la Loire, Nantes	France	team groupe sas	chemin de la pierre percee 1 all des crocus pays de la loire nantes
S1-250931789	Bronaugh Series Inc	3272 Struble Road, Cincinnati, OH	US	bronaugh series inc	3272 struble road cincinnati oh
S1-598934460	Noida Jewells Private Limited	B-17, Sector-65, Noida, Gautam Buddha Nagar, Uttar Pradesh	India	noida jewells private limited	b 17 sector 65 noida gautam buddha nagar uttar pradesh
S1-584697437	Supreme & Co Limited	143 B Prabhudarsan Soc, Ugat J Bad, Surat, Gujarat	India	supreme co limited	143 b prabhudarsan soc ugat j bad surat gujarat
S1-405602194	Pinnacle Ishares LLC	1410 Norman Street, East Gadsden, AL	US	pinnacle ishares llc	1410 norman street east gadsden al
S1-608664540	Jai Foundation Private Limited	H No 258 Old Housing Board Colony, Murthal Adda, Sonipat, Haryana	India	jai foundation private limited	h no 258 old housing board colony murthal adda sonipat haryana
S1-84451840	United Infra Pvt Ltd	Ofc No.41/42, Flr-4, Plot 274/276, Chitalia House, Dr. Cawasji Hormasji Lane, Fish Mkt, Dhobitala, O, Kalbadev, Marine Lines, Mumbai City, Maharashtra	India	united infra pvt ltd	ofc no 41 42 flr 4 plot 274 276 chitalia house dr cawasji hormasji lane fish mkt dhobitala o kalbadev marine lines mumbai city maharashtra
S1-167638623	SAL Diagnostic Private Limited	Dosabhai Cottage, Near Maheshwari Lodge Parsi Compound, Neemuch, Madhya Pradesh	India	sal diagnostic private limited	dosabhai cottage near maheshwari lodge parsi compound neemuch madhya pradesh
S1-956897563	Cardiology Care Associates	29 Estelle Drive, Cheektowaga, NY	US	cardiology care associates	29 estelle drive cheektowaga ny
S1-729467781	Dynatech Vision Private Limited	Fl No A 102, Sargam Aprt Adajan Road, Surat, Gujarat	India	dynatech vision private limited	fl no a 102 sargam aprt adajan road surat gujarat
S1-80773469	NKU Infratech Company	H. No 262 Suraj Nagar, Moga, Punjab	India	nku infratech company	h no 262 suraj nagar moga punjab
S1-513599911	OV Coiffure SARL	2 Avenue de Langeais, Saint-Herblain, Pays de la Loire	France	ov coiffure sarl	2 avenue de langeais saint herblain pays de la loire
S1-533522938	Lyrelle Compania Inc	2111 Jasper Street, Unit APARTMENT B3, Broken Arrow, OK	US	lyrelle compania inc	2111 jasper street unit apartment b3 broken arrow ok
S1-581757578	New Sky Enterprises Private Limited	285, Makan, Dehli, Sultanpur, Uttar Pradesh	India	new sky enterprises private limited	285 makan dehli sultanpur uttar pradesh
S1-657558693	Vijay Medical Centre Ltd	1101, 11Th Floor, Pragti Tower, Rajendra Place New Delhi, New Delhi, Central Delhi, Delhi	India	vijay medical centre ltd	1101 11th floor pragti tower rajendra place new delhi new delhi central delhi delhi
S1-402494925	Cibi Brothers Center	914 Corporate Annexe, Sonawala Road, Near Udyog Bhawan, Gorega, On-East, Mumbai, Mumbai City, Maharashtra	India	cibi brothers center	914 corporate annexe sonawala road near udyog bhawan gorega on east mumbai mumbai city maharashtra
S1-387016214	Établissements Magie SARL	24 Rue Descartes, Pessac, Nouvelle-Aquitaine	France	établissements magie sarl	24 rue descartes pessac nouvelle aquitaine
S1-266555379	Sunrise Farm	Uttar Pradesh, Noida, Eh-1/405, Gautam Buddha Nagar, Eldeco Utopia, Sector 93A Gautam Buddha Nagar, Gejha	India	sunrise farm	uttar pradesh noida eh 1 405 gautam buddha nagar eldeco utopia sector 93a gautam buddha nagar gejha
S1-669776689	Precision Agricultural Technologies LLC	22 Vacation Lane, Harwich, MA	US	precision agricultural technologies llc	22 vacation lane harwich ma
S1-225034106	Anand Solutions Private Limited	Room No.8, S No.248, Nandavan Nagar, K.D.Mhatrewadi Road, Mhatrewadi, Juchandra, Naigaon Eas, T, Palghar, Thane, Maharashtra	India	anand solutions private limited	room no 8 s no 248 nandavan nagar k d mhatrewadi road mhatrewadi juchandra naigaon eas t palghar thane maharashtra
S1-751033619	Harrington Holdings Group, LLC	10735 187th Street Court, Puyallup, WA	US	harrington holdings group llc	10735 187th street court puyallup wa
S1-976424391	Moto Groupe SAS	77 Rue Maryse Bastié, Pessac, Nouvelle-Aquitaine	France	moto groupe sas	77 rue maryse bastié pessac nouvelle aquitaine
S1-519677292	Systems Nirala Foods Company	Office 1002, Parshwnath Business Park, Nr. Auda Garden, Prahladnagar, Vejalpur, Ahmedabad, Gujarat, Ahmedabad	India	systems nirala foods company	office 1002 parshwnath business park nr auda garden prahladnagar vejalpur ahmedabad gujarat ahmedabad
S1-443534708	Prime Finance Private Limited	No. 1377/1608, 7Th Cross, Sector-1, Agrahra Village, Bangalore South, Bangalore, Karnataka	India	prime finance private limited	no 1377 1608 7th cross sector 1 agrahra village bangalore south bangalore karnataka
S1-382169090	Dwarka Exports	D/1106, Orchid Suburbia, New Link Road Near Maharashtra, Nagar, Kandivali West, Mumbai, Mumbai City, Maharashtra	India	dwarka exports	d 1106 orchid suburbia new link road near maharashtra nagar kandivali west mumbai mumbai city maharashtra
S1-790517362	Unique Consulting Pvt Ltd	Unit No. 406, 4Th Floor, Manjeera Trinity Corporate, Kukatpally, Hyderabad, Telangana	India	unique consulting pvt ltd	unit no 406 4th floor manjeera trinity corporate kukatpally hyderabad telangana
S1-880615423	La India Private Limited	216 Mohili Village Opp Sitldevi Temple Behind Heena Cafe Marol Pipeline Andheri East, Mumbai, Maharashtra	India	la india private limited	216 mohili village opp sitldevi temple behind heena cafe marol pipeline andheri east mumbai maharashtra
S1-449179193	Siobhan Montgomery Interstate Pharma LLC	35668 Greenleaf Avenue, Ingleside, IL	US	siobhan montgomery interstate pharma llc	35668 greenleaf avenue ingleside il
S1-48180936	Ashoka Brothers Limited	66 Nalini Sett Road, Kolkata, Calcutta, West Bengal	India	ashoka brothers limited	66 nalini sett road kolkata calcutta west bengal
S1-427642601	Zondra's Smart Medical LLC	540 130th Avenue, Beaverton, OR	US	zondra s smart medical llc	540 130th avenue beaverton or
S1-912943762	Baba South Exports Private Limited	No 45, Side Dahalli, 3Rd Main Road Siddeshwara Layout, Nagasandra Post, Karnataka, Bangalore, Karnataka	India	baba south exports private limited	no 45 side dahalli 3rd main road siddeshwara layout nagasandra post karnataka bangalore karnataka
S1-671491624	Supreme Business Private Limited	402, Block A, Angvihar Apt, Near Rani Talab, Sabour, Sabour, Bhagalpur, Bihar	India	supreme business private limited	402 block a angvihar apt near rani talab sabour sabour bhagalpur bihar
S1-55716966	Sunrise Business Private Limited	A-219 Second Floor Celebration City Centre, South Bopal, Ahmadabad, Ahmedabad, Gujarat	India	sunrise business private limited	a 219 second floor celebration city centre south bopal ahmadabad ahmedabad gujarat
S1-98549181	AK Abasan Ltd	New Delhi, Central Delhi, World Trade Tower Ground Floor Barakhamba Lane, Delhi	India	ak abasan ltd	new delhi central delhi world trade tower ground floor barakhamba lane delhi
S1-815606753	Universal Consulting Private Limited	F 13 B Malviya Industrial Area, Jaipur, Rajasthan	India	universal consulting private limited	f 13 b malviya industrial area jaipur rajasthan
S1-407721399	Associatifs Dugine Groupement SARL	27 Boulevard Bigo-Danel, Lille, Hauts-de-France	France	associatifs dugine groupement sarl	27 boulevard bigo danel lille hauts de france
S1-796461188	Ramona's Media	34 Braddock Street, Harwich, MA	US	ramona s media	34 braddock street harwich ma
S1-959883069	Abc Sangh	C/O B Sahay Tapoowala, Mohalla Raipaiga Rd, Gird, Gwalior, Madhya Pradesh	India	abc sangh	c o b sahay tapoowala mohalla raipaiga rd gird gwalior madhya pradesh
S1-166391907	Sunder Traders Private Limited	No 75, Swarnapuri Enclave Velampalayam, Tiruppur, Erode, Tamil Nadu	India	sunder traders private limited	no 75 swarnapuri enclave velampalayam tiruppur erode tamil nadu
S1-726276781	Patarghat Advisory Private Limited	Tola-Kahara Panchdhabauli, Bihar, C/O Om Prakash Malakar, Saharsa, Patarghat	India	patarghat advisory private limited	tola kahara panchdhabauli bihar c o om prakash malakar saharsa patarghat
S1-120806394	Tejavi Polyfab Partners	80 Inder Enclave, Rohtak Road Paschim Vihar, New Delhi, West Delhi, Delhi	India	tejavi polyfab partners	80 inder enclave rohtak road paschim vihar new delhi west delhi delhi
S1-391836868	Adept Traders Pvt Ltd	Haryana, Panchkula, Ambala City Ho, District Panchkula, Village Khetpurali	India	adept traders pvt ltd	haryana panchkula ambala city ho district panchkula village khetpurali
S1-200079725	Ikigai Federation SAS	8 Bis Avenue des Genêts, Saint-Herblain, Pays de la Loire	France	ikigai federation sas	8 bis avenue des genêts saint herblain pays de la loire
S1-765276200	Big It Private Limited	Hasimnagar, Dimond Harbour Road, South 24 Parganas, West Bengal, Plot No.1526, Parganas South, Hasimnagar	India	big it private limited	hasimnagar dimond harbour road south 24 parganas west bengal plot no 1526 parganas south hasimnagar
S1-899317092	Dunnigan Precision Banking LLC	201 Parklane Drive, Whitehouse, TX	US	dunnigan precision banking llc	201 parklane drive whitehouse tx
S1-775310986	Financial Solutions Ltd	No 233/1, Punjaikadu, Poolavari, Kondalampatty Via, Salem, Tamil Nadu	India	financial solutions ltd	no 233 1 punjaikadu poolavari kondalampatty via salem tamil nadu
S1-305472241	Colour Info Partners	Dno 16/16/10, Nr Narayana, Engr Clg, Haranadhpura, Nellore, Andhra Pradesh	India	colour info partners	dno 16 16 10 nr narayana engr clg haranadhpura nellore andhra pradesh
S1-865063383	Harbor Trust	Albemarle County, 10120 Hatton Ferry Road, VA	US	harbor trust	albemarle county 10120 hatton ferry road va
S1-264694687	Lhopital Yannick Maternelle SASU	127 Rue du Marché, Lille, Hauts-de-France	France	lhopital yannick maternelle sasu	127 rue du marché lille hauts de france
S1-526715015	Fritz Pediatrics	305 Timberline Trail, Vadnais Heights, MN	US	fritz pediatrics	305 timberline trail vadnais heights mn
S1-299047552	Divine Brothers Center	No.1102, C Blk, Arge Helios Apt, Gubbi Crs, Hennur, Bangalore North, Bangalore, Karnataka	India	divine brothers center	no 1102 c blk arge helios apt gubbi crs hennur bangalore north bangalore karnataka
S1-983022047	QUB Copley	Phoenix, 3640 57th Lane, AZ	US	qub copley	phoenix 3640 57th lane az
S1-864843313	Engineering (India) Sales Limited	1/2848, First Floor, Loni Road, Ram Nagar, Shahdara, East Delhi, Delhi	India	engineering india sales limited	1 2848 first floor loni road ram nagar shahdara east delhi delhi
S1-301477237	Degraff Block	1619 First Street, Dixon, IL	US	degraff block	1619 first street dixon il
S1-673136886	Cardiology Partners	8721 Dogwood Drive, Charlestown, IN	US	cardiology partners	8721 dogwood drive charlestown in
S1-230813348	Comité des Arts	78 Rue Pierre et Marie Curie, Dunkerque, Hauts-de-France	France	comité des arts	78 rue pierre et marie curie dunkerque hauts de france
S1-404917346	Family Physicians LLC	66 Penny Lane, Talcott, WV	US	family physicians llc	66 penny lane talcott wv
S1-672593972	Silver Marketing Works LLC	127 Laurel Dale Cemetery Road, Robbins, TN	US	silver marketing works llc	127 laurel dale cemetery road robbins tn
S1-541465582	Kemp Bioscience Inc	Unit B, Odenton, MD, 546 Retreat Court	US	kemp bioscience inc	unit b odenton md 546 retreat court
S1-703209922	Christ Zion	119 Linden Street, Unit Apartment 1, Yonkers, NY	US	christ zion	119 linden street unit apartment 1 yonkers ny
S1-985578465	Pioneer Industries Pvt Ltd	Shivakrupa, Karnataka, Tumakuru, Tumkur, 1St Main, 3Rd Cross Nrupathunga Extension, Jayanagar	India	pioneer industries pvt ltd	shivakrupa karnataka tumakuru tumkur 1st main 3rd cross nrupathunga extension jayanagar
S1-602902072	All Systems Private Limited	3 - 148, First Floor, New Market, Ramesh Nagar, New Delhi, West Delhi, Delhi	India	all systems private limited	3 148 first floor new market ramesh nagar new delhi west delhi delhi
S1-487057151	Suyash Oil (India) Pvt Ltd	Q U 35-B Pitampura, Delhi, New Delhi, North Delhi	India	suyash oil india pvt ltd	q u 35 b pitampura delhi new delhi north delhi
S1-736800651	Quilles Amicale SARL	3 Place de la Nation, Roubaix, Hauts-de-France	France	quilles amicale sarl	3 place de la nation roubaix hauts de france
S1-935703327	Maa Hospitality Pvt. Ltd.	H.No: 1-2-379, Domalguda, Hyderabad, Telangana	India	maa hospitality pvt ltd	h no 1 2 379 domalguda hyderabad telangana
S1-308849584	Établissements Portraits	19 bis Rue Louis Coullet, Mérignac, Nouvelle-Aquitaine	France	établissements portraits	19 bis rue louis coullet mérignac nouvelle aquitaine
S1-61384671	Vishal (India) Heights Private Limited	No.73, 5Th Main T.C. Road, Chamarajpet, Bangalore, Karnataka	India	vishal india heights private limited	no 73 5th main t c road chamarajpet bangalore karnataka
S1-852148273	Caro Cardoza, Esq.	1502 Princeton Lane, Unit A, New Bern, NC	US	caro cardoza esq	1502 princeton lane unit a new bern nc
S1-787461836	Tous Club SARL	3 Rue Feutry, Lille, Hauts-de-France	France	tous club sarl	3 rue feutry lille hauts de france
S1-629887537	Pdn International Private Limited	#1129, 30Th Main, 42Nd Cross Poornapraghna Nagara, Subramanyapura Pos, T, Bangalore, Karnataka	India	pdn international private limited	1129 30th main 42nd cross poornapraghna nagara subramanyapura pos t bangalore karnataka
S1-71595254	Hegarty Better Energy LLC	MN, Cottage Grove, 8901 91st Street	US	hegarty better energy llc	mn cottage grove 8901 91st street
S1-140373393	Hisar Hotels Private Limited	H.N. 100 Prem Nagar, Hisar, Hissar, Haryana	India	hisar hotels private limited	h n 100 prem nagar hisar hissar haryana
S1-712418507	Interfaith Ministries Inc	3516 1st Avenue, Great Falls, MT	US	interfaith ministries inc	3516 1st avenue great falls mt
S1-515072958	Love Tech (India) Private Limited	7/1A, Grant Lane, Kolkata, Kolkata, Howrah, West Bengal	India	love tech india private limited	7 1a grant lane kolkata kolkata howrah west bengal
S1-197280203	Lège-Cap-Ferret Pharmacie SAS	61 Route de Cap Ferret Canon, Lège-Cap-Ferret, Nouvelle-Aquitaine	France	lège cap ferret pharmacie sas	61 route de cap ferret canon lège cap ferret nouvelle aquitaine
S1-794806928	Sai Brothers Private Limited	No.108, Ground Floor, Prashanth Nagar Near Shiradi Sai Hospital, Devanahalli, Bangalore Rural, Karnataka	India	sai brothers private limited	no 108 ground floor prashanth nagar near shiradi sai hospital devanahalli bangalore rural karnataka
S1-195675964	Pioneer Investment Private Limited	63/4043A, Cbi Road, Pullepady, Kathrikadavu, Ernakulam, Kerala	India	pioneer investment private limited	63 4043a cbi road pullepady kathrikadavu ernakulam kerala
S1-245620451	Seven Engineering Private Limited	C/O Patel Shailendrakumar, 104 Sanklp Nr St. Colony, Vadodara, Gujarat	India	seven engineering private limited	c o patel shailendrakumar 104 sanklp nr st colony vadodara gujarat
S1-402387176	Perfect Global Limited	Bangalore, No-13, 1Cmshakthinagar, Karnataka	India	perfect global limited	bangalore no 13 1cmshakthinagar karnataka
S1-218107486	Cantonale Club (France) SASU	209 Rue de la République, Dunkerque, Hauts-de-France	France	cantonale club france sasu	209 rue de la république dunkerque hauts de france
S1-899593553	Nataraj Health Private Limited	Premnagar 4Rth.Lanepo Berhampur Dt G A N J A M, Berhampur, Ganjam, Orissa	India	nataraj health private limited	premnagar 4rth lanepo berhampur dt g a n j a m berhampur ganjam orissa
S1-103648967	Shakti Systems Private Limited	A-6 First Floor, No.11 Vignesh Plaza Salai Road, Thilai Nagar, Tamil Nadu	India	shakti systems private limited	a 6 first floor no 11 vignesh plaza salai road thilai nagar tamil nadu
S1-186871220	Fletcher Blue Pono, LLC	15 Main Street, Eclectic, AL	US	fletcher blue pono llc	15 main street eclectic al
S1-856200540	Salazar & Flores	306 Gillman Avenue, Washington, IL	US	salazar flores	306 gillman avenue washington il
S1-952064431	Best Ridge Acquisitions LLC	6325 W Fork Road, Cincinnati, OH	US	best ridge acquisitions llc	6325 w fork road cincinnati oh
S1-15967051	Classic Healthcare Private Limited	H-291, Narayana Vihar, New Delhi, South West Delhi, Delhi	India	classic healthcare private limited	h 291 narayana vihar new delhi south west delhi delhi
S1-499785692	Maires Centre SARL	80 Rue de Toutes Aides, Saint-Nazaire, Pays de la Loire	France	maires centre sarl	80 rue de toutes aides saint nazaire pays de la loire
S1-954789288	Sharma Biotech Ltd	H.No. 752, F/F, Sukhdev Market, Kotla Mubarak Pur, New Delhi, South Delhi, Delhi	India	sharma biotech ltd	h no 752 f f sukhdev market kotla mubarak pur new delhi south delhi delhi
S1-543400611	Balaji Bharat Consulting Private Limited	Mumbai, 140/A-1 Shah Nahar Industrialestate Sitaram Jadhav Marg Lower Parel, Mumbai, Maharashtra	India	balaji bharat consulting private limited	mumbai 140 a 1 shah nahar industrialestate sitaram jadhav marg lower parel mumbai maharashtra
S1-552047258	Blink Marketing Private Limited	162/69 Lake Gardens, Kolkata, Calcutta, West Bengal	India	blink marketing private limited	162 69 lake gardens kolkata calcutta west bengal
S1-654184515	Aqua Capital Pvt Ltd	Village Baman Heripost Office Rampur Muzaffarnagar, Uttar Pradesh, Muzaffarnagar, Uttar Pradesh	India	aqua capital pvt ltd	village baman heripost office rampur muzaffarnagar uttar pradesh muzaffarnagar uttar pradesh
S1-276858394	First Consultancy Private Limited	B-2, Aryan Appartment, Nr: Sant Kabir School, Ahmadabad City, Ahmedabad, Gujarat	India	first consultancy private limited	b 2 aryan appartment nr sant kabir school ahmadabad city ahmedabad gujarat
S1-533888847	Capital Berkley	3203 Genesee Street, York, NY	US	capital berkley	3203 genesee street york ny
S1-323057996	AJB India Private Limited	Shop No. 5 St. No. 1, Bhupindra Floor Millam, Bathinda, Punjab	India	ajb india private limited	shop no 5 st no 1 bhupindra floor millam bathinda punjab
S1-320086079	Bureau of Parks and Recreation	66 Mountain Road, Greenburgh, NY	US	bureau of parks and recreation	66 mountain road greenburgh ny
S1-855616906	YL Consulting Private Limited	C/O Sadanand Kishanrao Yadav, Shivaji Chowk Beside Baliraja Market, Main Road, Loha-T, Q., Nanded, Maharashtra	India	yl consulting private limited	c o sadanand kishanrao yadav shivaji chowk beside baliraja market main road loha t q nanded maharashtra
S1-744754397	Young Strategic Rithm Inc	4114 Greenhaven Lane, NC, Charlotte	US	young strategic rithm inc	4114 greenhaven lane nc charlotte
S1-152508801	Allied League	517 17th Street, Unit Apt 301, Concordia, KS	US	allied league	517 17th street unit apt 301 concordia ks
S1-307615125	Reloo Industries	73 Martin Hollow Road, Defeated, TN	US	reloo industries	73 martin hollow road defeated tn
S1-143536197	Eye Associates Inc.	3 Jay Street, Unit B, Newton Falls, OH	US	eye associates inc	3 jay street unit b newton falls oh
S1-618419675	Loia Ventures	Freeport, TX, 2024 Avenue G	US	loia ventures	freeport tx 2024 avenue g
S1-259620026	Skyland Mobility	24, Belilious Road, Room No-2/51, Howrah, West Bengal	India	skyland mobility	24 belilious road room no 2 51 howrah west bengal
S1-584838253	Morris Precision Vine LP	750 Weaver Dairy Road, Unit 219, Chapel Hill, NC	US	morris precision vine lp	750 weaver dairy road unit 219 chapel hill nc
S1-39575732	Aj & Brothers Limited	#1111, Dsr Sunrise Towers, Hopefarm, Channasandra Main Road, Whitefield, Bangalore, Karnataka	India	aj brothers limited	1111 dsr sunrise towers hopefarm channasandra main road whitefield bangalore karnataka
S1-692949559	Johnson and Curlee Inc	1734 Holman Street, Covington, KY	US	johnson and curlee inc	1734 holman street covington ky
S1-777929094	Swarnim Exim (India) Private Limited	B 102, 1St Floor Nilgiri Apts, Opp Custom Colony, Military Road Marol Andheri East, Maharashtra	India	swarnim exim india private limited	b 102 1st floor nilgiri apts opp custom colony military road marol andheri east maharashtra
S1-31931266	Dynamic Star Bond LLC	5346 Sammie Kay Lane, Fairfax County, VA	US	dynamic star bond llc	5346 sammie kay lane fairfax county va
S1-337081657	Kelley and Gulotta LLC	361 3rd Street, Lake Oswego, OR	US	kelley and gulotta llc	361 3rd street lake oswego or
S1-478404464	Kho Xsolla LLC	11136 Cedar Brook Road, Roscoe, IL	US	kho xsolla llc	11136 cedar brook road roscoe il
S1-916370847	Triplett & Knight Co	273 Chop Drive, Oak Bluffs, MA	US	triplett knight co	273 chop drive oak bluffs ma
S1-373387246	Vanderpool, Patel and Young	2010 50th Street, Phoenix, AZ	US	vanderpool patel and young	2010 50th street phoenix az
S1-769814533	Sree Technology LLP	Flat No. 71 Goodwill Appartment Sector-13, Rohini, North West, Delhi	India	sree technology llp	flat no 71 goodwill appartment sector 13 rohini north west delhi
S1-423303116	YPN Apex Athene Inc	Wills Point, TX, 400 7502	US	ypn apex athene inc	wills point tx 400 7502
S1-765122448	Cure Auto Body Inc	436 Mansion Drive, Bennington, VT	US	cure auto body inc	436 mansion drive bennington vt
S1-143143410	Fédération du Vc	Lège-Cap-Ferret, 34 Allée de la Callune, Nouvelle-Aquitaine	France	fédération du vc	lège cap ferret 34 allée de la callune nouvelle aquitaine
S1-45193124	Cher's Unified Chemical	Collinsville, IL, 135 Rolling Oaks Drive	US	cher s unified chemical	collinsville il 135 rolling oaks drive
S1-957659829	Sun Infra	C/Sridam Malik, Khejurtala, Po-Kumarchak, Howrah, West Bengal	India	sun infra	c sridam malik khejurtala po kumarchak howrah west bengal
S1-783895442	Sar Solutions Private Limited	S No 151/2, Sai Nagar, Visakhapatnam, Visakhapatnam, Vishakhapatnam, Andhra Pradesh	India	sar solutions private limited	s no 151 2 sai nagar visakhapatnam visakhapatnam vishakhapatnam andhra pradesh
S1-241194969	Pediatric Dental Health LLC	88 Kellner Road, Columbus, OH	US	pediatric dental health llc	88 kellner road columbus oh
S1-906946241	Uptown Pilates	Alcoa, 1731 Springbrook Road, TN	US	uptown pilates	alcoa 1731 springbrook road tn
S1-660027440	Slaten Hologram LLC	1942 Roosevelt Street, Amarillo, TX	US	slaten hologram llc	1942 roosevelt street amarillo tx
S1-461670379	Pan Services Private Limited	19/2, Bangalore, 2Nd Floor, Double Road, Indiranagar 2Nd Stage, Karnataka, Bangalore	India	pan services private limited	19 2 bangalore 2nd floor double road indiranagar 2nd stage karnataka bangalore
S1-985740908	Smart Trading Private Limited	Plot No 226, Dharampeth Extension, Nagpur, Maharashtra	India	smart trading private limited	plot no 226 dharampeth extension nagpur maharashtra
S1-870743390	Arb Foundation	915, 9Th Floor, Naurang House 21 K G Marg, New Delhi, Central Delhi, Delhi	India	arb foundation	915 9th floor naurang house 21 k g marg new delhi central delhi delhi
S1-575174642	Walker Seva Samiti	Mumbai, Santacruz (East), Rodrigues Apartments, Yeaswant Nagar, Maharashtra, B/104	India	walker seva samiti	mumbai santacruz east rodrigues apartments yeaswant nagar maharashtra b 104
S1-828526849	Evans and Fortenberry LLC	4523 Biles Ct, Louisville, KY	US	evans and fortenberry llc	4523 biles ct louisville ky
S1-670774972	Sou Anciens EURL	46 Domaine de la Forge, La Teste-de-Buch, Nouvelle-Aquitaine	France	sou anciens eurl	46 domaine de la forge la teste de buch nouvelle aquitaine
S1-222836798	Hopkins Nmp Inc	1901 Ash Street, Waukegan, IL	US	hopkins nmp inc	1901 ash street waukegan il
S1-941927098	Urquhart & Vera Spartacus	2074 70 E, Kinston, NC	US	urquhart vera spartacus	2074 70 e kinston nc
S1-36050400	Modern Works	19 Huntington Street, Malone, NY	US	modern works	19 huntington street malone ny
S1-480447397	Big Technologies	Society, Ahmedabad, Gujarat, 103, Aakansha, 1St Floor Nr. Mount Carmel Rly. Crossing, Shrimali	India	big technologies	society ahmedabad gujarat 103 aakansha 1st floor nr mount carmel rly crossing shrimali
S1-810784492	Ernakulam Law LLP	Las Building C1, Eroor Road, Kozhivettumveli Jn, Thrippunithura, Kochi, Ernakulam, 1/375, Ernakulam, Kerala	India	ernakulam law llp	las building c1 eroor road kozhivettumveli jn thrippunithura kochi ernakulam 1 375 ernakulam kerala
S1-311974093	India Mga Management LLP	373 Majlis Park, New Delhi, North Delhi, Delhi	India	india mga management llp	373 majlis park new delhi north delhi delhi
S1-59070872	Maddi Curry Cornerstone Space Tonawanda	503 Traverse Boulevard, Tonawanda, NY	US	maddi curry cornerstone space tonawanda	503 traverse boulevard tonawanda ny
S1-226072612	Tejora Towers Private Limited	Lucknow, Agarwal Cycles Building Ground Floor A-29 Nirala Nagar, Lucknow, Uttar Pradesh	India	tejora towers private limited	lucknow agarwal cycles building ground floor a 29 nirala nagar lucknow uttar pradesh
S1-142032781	Ram Services Private Limited	A-1301, The Sharaton Tower, New Ring Road, Chorasi, Surat, Gujarat	India	ram services private limited	a 1301 the sharaton tower new ring road chorasi surat gujarat
S1-45340570	Shiv Laxmi Developers Pvt Ltd	Indravihar Apartment, S.No. 284/11/4, Flat No. 13, Keshavnagar, Chinchwad, Pune, Maharashtra	India	shiv laxmi developers pvt ltd	indravihar apartment s no 284 11 4 flat no 13 keshavnagar chinchwad pune maharashtra
S1-917054737	United Coalition IV	736 Hantz Road, Cloquet, MN	US	united coalition iv	736 hantz road cloquet mn
S1-740535429	India Geospatial Marketing LLP	Sr. No. 54/1A Cts No 291 Krishnai Plaza, Office No - 102, Near, Jijamata Bank Karvenagar Pune, Pune City, Pune, Maharashtra	India	india geospatial marketing llp	sr no 54 1a cts no 291 krishnai plaza office no 102 near jijamata bank karvenagar pune pune city pune maharashtra
S1-547382550	Établissements Relais SARL	Nouvelle-Aquitaine, Bordeaux, 6 RUE Jack Belaubre	France	établissements relais sarl	nouvelle aquitaine bordeaux 6 rue jack belaubre
S1-705324532	Hale Media Partners	4389 Village Street, Buckeye, AZ	US	hale media partners	4389 village street buckeye az
S1-754493357	Northern Pacific Brand LLC	Kenai Peninsula Borough, AK, 245 Juliussen Street	US	northern pacific brand llc	kenai peninsula borough ak 245 juliussen street
S1-831250685	Aspen	33508 Kauffman Road, Lebanon, OR	US	aspen	33508 kauffman road lebanon or
S1-522913763	Sterling Metals Inc	2215 Trenton Road, Asbury, IA	US	sterling metals inc	2215 trenton road asbury ia
S1-934216469	Archer & Brothers	F-302, Mantri Tranquil, Gubbalalahalli Subramanyapura, Bangalore, Karnataka	India	archer brothers	f 302 mantri tranquil gubbalalahalli subramanyapura bangalore karnataka
S1-860733442	Jay Agro Limited	D-3 Greater Kailash Ii Enclave, South Delhi, New Delhi, Delhi	India	jay agro limited	d 3 greater kailash ii enclave south delhi new delhi delhi
