source1_entity_id	matched_entity_ids
S1-714132312	S2-187020300,S2-786029403,S2-798160947,S3-625880872
S1-106407869	
S1-156285671	S2-126167677,S2-153730076,S2-5302487,S2-564259126,S2-64661346
S1-689823050	
S1-921369899	S2-135506804,S2-192407921,S2-227333460,S2-236079990,S2-25056056,S2-258925491,S2-370919988,S2-547059865
S1-481669221	S2-284602321,S3-659756091
S1-909865979	S2-391573996,S2-547847470,S2-81776388,S2-819591958
S1-280204013	
S1-742053041	S2-244393494,S2-517297176
S1-913506265	S2-111323888,S2-162452998,S2-201299719,S2-326272937,S2-36906803,S2-384148362,S2-502349344,S2-533000846,S2-626468842,S2-641290779
S1-479574617	S2-262582939
S1-680637447	S2-115154190,S2-830691017
S1-870190130	
S1-365170694	S3-487843250
S1-778640743	S2-484690984,S2-673208513,S2-87750197,S2-933136796,S2-944021337,S3-467616579,S3-698916948
S1-378191895	S2-265013845,S2-882788584,S2-932792091
S1-684974736	
S1-750279127	S2-239880088,S2-412121857
S1-209281220	S2-100501365,S2-873605695,S3-893592109
S1-550154910	S2-627682672
S1-897975128	
S1-704604312	S2-448044955
S1-628750886	S2-162452998,S2-201299719,S2-264519109,S2-326272937,S2-384148362,S2-557306803,S2-574824935,S2-641290779,S2-680320331,S2-696378102,S2-710869398,S2-912687451
S1-714038427	S2-155117666,S2-953578425
S1-426194890	
S1-122385784	S2-665775709
S1-540642140	S2-169915539,S2-18373037,S2-220248812,S2-332740451,S2-674613575,S2-949852260
S1-123475953	
S1-444801830	
S1-502376041	S2-135251670,S2-551281247
S1-594021398	S2-705838505
S1-261170522	
S1-466641145	S2-134318524,S2-186099239,S2-190308939,S2-218619721,S2-335651344,S2-364061806,S2-410711059,S2-417626307,S2-441435910,S2-676368068,S2-713079290,S2-903242681
S1-99245709	S2-563728223,S3-140946557,S3-332530974,S3-602269138
S1-339015166	
S1-614259237	S2-852216067
S1-385801270	S2-173133274,S2-215194266,S2-273602723,S2-313017868,S2-313116693,S2-331301868,S2-502124284,S2-521485245,S2-532673061,S2-536110477,S2-544508980,S2-573152653,S2-611759661,S2-66500273,S2-692712904,S2-776085512
S1-334672926	S2-311302945,S2-947681751
S1-717749279	S2-13682032,S2-234233670,S2-247738094,S2-251860012,S2-296749641,S2-374323702,S2-454012415,S2-461662527,S2-463604787,S2-493642073,S2-51435294,S2-569251890,S2-684682960,S2-711709039,S2-715729108,S2-787653819,S2-819219612,S2-829602188,S2-855700277,S2-913195122,S2-926387302,S2-991736902
S1-564662660	S2-310193917,S2-335705450,S2-391373274,S2-596549433,S2-753934658
S1-41643447	S2-52852294,S2-821729760,S2-871263672,S3-54250287,S3-567773394,S3-622841686,S3-893827785
S1-581360597	
S1-946184931	
S1-244940399	S2-200754917,S2-212658896,S3-160622873,S3-189214163,S3-318658012,S3-613073362,S3-762765809,S3-882809411
S1-616465752	S2-117342048,S2-187774246,S2-202340261,S2-42865733,S2-55339906,S2-628710216,S2-669236483,S2-706023799,S2-744054810,S2-803068701,S2-819087568,S2-995631959
S1-762904067	S2-322554268
S1-261476747	S2-199419573,S2-283217054,S2-509829201,S2-61732760,S2-659790455,S2-82693962,S2-850461049,S2-887373921,S2-956952534
S1-874436225	S2-640599619,S2-700233887
S1-816918307	S2-627029064
S1-52153457	S2-452429340,S2-499752072
S1-867332501	S2-720109829,S2-832628288
S1-969300060	S2-549617192,S2-652100491
S1-930501805	S2-898172629
S1-474452362	S2-609571259
S1-802731895	S2-480545250
S1-39733947	S2-673501326,S2-946302052
S1-807424751	S2-183259248,S2-21467437,S2-589346608,S2-692095219,S2-808577341,S2-838528220,S2-843266540,S2-8436137
S1-269499779	
S1-574528784	S2-252063090,S2-278644463
S1-402621048	S2-241893577
S1-684202485	S2-488587790
S1-85238196	
S1-569369299	S2-342223686
S1-559615219	S2-105371997,S2-164136430,S2-20775113,S2-220456323,S2-254210784,S2-34012521,S2-346655412,S2-356388049,S2-421032552,S2-426081542,S2-443903464,S2-444035697,S2-454741057,S2-563738147,S2-616525670,S2-61712149
S1-684318101	
S1-503487168	S2-104641449,S2-113977615
S1-967139755	S2-381108664,S2-514552799,S2-572299445,S2-648800275,S2-707685530,S2-797128626,S2-864017360,S2-943608598
S1-983819279	
S1-577269922	S2-282026217,S2-505047958,S2-800580498,S2-81075825,S3-39683702
S1-87832748	
S1-295346696	S2-11399040,S2-142919569,S2-287553406,S2-409007322,S2-465583113,S2-584739653,S2-659542988,S2-705285306,S2-774664132,S2-883799231
S1-252468250	S2-194024201
S1-781801397	
S1-669434847	S2-518246042,S2-737183955
S1-570053103	S2-679419246,S2-748158708
S1-736469556	S2-145030081,S2-345006627,S2-367560858,S2-495395238,S2-77639793
S1-483126440	S3-484224228
S1-270951405	S2-251677157,S2-633185657
S1-520799361	
S1-81033582	S2-170054697,S2-262646344,S2-54070460,S2-600300179,S2-783648666
S1-56410032	S2-509990543
S1-518847572	S2-240657119
S1-776267063	S2-435777191,S2-466691175,S2-548098266,S2-588358069,S2-874274019,S2-932883950,S2-974838439,S2-98036361
S1-35309228	
S1-493139457	S2-105928784,S2-450649420
S1-895087526	S2-129240365,S2-152220795,S2-256367139,S3-632916147,S3-959979735
S1-829126727	S2-617351435,S2-805068624
S1-457973373	S2-143988715,S2-184772533,S2-315025793,S2-326224715,S2-470144907,S2-652202457,S2-660795723,S2-682939593,S2-737981941,S2-974838439,S2-98036361
S1-74852342	
S1-280936763	S2-429502844,S2-61171797,S2-700631541
S1-999165514	S2-266997153,S2-900571670
S1-395055615	S2-48497346
S1-862701045	S2-884464240,S3-704009840
S1-674871004	
S1-287307821	
S1-273768056	S2-100287528,S2-226502624,S2-276156732,S2-420364453,S2-447152296,S2-474435815,S2-484060555,S2-604976451,S2-686410143,S2-735230018,S2-799710062
S1-323395452	
S1-4144001	S2-222122163
S1-512210875	S2-275269287
S1-143287441	S3-213033694,S3-250853646,S3-252023156,S3-540076328
S1-351656683	S2-190404911,S2-196961560,S2-285549357,S2-367870951,S2-541984172,S2-906794282
S1-83258310	S2-119310635,S2-121542282,S2-295267621,S2-436966480,S2-446315212,S2-45308003,S2-464881130,S2-573013479,S2-6110033,S2-705585429,S2-715224238,S2-716393519,S2-77530396,S2-878037834,S2-885184685
S1-126274111	S2-775330636
S1-991875825	S2-986494492
S1-219350089	
S1-476026008	S2-458170961,S2-671079784,S2-681739431
S1-595583207	S2-218204625,S2-248407523,S2-450570100,S2-715871670
S1-660977005	
S1-106130112	
S1-383508132	S2-107820820,S2-193356122,S2-333544093,S2-350013887,S2-356235629,S2-493771866,S2-563232641,S2-975664547
S1-960747316	S2-342790091,S2-403476558,S2-507839076
S1-78181547	S2-654287450,S2-666914371
S1-44674670	S2-557969803,S2-626709174
S1-712639027	S2-273254437,S2-309210999,S2-536441219,S2-799684633
S1-875777939	S2-216150699,S2-275085884,S2-633595064,S2-82722181
S1-906720062	
S1-868609391	S2-409220416,S2-587030502,S2-659630027,S2-716995163
S1-842551642	S2-216540071,S2-480503039
S1-977549219	S2-296969535,S2-427398608,S2-560744341,S2-728330334,S2-866168360,S2-932539735
S1-345501851	S2-164885954,S2-19368781,S2-255716908,S2-297133466,S2-417207185,S2-45308003,S2-464881130,S2-488051651,S2-507332275,S2-573013479,S2-6110033,S2-643643833,S2-705585429,S2-716393519,S2-735407031,S2-77530396,S2-803068701,S2-833117363
S1-465557953	
S1-548433616	S2-376616809,S2-717201533
S1-542615632	S2-301346747,S2-468586306,S2-491777443,S3-31043964,S3-800359158
S1-396150929	S2-14925328,S2-15092160,S2-20138941,S2-239563682,S2-244144042,S2-30079429,S2-386511671,S2-576380101
S1-370806262	S2-311209566,S2-350775005,S2-762677845,S2-848125257,S2-987494138,S3-401430776,S3-628962677
S1-149784022	S2-169044222,S2-500479675
S1-208197675	
S1-621024	S2-544808894
S1-479716586	
S1-73366741	S2-518781457,S2-521450524,S3-132269019,S3-963949511
S1-866981273	S2-965606272,S3-99688527
S1-48247433	S2-265823668
S1-139090022	S2-113604309,S2-178623487,S2-582748273
S1-503254241	S2-611417535
S1-102847291	
S1-619110488	S2-322867408
S1-623031914	S2-642489002
S1-215270294	S2-665775709
S1-762005078	S2-469857371
S1-983603694	S2-143376004
S1-437281614	S2-360237399
S1-590781135	S2-353499198,S2-407757084,S2-461205328,S2-478157233,S2-59928467
S1-423414451	
S1-847114478	S2-549083582,S3-469034058
S1-526334226	S2-814460787,S3-930784323
S1-381894503	S2-107853452
S1-313092170	
S1-60876864	
S1-261642209	S2-211494042,S2-259102833,S2-314111676,S2-453996934,S2-506736866,S2-571108118,S2-659542988,S2-850195083,S2-953827909,S2-968981444,S2-986187491
S1-78728267	S2-444637313,S2-782343573,S3-250187940,S3-568078798,S3-768860985
S1-308199161	S2-499220671
S1-358927120	
S1-337122273	S2-259456526
S1-650650055	S2-151082808,S2-166485831,S2-16917561,S2-275919566,S2-394372248,S2-454312855
S1-834257002	S2-108197339,S2-862856066
S1-937349180	S2-336491925,S2-523626862
S1-725006887	S2-27864753,S2-808868738,S3-410476892,S3-412921025,S3-497889707
S1-820730560	
S1-47803313	S2-548232027,S3-424738642
S1-385569722	
S1-453884385	
S1-650304466	S2-333867245,S2-786787970
S1-762839052	
S1-550679918	S2-128261083
S1-659666950	S2-253466226,S2-254916738
S1-772914073	S2-383355616
S1-860482342	
S1-813052697	S2-533132506,S2-603490064
S1-366528589	S2-880492587
S1-720336913	S2-209106534,S2-360106036,S2-475160887,S2-561692509,S2-832920015,S2-970451306
S1-640880009	S2-13252549,S2-144777712
S1-887500171	
S1-971996731	S2-213933061,S2-686992599
S1-104317115	
S1-518257638	S2-887616528
S1-884660527	
S1-910004085	S2-151429693,S2-155138353,S2-48044673,S2-54698017,S2-85856138,S2-916617123
S1-591894902	S2-527647670
S1-142638295	S2-420700417,S2-711660940,S2-921746636,S2-988818211
S1-950720921	S2-435734109,S2-523443947,S2-781635311,S2-87473476,S3-350913233
S1-183285524	S2-2253067,S2-247846567,S2-25218922
S1-714649207	S2-172287552,S2-174608732,S2-180233269
S1-841168517	S2-548880250,S2-881658089,S2-900423789
S1-819898451	S2-103811439,S2-206761840,S2-209622054,S2-328794803,S2-337370583,S2-450284961,S2-566763126,S2-631737474,S2-698562211,S2-746673903,S2-99269459
S1-949091955	S2-142091150,S2-398889556
S1-552966879	S2-136859782,S2-473390217,S2-903611578
S1-220057580	S3-11680805
S1-64462728	S2-256206990
S1-807938084	S2-186904378
S1-693870315	S2-151260456,S2-597831137
S1-455827432	
S1-527611593	S2-146193186,S2-175196958,S2-261059030,S2-284428312,S2-330344696,S2-352068015,S2-402379517,S2-626821575,S2-73405617,S2-877613262,S2-902864222
S1-727773972	S2-732339370
S1-279446676	S2-308980044
S1-918109974	S2-177946209,S2-514008455,S3-604968655,S3-622084470
S1-615018738	S2-106417957,S2-135484104,S2-407041857,S2-470324870,S2-501408343,S2-746455013,S2-99233449
S1-666592077	S2-250010440
S1-509532493	S2-1709893,S2-575171623,S3-138608272,S3-428708300
S1-992285010	S2-209420378,S3-216741187,S3-823215288
S1-382076507	S2-256009179,S2-376248092
S1-185535466	S2-182364885,S2-381918299
S1-799535694	S2-929262140
S1-598558953	
S1-222645796	S2-250923568,S2-28219008,S2-73658068,S2-802513739,S3-127315608,S3-561990506,S3-630677920,S3-733557681,S3-789967438
S1-192481319	S2-116754726,S2-12210851,S2-122450773,S2-147483891,S2-151923438,S2-163657158,S2-17853482,S2-257179037,S2-436185882,S2-443271648,S2-468776136,S2-525662290,S2-537783043,S2-538358423,S2-926593422,S2-960440618
S1-413573159	S3-114162357,S3-950581093
S1-782634160	S2-958316746
S1-394334841	S2-838259380
S1-759762834	
S1-653070765	S3-581396784
S1-94096071	S2-137438077
S1-682391735	S2-194482594,S2-274721885,S2-301073018,S2-412246544,S2-493735561,S2-506155991,S2-554899730,S2-652202457,S2-72650353,S2-743986971,S2-783648666,S2-798823761,S2-849705833,S2-877613262,S2-920587005,S2-974838439,S2-98036361
S1-559968662	S2-50618159,S3-47167568
S1-964877324	S2-426054187,S2-44484933,S2-831798734,S3-319165160
S1-883416047	
S1-182458975	S2-369174145,S2-988827186
S1-339269492	
S1-621676240	S2-274299312,S2-443227034,S2-84870559
S1-103138354	
S1-279963953	S2-45651660,S2-73529455,S2-981120565
S1-317707487	S2-197128146,S2-400190057
S1-391244573	S2-344956759,S2-791283649
S1-603458137	S2-147472872,S2-201134694,S2-259524167,S2-26426502,S2-51004655,S2-520051995,S2-685444533,S2-806138355,S2-898466856
S1-429550703	S2-199724877,S2-389902368,S2-40728242,S2-661726688,S2-67903463,S3-34732145,S3-413542027,S3-79826289
S1-302219416	S2-146981675,S2-211210617
S1-693956169	S2-11399040,S2-259959264,S2-323942240,S2-465583113,S2-642379815,S2-705285306,S2-743611656,S2-752039767,S2-774664132
S1-837916944	S2-180845265,S2-237059279,S2-479068086,S2-713939289,S2-755781598
S1-336786786	S2-621242127
S1-800911534	
S1-181883447	S2-147441083,S2-321308609,S2-528350957
S1-1433093	S2-172931439,S2-249029051
S1-733472967	
S1-89100953	S2-171462612,S2-411773002,S2-972087927
S1-848293840	S2-151111810,S2-642789912,S2-812367477
S1-17003766	S2-13072938,S2-155261246,S2-1657182,S2-20869901,S2-220733207,S2-225590910,S2-236685517,S2-246715334,S2-399569338,S2-444287554,S2-452245743,S2-482075294,S2-496644700,S2-513891007,S2-519959909,S2-571936974,S2-574180555,S2-602104513,S2-604171826,S2-61011233,S2-613435235,S2-618207116,S2-631766640,S2-652474983,S2-698060513,S2-704784114,S2-712408237,S2-790145633,S2-850756799,S2-864416528
S1-915512126	
S1-901504091	S2-434543583,S2-667819447,S2-910770936
S1-724741475	
S1-851421910	S2-422709661,S2-769094735
S1-430298053	
S1-307277652	
S1-503010787	
S1-520627257	
S1-667272642	S2-147559201,S2-16159243,S2-165071678,S2-187119816,S2-19491618,S2-196613960,S2-19669279,S2-197185269,S2-269098468,S2-275299832,S2-32220294,S2-370515215,S2-389511594,S2-39765864,S2-41086033,S2-434434848,S2-460003901,S2-468427870,S2-516243741,S2-555124789,S2-605726696,S2-671788102,S2-748906783,S2-783703941,S2-802095609,S2-846144599,S2-847014050,S2-898040314,S2-903049690,S2-979608338
S1-827961773	S2-542711036,S2-645886241,S2-672741465,S2-739699756
S1-255349799	S2-125298398
S1-418524279	S2-103992773,S2-542711036,S2-645886241,S2-672741465,S2-693068285,S2-739699756
S1-661144640	
S1-892745196	S2-172985370,S2-555150947,S2-676306549
S1-751409146	S3-762215187,S3-864009858
S1-13506955	S2-182444364,S2-462737651,S2-480499663,S2-730414002,S2-824397327
S1-262020943	S2-326037526,S2-442257188,S3-261700922
S1-746909581	S2-375983485
S1-481776787	
S1-870654726	S2-31861411,S2-43887745,S2-48238496,S2-873845431
S1-459183905	
S1-782456413	
S1-687813152	S2-263413207,S2-679848430,S3-798873468
S1-528962373	S2-323502734
S1-133484055	S2-916712813
S1-784673398	S2-185013334,S2-238445836,S2-305100591,S2-373539812,S2-428504979,S2-453042394,S2-509829201,S2-519644358,S2-576745524,S2-621225139,S2-657179901,S2-701655049,S2-850461049
S1-162954117	
S1-547053441	S2-441498593,S2-55284082,S2-791288454,S2-896342968,S3-353412449,S3-367265481,S3-766620076
S1-302536542	S2-503398864,S2-554304764
S1-457601305	S2-673136247,S3-730458680
S1-488635826	
S1-349698918	
S1-72706873	S2-176187828
S1-78029452	S2-143110461,S2-266273861,S2-486055492,S2-548896099,S2-703379046,S2-773023822,S2-979825092,S3-549161197
S1-717385838	S2-536177093
S1-11379912	S2-303691216,S2-635303118,S2-750720584,S3-680233461
S1-655700316	
S1-484349079	S2-70003517,S2-749740993,S3-113246901,S3-640758795,S3-686593460,S3-80095208,S3-873781473
S1-595486290	S2-107603624,S2-167038040,S2-174268843,S2-223003774
S1-889012090	S3-265734095,S3-358512104
S1-748500004	
S1-587404171	S2-385046785,S2-701942141,S2-839557266
S1-986604838	
S1-766408899	
S1-507163415	S2-23968642
S1-873761236	
S1-655802552	S2-112263683,S2-442582638,S2-532625010,S2-57742122,S2-661143069,S2-780203637,S3-231033521,S3-494393611
S1-327983313	
S1-77383698	S2-18373037,S2-184312863,S2-220248812,S2-225185547,S2-456514313
S1-273531258	S2-499299724,S2-885938343
S1-772535560	S2-349822879,S2-77795814,S3-741089434
S1-598136304	
S1-789788578	S2-478979259,S2-481240786,S2-632714492,S2-724255369,S2-83113427,S2-923377939
S1-346777444	S2-299685676,S2-896463322
S1-544222533	S2-123408663,S2-124588767,S2-172430353,S2-226192457,S2-300546554,S2-313089486
S1-493959729	S2-111044839,S2-138022159,S2-183807901,S2-197392164,S2-794833133
S1-430462466	S2-754522704
S1-792204527	S2-196909644,S2-450649420,S2-463203017
S1-788563249	S2-427043229,S2-535451314,S2-659024436,S2-928276516
S1-198662647	
S1-431137009	
S1-22335277	S2-341571081,S3-276456431,S3-888944724
S1-291584542	
S1-556611862	
S1-32767080	S2-341381990,S2-947904269,S3-132323777,S3-249785537,S3-434526002,S3-553223448,S3-976632560
S1-242691036	S2-18102685
S1-770890247	
S1-276402071	S2-163603408,S2-207791381,S2-406934249,S2-489173239,S2-563877126,S2-743986971,S2-789640805,S2-920587005
S1-936869465	S2-134958755,S2-135506804,S2-18596189,S2-364330651,S2-706146364,S2-855274931,S2-898340782
S1-201994316	S2-9398298
S1-905520099	S2-31123646,S2-350279499,S2-363423679,S2-417251628,S2-591108790,S2-592618808,S2-655307195,S2-701282610,S2-883111569
S1-766655509	S2-118345329,S2-14965784,S2-151082852,S2-324514722,S2-500567211
S1-415414688	S2-379558632,S2-383538385,S2-643137611,S2-794033148
S1-133928599	S2-135396353,S2-288787823,S2-58646488,S2-712442952
S1-871112769	S2-106119694,S2-11399040,S2-140967971,S2-142919569,S2-183734900,S2-407640725,S2-798366757
S1-948985690	S2-218345611,S2-572536105,S2-680980126,S2-731053221,S2-751879798,S3-102021042,S3-213183435,S3-435297936
S1-653149647	S2-53975071,S2-771594640
S1-657251225	S2-293630968
S1-244474490	S2-727934623,S2-809415611,S2-850711259,S3-572464947,S3-623617439,S3-706227830
S1-857992844	S2-128720916,S2-223276182,S2-25829198,S2-271699045,S2-322511065,S2-417288467,S2-518088642,S2-535721882,S2-575554267,S2-699688111,S2-80792251,S2-878466068,S2-96575603
S1-197043206	S2-15297238,S2-211030013,S2-21907891,S2-49455096,S2-744361323,S2-98036361
S1-269094403	S2-132449128,S2-421325784,S2-584847388
S1-355078971	
S1-51627651	S2-584421286,S2-768379176
S1-288364156	S2-807294671,S2-84216363,S3-333229631
S1-500222888	
S1-247274429	
S1-260204874	S2-317338793
S1-511066423	
S1-605505884	S2-662485283,S2-67625921,S3-365373404,S3-486634272,S3-96744294
S1-882791035	
S1-868105169	S2-218163632,S2-251586891,S2-294323222,S2-294874898,S2-575566511,S2-685807230,S2-968505057
S1-764707596	
S1-962993818	S2-153275752,S2-261920394,S2-34017160,S2-356235629,S2-367870951,S2-518518982,S2-644142755,S2-722172803,S2-75328302,S2-813086379,S2-937221083
S1-608940471	S2-228059929,S2-371532259,S2-436069275,S3-294522941,S3-630874449,S3-781591439
S1-346760887	
S1-597621907	S2-272162607,S2-805328552
S1-36048451	S2-34583687,S2-422584264,S2-456478201
S1-98985291	S2-156871220,S2-174608732,S2-745341754,S2-999643363
S1-368908513	S2-132347195,S2-554273093,S2-685358184,S2-839062117,S2-886474017
S1-504750404	S2-326481594,S2-367282992
S1-687138169	S2-347711359,S2-691754098
S1-576111952	S2-143755487,S3-177317998,S3-372012280,S3-58767697,S3-668880039,S3-722309097
S1-907329636	S2-13460877,S2-13682032,S2-20869901,S2-234233670,S2-247738094,S2-251860012,S2-296749641,S2-353769894,S2-371602976,S2-461662527,S2-51435294,S2-711709039,S2-715729108,S2-787653819,S2-792980931,S2-816390814,S2-819219612,S2-829602188,S2-855700277,S2-876889991,S2-913195122,S2-926387302,S2-991736902
S1-220372723	S2-133282411,S2-293035800,S2-636774010,S2-828093962,S3-532711059
S1-591377734	
S1-915233460	S2-312521509,S3-441561694
S1-808794467	S2-28494204,S2-961242646,S3-194019715
S1-119248132	
S1-710758303	S2-246777257,S2-77214336,S3-538369895
S1-105001584	S2-539918232
S1-382212549	S2-849525643,S2-950810866,S2-978776512,S3-162560754,S3-349445112,S3-449912900,S3-534390755,S3-708097041,S3-818989239
S1-35578091	S2-212288986
S1-34932143	S2-127585099
S1-545791724	S2-16224119,S2-205139630,S2-213617262,S2-372642502,S2-418660377,S2-542833040,S2-550856929,S2-705111331,S2-85946826,S2-970857151
S1-869422569	S2-336023332,S2-996492139,S3-327805350,S3-627823950
S1-844617434	S2-169779346,S2-626077782
S1-488174268	S2-218836671,S2-381535256,S2-44908592,S2-729292821
S1-963501196	
S1-531518308	S2-541033204,S2-744729615
S1-288588262	S2-276949348,S2-338915180
S1-94665545	S2-17083824,S2-251912278
S1-460829054	S2-460644550,S2-558097065,S3-15998198
S1-817207769	S2-151628700
S1-923121813	S2-210128326,S2-213617262,S2-242899863,S2-372642502,S2-496470215,S2-570831897,S2-709602418,S2-791497609,S2-877613262,S2-970857151,S2-98036361
S1-937797030	S2-293677183,S2-446693205,S2-538033064,S2-610154159
S1-305324409	
S1-927419156	S2-240574858,S2-561812479,S2-624583011,S2-683181403
S1-261393939	S2-686803202
S1-158003567	
S1-772204055	S2-13831009,S2-575486031
S1-901881022	S2-123660000,S2-139261209,S2-170508887,S2-242348316,S2-427416369,S2-829201391
S1-958709603	S2-490635485,S2-770345966
S1-864062904	
S1-389115869	
S1-32131273	
S1-485290093	S2-391470171
S1-449015682	S3-190665363,S3-401846060,S3-511453450,S3-567464653
S1-273693856	S2-808052299
S1-216847975	S2-38555455
S1-942180728	
S1-704576365	S2-762616692
S1-706359294	S2-226249663,S2-833115076,S2-899398751
S1-688852755	S2-247870148,S2-96119259
S1-501963178	S2-276786057,S2-338813849,S2-814800185
S1-428039663	S2-232069665,S2-286541968,S2-299350771,S2-300649735
S1-394925431	S2-301790862,S2-570036665,S2-824136137,S2-975551884,S3-549479398,S3-828294643,S3-830009176
S1-29387523	S2-359442516,S2-427230429,S2-530586510
S1-960221997	S2-15909748,S2-176998529,S2-999498948
S1-369896511	S2-41980778
S1-973133967	
S1-957109842	S2-392770174,S2-786869610
S1-718126154	S2-141962456,S2-436844752,S2-47201750,S2-904039759
S1-657028371	S2-115845816,S2-125539487,S2-257820483,S2-274721885,S2-315025793,S2-324814113,S2-341168532,S2-396175329,S2-412246544,S2-493735561,S2-554899730,S2-652202457,S2-906789181,S2-974838439,S2-98036361
S1-122221465	S2-402525290,S2-641128711
S1-241758739	S2-569620637,S2-897389308,S3-316643923,S3-595308734,S3-626550712,S3-768672609,S3-782185266,S3-891624214
S1-292853265	S2-407425618
S1-563412246	
S1-635915279	
S1-257953143	S2-136859782,S2-556207172
S1-935953663	S2-175441980,S2-209534431
S1-66970748	S2-172931439,S2-246085496
S1-613214928	
S1-68168779	S3-61291610
S1-181117450	S2-523244164
S1-337798606	
S1-877808612	S2-244393494,S2-517297176,S3-637712252
S1-991838189	S2-381708555,S2-40265375,S2-647945622,S2-65702873
S1-415245659	S2-881342207,S2-961160293
S1-860794391	S2-180320333,S2-340043044,S2-52624665,S2-660875124
S1-590126941	
S1-852807313	S2-772149078
S1-643209618	S2-572524062,S2-876959001,S3-421937674
S1-581863940	
S1-225821819	S2-185013334,S2-23497502,S2-283217054,S2-297283507,S2-35695150,S2-367870951,S2-420631257,S2-492576234,S2-549445826,S2-569707049,S2-604951322,S2-648693678,S2-696019604,S2-721306836,S2-728798114,S2-741879952,S2-757965845,S2-762031264,S2-844894056,S2-917903845,S2-928464334,S2-970116590
S1-778630887	S2-322401060,S2-379266111,S2-861597486,S2-8956786,S3-103392578,S3-116897928,S3-646770122,S3-683393227,S3-849578155
S1-377916068	S2-407129150,S2-487296565
S1-37907520	S2-438067034
S1-637166800	S2-495814550,S2-961334609
S1-352595333	S2-416823794
S1-333194875	S2-172171876,S2-386407263,S2-529880284,S2-552554425
S1-260721574	S2-147905665,S2-200454250
S1-677484813	S2-38276365,S3-985253425
S1-568320501	S2-102002062,S2-135506804,S2-25056056,S2-350013887
S1-759995112	S2-719065552,S2-722398703,S2-768513326,S2-832667915
S1-443768681	S2-294381824,S2-331240955,S2-337510589,S2-486723636,S2-535044132
S1-170472252	
S1-311511012	S2-181578729
S1-224275529	
S1-427329185	
S1-417606815	S2-331970003,S2-335529928,S2-732700346
S1-488457630	S2-218261488,S2-411972261,S2-44712464,S2-453978657,S2-660274589,S2-697431144
S1-818470647	S2-269369646,S2-354167940
S1-534346740	
S1-729626041	S2-552335943,S2-950540504
S1-204633959	S2-224231594,S2-247840750,S2-270653888,S2-316618601,S2-482209347,S2-558685396,S3-321053165
S1-155512047	S2-170054697,S2-183205834,S2-215380273,S2-262646344,S2-271269344,S2-283744786,S2-333544093,S2-360417048,S2-383030202,S2-431698129,S2-54070460,S2-58393536,S2-783648666,S2-848460389,S2-873365432,S2-93749685
S1-553186193	S2-410097822,S2-660568756,S2-986595400,S3-375137324
S1-42502314	
S1-317114355	S2-575608925
S1-334574390	S2-261991775,S2-720285979
S1-649110450	S2-959401357,S3-218837713
S1-533417053	S2-717502840
S1-152550844	S2-106302105,S2-271407604,S2-525704467
S1-643493833	S2-660475546
S1-734921625	
S1-68108533	S2-236077202,S2-300623136,S2-816205149,S2-900618190
S1-789286562	S2-135641356,S2-178779915,S2-211614390,S2-389662181,S2-562106104
S1-493735795	S2-111420435,S2-120504241,S2-124035848,S2-146884818,S2-147441083,S2-20091273,S2-217345018,S2-234544755,S2-259406265,S2-29113321,S2-354542324,S2-400715826,S2-41256660,S2-918973885,S2-956319424
S1-870309113	S2-122929275
S1-755184527	S2-13618730,S2-521625017,S2-841892125
S1-741750910	S2-116836173,S2-187517712,S2-284528741,S2-551681475,S2-582387137,S2-591841369,S2-851224804,S2-947721596,S2-964744786
S1-396704474	
S1-77449994	
S1-607302089	S2-172217048,S2-322362124,S3-204889891,S3-441341258
S1-80873383	S2-122678657,S2-128720916,S2-619031728,S2-624504947,S2-699688111,S2-742042387,S2-750797271
S1-194589041	
S1-550464269	S2-101318380,S2-101582651,S2-148721285,S2-598564107,S2-780467478,S2-894280303
S1-405440827	S2-167191851,S2-370396703,S2-466353630,S2-523553509,S2-898050654
S1-500922440	S2-340393302,S2-807806179
S1-111694025	S2-256328866,S2-315885501,S2-407284706
S1-760235082	
S1-445143782	S2-274721885,S2-315025793,S2-526435635,S2-556544936,S2-652202457,S2-690616500,S2-72650353,S2-743986971,S2-783648666,S2-847824176,S2-867585785,S2-920587005,S2-974838439,S2-98036361,S3-519684761
S1-17665971	S2-643131962
S1-131623880	S2-331509491
S1-453383072	S2-118112758,S2-120724239,S2-131619683,S2-213689830,S2-303466474,S2-533274641,S2-544829479,S2-66956466,S2-888903378
S1-573827896	S2-366514724
S1-740059747	S2-487785572
S1-979645754	
S1-5694837	
S1-895155435	S2-560295438
S1-552090769	S2-206861046,S2-244393494,S2-322790497,S2-517297176
S1-444520529	S2-460732676
S1-481259122	
S1-170318976	S3-421139932,S3-56473701
S1-254586049	S2-174665922,S2-24449664,S2-448897998,S3-332845606
S1-626957328	
S1-820877559	S2-161618216,S2-171846308,S2-242661418,S2-243937508,S2-258297963,S2-261985190,S2-266623655,S2-523440058,S2-598890767,S2-692891878,S2-852005436,S2-955297188
S1-111296778	
S1-847310129	S2-10844142,S2-119369314,S2-152000251,S2-164454648,S2-16706628,S2-198202218,S2-200391160,S2-692375652,S2-780745492,S2-998817391
S1-546941880	
S1-697980001	S2-238227544,S2-256337315,S2-453551070,S2-481210353
S1-338401200	S2-588603145,S2-597052728
S1-501819870	S2-812503095
S1-541668027	
S1-966492570	S2-175174881,S2-332021686,S2-588335766,S2-596961996,S2-783105283,S2-868266996,S2-967973465
S1-702544592	S2-674201915
S1-528495462	S2-832386776
S1-545863954	S2-369174145
S1-772195807	S2-180162882,S2-293394835,S2-84672953,S3-759296958
S1-603731465	S2-190404911,S2-333544093,S2-356235629,S2-36796117,S2-389273331,S2-535271183,S2-552175225,S2-591482651,S2-792425759
S1-453539657	
S1-46249643	S2-634987820,S2-834540822,S2-892346000,S3-782320906
S1-317928365	S2-308170609,S2-368069624,S2-436614482,S2-620088599,S2-655066266,S2-712915475,S2-806987465,S2-880472304,S2-908068224,S2-933993096
S1-735449543	S2-13629735,S2-196808520,S2-542551278
S1-368898506	S2-255206378
S1-39608811	S2-257356782,S2-539575423,S2-592346942,S2-861470259,S3-182536681,S3-639907728,S3-841843337
S1-497232093	S2-151497011,S2-185013334,S2-185381097,S2-226485857,S2-252986419,S2-283217054,S2-338098872,S2-367870951,S2-831256999,S2-928464334
S1-740176897	S2-600871405
S1-699373004	S2-209835331,S2-803230301,S2-986494492
S1-760964613	S2-192641384
S1-759533619	S2-117673399,S2-145578823
S1-89928972	S2-108012128,S2-109721388,S2-175110533,S2-202993756,S2-239605693,S2-294998398,S2-518088642,S2-525418736,S2-695566970,S2-864706656
S1-415302434	S2-920937154
S1-397514626	S2-321277309
S1-603295553	S2-159911621,S2-541936409,S2-758950196,S2-918761246
S1-829004597	
S1-340381642	
S1-831508195	S2-204417353,S2-500293977,S2-596857261,S2-899672354
S1-715029307	S3-122524329
S1-30383410	
S1-267323354	S2-555624667,S3-355090287
S1-189661852	S2-10606907,S2-581497109
S1-232418369	S2-114497182,S2-174787159
S1-626838100	
S1-900373432	S2-112527529,S2-748235091
S1-322014701	S2-341236819,S2-678369673,S2-765742680
S1-714107578	
S1-923533895	
S1-445155683	
S1-70052354	
S1-954767088	S2-281611162,S2-291737812,S2-529927944
S1-529469516	S2-158501621
S1-650940902	S2-11696569,S2-179932291,S2-309299654,S2-777859165,S3-277719703
S1-200871763	S2-446254066,S2-532727839
S1-674001307	
S1-946578635	S2-224225619,S2-373060712
S1-899271918	S2-114308395
S1-861020733	S2-174724630,S2-204457440,S2-296642441,S2-980505165
S1-669118103	S2-165820601,S2-495532167,S2-557129215,S2-839295106,S2-945993788
S1-473518955	
S1-112878071	
S1-387370379	S3-607361577
S1-591825395	S2-990482170
S1-341836448	
S1-730190320	S2-500220701,S2-567794249
S1-686724393	S2-279709844,S2-945238177
S1-884819027	S2-118779243,S2-445942224,S2-731002082
S1-634733706	S2-102002062,S2-148443471,S2-180320333,S2-194482594,S2-259463679,S2-261149262,S2-343813737,S2-346969873,S2-350013887,S2-36582491,S2-451577568,S2-52267194,S2-555020656,S2-587992644,S2-7187531,S2-727419847,S2-875979297,S2-879573885,S2-892637813
S1-146764860	S2-286930295
S1-667494116	S2-244105640,S2-310601462,S2-328066684,S2-337650225,S2-381054184,S2-547825988,S2-79860576,S2-80918987,S2-911450010,S2-919947601,S2-922430091,S2-985319269
S1-644800304	
S1-559176480	S2-359847177
S1-670613672	S2-387488334
S1-563834046	S2-113475472,S2-116754726,S2-12210851,S2-124235502,S2-151923438,S2-163657158,S2-170144683,S2-17853482,S2-193510687,S2-223340813,S2-226359557,S2-232301612,S2-240947445,S2-443271648
S1-605344566	S2-28049297,S2-529898794
S1-45476583	S2-290553057
S1-712193425	S2-103349181,S2-231719166,S2-489411367,S2-519059543
S1-426796552	
S1-358071494	
S1-913184147	S2-154838983,S2-236462322,S2-690275089,S2-877207670
S1-518999749	S2-193187452,S2-808790338,S2-847053878,S2-849011663
S1-142991774	S2-149132980,S2-24463868,S2-301814811,S2-936335822
S1-573105537	
S1-402263041	
S1-852777299	S2-163228105,S2-18414328,S2-19505039,S2-205356961,S2-237950652,S2-373988676,S2-479345229,S2-836808903
S1-817055009	S2-108984077,S2-247738094,S2-381708555,S2-791580552
S1-121278089	S2-992245680
S1-34406583	S2-387141524,S2-529610003,S2-589324650,S2-936572282
S1-948206127	S2-13072938,S2-20869901,S2-220733207,S2-225590910,S2-236685517,S2-399569338,S2-444287554,S2-452245743,S2-482075294,S2-496644700,S2-513891007,S2-571936974,S2-574180555,S2-602104513,S2-61011233,S2-613435235,S2-631766640,S2-704784114,S2-712408237,S2-790145633,S2-790883248,S2-795638586,S2-816390814,S2-817651527,S2-850756799,S2-86364075,S2-886036522
S1-793882586	S2-103269848,S2-357415990,S2-901624314,S3-372073209
S1-313423382	S2-115297184,S2-142165793,S2-287226896,S2-349150704,S2-359021940,S2-481639053,S2-502705099,S2-657370238,S2-820816011,S2-831174779,S2-859876978,S2-864784692
S1-230616179	S2-241176698,S2-274721885,S2-898048020
S1-117946977	S2-214730447,S2-312075962
S1-764467216	S2-275958854,S2-612793834,S2-745833963
S1-600671460	S2-198406686
S1-985458663	
S1-998079629	S2-106154058
S1-751723139	
S1-984503844	S2-906358367
S1-436389656	S2-234735033,S2-287303694
S1-141582671	S2-105354862,S2-512037861,S2-582003397
S1-870259303	S2-190125325,S2-491755789,S3-893929029
S1-202627015	S2-117906318,S2-132741297,S2-132805742,S2-151416896,S2-180845265,S2-185013334,S2-23497502,S2-256642085,S2-352778464,S2-371555068,S2-479068086,S2-530247686,S2-623047669,S2-633442633,S2-638988181,S2-648693678,S2-722172803,S2-909159851
S1-870670114	S2-377649193,S2-501197700,S2-774095572,S3-391199718,S3-548833394
S1-755329516	
S1-769735105	
S1-545535789	S3-754082068
S1-255512449	S2-393334993,S2-801336356
S1-479368587	S2-15297238,S2-247738094,S2-265573676,S2-274721885,S2-28207614,S2-581890388,S2-602985825,S2-730880364,S2-791580552,S2-889891267
S1-220217287	S2-256293169,S3-642746332
S1-445413591	S2-134813883,S2-17001560,S2-184000263,S2-286564275,S2-313069143,S2-736684135,S2-741031934
S1-307330189	S2-951516479
S1-576221857	S2-117184006,S2-174187547,S2-285493501
S1-540647065	S2-172931439,S2-269959480,S2-930382947
S1-985849844	S2-458170961
S1-129840509	S2-400286189,S2-6620342
S1-738529927	S2-373148697,S2-574195814
S1-631634336	S2-170516399,S2-204787611,S2-548112122,S2-664798698,S2-721250775
S1-620439917	S2-25376749
S1-645673704	S2-200623085,S2-415723875
S1-366906832	S2-112727367,S2-720053732,S2-770554644,S3-172622687
S1-818450767	S2-573133851,S2-861763481,S2-939922394
S1-495018313	S2-812323962
S1-236219320	S2-125945553,S2-457084695,S2-478378795,S2-717857042,S2-727453306,S2-818178253
S1-735494336	S2-287975641,S2-331245541,S2-380942689
S1-313486473	S2-267277353,S2-297887712,S2-547885576,S2-693450476,S2-90852097,S2-979761600
S1-874756885	S2-497867787
S1-930629318	S2-253568804,S2-518131700
S1-211227284	S2-10844599,S2-166066864,S2-185013334,S2-283217054,S2-305100591,S2-367870951,S2-509829201,S2-576745524,S2-621225139,S2-747588389,S2-770738730,S2-825393923,S2-928464334
S1-665203072	
S1-990859962	S2-355951536,S2-405601275,S2-790260531
S1-743413952	S2-106681126,S2-783546164,S2-977064621
S1-288261457	S2-521529725,S2-952048795
S1-325772170	S2-173047981,S2-445020737,S2-523029118
S1-584694385	
S1-196930853	S2-349501090
S1-383705289	S2-32146718
S1-94503331	S2-405768245,S3-133802843,S3-51375091
S1-647575013	S2-180088890
S1-362900691	S2-794209313,S2-838080358
S1-743701929	S2-292445445
S1-554606367	S2-199676050,S2-649431829,S2-99768590
S1-72057324	
S1-537057658	S2-110904922,S2-161229135,S2-434184913,S3-260620109
S1-863840933	S2-201389454,S2-658816040,S2-801267973
S1-867937984	
S1-517585252	
S1-843460748	
S1-495431862	S2-134318524,S2-186099239,S2-190308939,S2-335651344,S2-404377101,S2-410711059,S2-441435910,S2-61535084,S2-656715751,S2-866898299,S2-874929400
S1-705520087	S2-899810980
S1-629792731	S2-168738824,S2-237568911,S2-377644871,S2-419782082,S2-475534884,S2-6067355,S2-624590032
S1-24190993	S2-54635056,S2-931376604,S3-384553783,S3-592617087,S3-828266427
S1-962462371	S2-119024914,S2-147014078,S2-165426878,S2-205874870,S2-20645450,S2-224203290,S2-230007464,S2-287849452,S2-343213731,S2-373619388,S2-557724676,S2-627809306,S2-686958611,S2-722659922,S2-75527216,S2-772213184
S1-891460771	S2-122042872,S2-18141461,S2-275806850,S2-280133735,S2-299890701,S2-322210932,S2-432118474,S2-52021666,S2-576487493,S2-62920860,S2-770053200
S1-631267110	S2-141238932
S1-616328186	S2-156272365,S3-129875220,S3-349290189
S1-989458781	S2-20924316,S2-28211372,S2-335122263,S2-573848201,S2-596503094,S2-660792558,S2-841604447,S2-848460389,S2-876034989,S2-903066825
S1-158427430	S2-230585443
S1-943866501	S2-118306231,S2-132805742,S2-225538585,S2-237128865,S2-435290861,S2-616138475,S2-690393517,S2-737981941,S2-853027522
S1-772390233	
S1-555104163	S2-575141626,S3-6831989
S1-634708855	S2-232841079,S2-481131873,S2-503202602,S2-758805626,S2-792642549,S2-845034300
S1-574838650	S2-199678974,S2-203267580,S2-492078874,S2-502930865,S2-51215865
S1-454570944	S3-366141450,S3-441456032
S1-824705510	S2-103162997
S1-353555145	
S1-868191449	
S1-207542087	S2-233459431,S2-924826941
S1-128224466	S2-170291994,S2-322903723,S2-370394181
S1-437847715	S2-258208130
S1-175897406	S2-233024087,S2-379086797,S2-385732900
S1-836657851	S2-656182799
S1-738388422	
S1-70730985	S2-250010440
S1-913071720	S2-212288986,S2-529114408
S1-730858570	
S1-890842089	S2-734011922,S3-531435230
S1-755841052	S2-355900344,S2-544745755,S2-621011062,S2-812162842
S1-62406587	S2-422584264,S2-56810183
S1-945599294	S2-277433793,S2-476567872
S1-282690027	S2-527146506,S2-763273382,S2-791384064,S3-268143045,S3-833528066
S1-119471339	S2-287916165,S2-590537821,S2-99062808
S1-612238175	S2-107823180,S2-149216270,S2-186917321,S2-279185766,S2-989575182
S1-507700514	S2-315799148,S2-545358484,S2-552863790
S1-507057032	S2-10977605,S2-164639923,S2-503758067,S2-753761243,S2-878954305,S3-747094452,S3-997297456
S1-290658366	
S1-521891133	S2-192711351,S2-325250171,S2-372536821,S2-425355388,S2-861316820,S2-955931368
S1-49325121	S2-532542267,S2-648206193,S2-735384158,S2-864584863
S1-169797977	
S1-44516836	S2-17667673
S1-27176967	S2-268848287
S1-428409415	S2-104258405,S2-460359191,S2-468989057,S2-646689317,S2-87745059,S2-907409970
S1-583030458	S2-107332619,S2-439563267,S2-595623864,S2-691698788
S1-659886446	S2-198452244,S2-488627753
S1-330401139	S2-196677657,S2-37169678,S2-449024562,S2-518473775,S2-696191767,S3-793754331
S1-928776546	
S1-79493353	
S1-598644426	S2-345648173
S1-491672580	S2-292268375,S2-296083713,S3-819427724,S3-956650867
S1-527616111	S2-260263864,S2-312291757,S2-340173420,S2-672741465,S2-921744764
S1-269743554	S2-101273729,S2-102193203,S2-104375747,S2-104590092,S2-108429584,S2-112004767,S2-115747295,S2-12185552,S2-124579981,S2-125031074,S2-126988809,S2-127690612,S2-129856087,S2-134998052,S2-136342041,S2-136994486,S2-142821973,S2-212536068,S2-225052205,S2-299813260,S2-305268835,S2-346644481,S2-358267895,S2-432423471,S2-540613119,S2-54799801,S2-728767898,S2-919233333,S2-919924109,S2-994528455
S1-737563674	S2-113558231
S1-662097139	
S1-76227211	S2-566842378,S2-963666454
S1-754443232	S2-197612296,S2-380674790,S2-626830017
S1-541847553	
S1-811085440	S2-414128
S1-398462363	
S1-310166751	
S1-258544368	S2-739109181
S1-29704874	
S1-71390708	S2-124520124,S2-544284207
S1-522847261	S2-113028239,S2-634359439,S2-69906620
S1-209560741	S2-185614681,S2-744069711,S2-962736537
S1-76891238	S2-215541922,S2-754417752,S3-228367348,S3-238597775
S1-803723987	S2-233697931,S2-348232337,S2-813700539
S1-469837394	S2-130564125,S2-442592231,S2-485682182,S2-875453471
S1-262724894	
S1-789310261	S2-288081046,S2-412160272,S2-551094231,S2-752468666,S2-859423933,S2-87926059
S1-476233101	S2-135506804,S2-192407921,S2-227333460,S2-236079990,S2-258925491,S2-370919988,S2-445952716,S2-467695831
S1-156259591	S2-80238119
S1-148192848	S2-944535843
S1-253986339	S2-320511730,S2-713079290
S1-613788308	S2-395796500,S3-32778144
S1-46734148	S2-250232761,S3-720043401
S1-925888590	
S1-384391959	S2-283467012,S2-442962909,S2-884282794,S3-712848899
S1-733058423	S2-185362074,S2-246524037
S1-335922295	S2-117274539,S2-166774826,S2-40901604,S2-520084907,S2-526735334,S2-626617799,S2-779143947,S2-895604923,S2-92235637,S2-942584049
S1-62369497	S3-684905805
S1-472029773	S2-213280316
S1-379378394	S2-127622422,S2-175196958,S2-23994190,S2-339238296,S2-440598643,S2-470285880,S2-489180375,S2-554482361,S2-601792102,S2-616138475,S2-685555753,S2-690393517,S2-748230329,S2-749003311,S2-765294441,S2-766608172,S2-848146774,S2-877613262,S2-972449638
S1-802501899	S2-253970227,S3-514315894
S1-404958214	S2-314794867,S2-680310282
S1-134964502	S2-175351817,S2-395473104
S1-903680191	
S1-746205301	
S1-356330116	
S1-897438771	S2-147266995,S3-443560965
S1-216853138	S2-169915539,S2-18373037,S2-220248812,S2-456514313,S2-674613575,S2-949852260
S1-21010276	S2-326084765,S2-698484283
S1-411150863	S2-356582009,S2-606953014
S1-721904625	
S1-500842861	S2-127012193,S2-502826811,S2-574118713,S2-703159775,S2-733853597,S2-740737250,S2-755291840,S2-756760180,S2-963690992
S1-519840188	
S1-371172270	S2-125539487,S2-132741297,S2-240440098,S2-278841666,S2-311176703,S2-324814113,S2-352778464,S2-407041857,S2-421904675,S2-427785200,S2-441813094,S2-476882556,S2-493735561,S2-619232660,S2-696019604,S2-791580552,S2-813926443,S2-843438632,S2-881646742,S2-893700456,S2-935306094
S1-146269669	
S1-640903890	S2-320705190,S2-809866423,S2-862948988,S2-902352932,S2-949243075
S1-579513223	S2-145578823,S2-208281673
S1-834059246	S2-690275089
S1-543738021	S2-151940703,S2-297723219,S2-48775439,S2-558987691,S2-825610453,S2-886598500,S2-899200851
S1-464735932	S2-803194809,S2-923146898
S1-720494821	
S1-614166527	S2-87406373
S1-330425761	S2-129865436,S2-167574210
S1-636382711	
S1-845582955	S2-12030409,S2-124735960,S2-191571799,S2-247406225,S2-288769131,S2-356508120,S2-637434303,S2-911158633
S1-864813407	S2-194083720,S2-550419213,S2-743361445,S2-939970908,S3-128006463,S3-136837744,S3-166496342,S3-478996216
S1-226835563	
S1-593083174	S2-514769026,S2-906995912,S2-965454124,S2-965849773,S2-98665955
S1-265308634	S2-120300748,S2-134867464,S2-643729477,S2-757527741
S1-342524902	S2-25697257,S3-123101660
S1-313657958	S2-844245337
S1-761368811	S2-177235783,S2-285398158,S2-464726955
S1-370040082	S2-165421364,S2-175873318,S2-363942285,S2-509829201,S2-576745524,S2-621225139,S2-635418984,S2-808761772,S2-892546888,S2-928464334,S2-964848485
S1-30674002	S2-530812786
S1-184326040	S3-26913471,S3-528076921,S3-535398546
S1-752875458	S2-175442231,S2-877017080,S2-998093186
S1-749190987	S2-117981503,S2-132805742,S2-1410902,S2-356235629,S2-362745970,S2-463367969,S2-6815124,S2-874929400
S1-303885393	S3-336437438
S1-524471698	
S1-81401869	S2-331151560,S2-777097274,S2-930441483
S1-600924899	
S1-223740121	S2-275672522,S2-32330460,S2-333741086
S1-497450389	S2-348048699,S2-435175040,S2-683837151
S1-951404426	
S1-677361364	S2-286850939,S2-545981577,S2-632168180,S2-710649780
S1-438605996	S2-128261083,S2-608963132
S1-669877826	S2-453688563,S2-514593415,S2-584760377
S1-293244964	
S1-872080679	S2-180209507,S2-86933812
S1-578655170	
S1-855309387	S2-82866756
S1-849800146	S2-110424032
S1-950006929	
S1-477543769	S2-177642943,S2-659630027,S2-737845063
S1-533947051	S2-102002062,S2-25560636,S2-259463679,S2-418140224,S2-422634406,S2-52267194,S2-540565178,S2-699477125,S2-742740304,S2-831256999,S2-934644279,S2-971445382,S2-99438370
S1-689992280	
S1-827116132	S2-681114829
S1-130033627	
S1-200328362	S2-722016423
S1-822365624	S2-985477224
S1-973488776	S2-317478960
S1-13451015	S2-117778895,S2-147786372,S2-159807469,S2-258925491,S2-281044982,S2-369586322,S2-396840544,S2-425292799,S2-432235712,S2-52880044,S2-612069316,S2-639170764,S2-654351673,S2-697514180,S2-780110632,S2-793448448,S2-808782964,S2-890202084,S2-976721780
S1-618510970	
S1-452851960	
S1-725672126	S2-101350905,S2-410601331,S2-526287565,S2-711660940,S2-921746636,S2-998068976
S1-371215032	S2-184615466,S2-259824650,S2-885402171,S3-477682199,S3-486463636,S3-628274436
S1-880149151	
S1-704316296	
S1-491775540	S2-316291152,S2-641047503,S2-782765375
S1-503016984	S2-213280316,S2-841549093
S1-446731231	S2-270607529
S1-908289013	S2-965965831
S1-450337428	S2-638393180
S1-29596643	S2-138022159,S2-149726747,S2-197392164
S1-601561210	S2-886926784,S3-502669633,S3-956226709
S1-597171150	S2-284355176
S1-754410830	
S1-995936163	S2-160997856,S2-228917645,S2-580785950,S2-671225192,S2-792430300,S2-911473337,S3-634698587
S1-990991704	
S1-52033338	S2-7169588,S2-746208316
S1-717480913	
S1-699194125	S2-233939017,S2-579927731,S2-987382970,S3-108297280,S3-111325422
S1-685163224	S2-124495099,S2-892345422
S1-185787384	S2-514074074
S1-263986904	S2-23213942,S2-40652897
S1-109940605	
S1-109569754	S2-670476200,S2-856850105,S3-131814953
S1-161663716	
S1-162695461	S2-285251928,S2-285549357
S1-648022940	S2-162385476,S2-503202602,S2-572509666,S2-758805626,S2-809962692,S2-832151009,S2-906190563,S2-998872605
S1-807531920	S2-137001637,S2-16189757,S2-195636847,S2-217459944,S2-259102833,S2-313789589,S2-429701897,S2-459242402,S2-652780198,S2-685555753,S2-727187278,S2-756563488,S2-893972749,S2-953390254,S2-989376105
S1-622031313	S2-151714613
S1-147548498	S3-419230004
S1-26628666	S2-311932762
S1-240414034	S2-113326832,S2-137812203,S2-265722826,S2-397509680,S2-402075700,S2-41061852,S2-830022608
S1-377471644	S2-171653006,S2-182202361,S2-294766157,S2-314658454,S2-329870778,S2-363532276,S2-415479390,S2-558809096
S1-795051867	
S1-518221826	S2-314290114,S2-335069828,S2-774969179,S2-894654993
S1-569486927	S2-135251670,S2-646103419
S1-788480541	S2-142338793,S2-507421048,S2-957532633,S2-990644429
S1-650931728	S2-113653299,S2-12657659,S2-171842014,S2-218355316,S2-271184500,S2-27701667,S2-281514526,S2-286092318,S2-51815534
S1-949970105	S2-133862949,S2-348250245,S2-445188040,S2-811048962,S3-90477790
S1-224442543	S2-314201561,S3-357166507,S3-478128761,S3-640882566
S1-262086042	S2-325956139
S1-539063080	S2-454912577,S2-554174015,S2-697233935,S2-8144614
S1-758070549	S2-214305808,S3-307632812,S3-469564784
S1-102067063	
S1-232798487	
S1-105827392	S2-146442664,S2-152249684,S2-517494244
S1-906803032	S2-228830917
S1-42258623	S2-283234391,S2-486211996,S2-938636639
S1-578070457	S2-130555362,S2-134318524,S2-186099239,S2-190308939,S2-463784631,S2-606602185,S2-713079290,S2-846662361
S1-179448674	
S1-377942865	S2-215194266,S2-23304966,S2-273602723,S2-313017868,S2-313116693,S2-331301868,S2-502124284,S2-521485245,S2-532673061,S2-544508980,S2-573152653,S2-611759661,S2-614454301,S2-66500273
S1-117124656	S2-273609983,S2-748511003
S1-993829678	S2-109747337,S2-24936686,S2-941290571
S1-170883326	S2-22761429,S2-485057790,S2-635063335,S3-268429616,S3-29987568,S3-525083607,S3-548308123
S1-966166665	S2-12278744,S2-15955373,S2-400147630,S2-525418983,S2-757413235
S1-168402024	S2-157580114
S1-432612382	S2-968883222
S1-106694036	S2-446479058
S1-860696171	S2-76255262
S1-947779057	S2-244286696
S1-478187960	S2-155253907,S2-693081965,S2-785056910
S1-901582927	S2-506768218,S2-581737686
S1-903791016	S2-145659624
S1-11483643	S2-976003208
S1-347810367	
S1-557169552	S2-131478502,S2-143854403,S2-189595525,S2-220522642,S2-460487382,S2-476180359,S2-546063714,S2-549614938,S2-675095366,S2-929544093,S2-985380205,S3-224345630,S3-775694490
S1-618760923	S2-415190622
S1-342769339	S2-235620361,S2-30830421,S2-952719773,S3-100859612,S3-177683130,S3-436514955,S3-725867292
S1-533988643	S2-503689232,S2-519959909,S2-920587005
S1-683869141	S2-110033403,S2-151316923,S2-216588237,S2-245519799,S2-304854637,S2-325207918,S2-391507732,S2-444286133,S2-47595061,S2-50625939,S2-508262928,S2-518518982,S2-574450094,S2-755816275,S2-930699643
S1-293619205	
S1-896292297	S2-448889029
S1-926971348	
S1-329066163	
S1-658544337	S2-54220234,S2-734595594,S2-901758717
S1-137870529	S2-130309662,S2-156552749,S2-275922304,S2-282773055,S2-467148625,S2-480006522,S2-604861794,S2-635834020,S2-713870273,S2-774090634,S2-795664994,S2-818945153,S2-845245229
S1-486008614	
S1-935841397	S2-364815154,S2-689198436
S1-326846186	S2-111196433,S2-232689639
S1-711330965	S2-976475788,S3-550017064
S1-722405675	
S1-463287529	S2-10625583,S2-244037195,S2-269177273,S2-306627610,S2-457753565,S2-667662419
S1-149411806	S2-171968922,S2-18334676,S2-274767163,S2-61732760,S2-699224357,S2-82693962,S2-849330463,S2-956952534
S1-541361289	S2-676653244
S1-977429262	S2-108951505,S2-138983163,S2-604123258,S2-80813200
S1-11172779	
S1-350174317	S2-318116937,S2-571893894,S3-329419684,S3-877935539
S1-279892562	S2-341349443
S1-822292739	S2-872285328
S1-272127430	S2-378662414,S2-432739518,S2-757965845
S1-667764898	S3-559133500,S3-567299923
S1-581382815	S2-621640141
S1-473952711	S2-169701692,S2-215194266,S2-363980567,S2-521485245,S2-544508980,S2-573152653,S2-646218526,S2-692712904
S1-221315364	S2-373539812,S2-503689232,S2-645303053,S2-665658209,S2-944096566
S1-250931789	S2-152650204,S2-297683064,S3-200124289
S1-598934460	S2-142338793,S2-200323365,S2-297614729,S2-319528051,S2-502711958,S2-507421048,S2-722562148,S2-829176363,S2-839839862,S2-869410128,S2-956170846,S2-990644429
S1-584697437	
S1-405602194	S2-504907221,S2-514993689
S1-608664540	S2-104641449,S2-108680526
S1-84451840	
S1-167638623	S2-109992673,S2-407365915,S3-970761312
S1-956897563	S2-367590410,S2-674541881,S2-758511990,S2-864864768
S1-729467781	S2-107361504
S1-80773469	S2-429819493
S1-513599911	S2-509829201,S2-576745524,S2-621225139,S2-723063286,S2-922373960,S2-928464334,S3-499529172
S1-533522938	S2-422821371,S3-447923876,S3-785749666
S1-581757578	
S1-657558693	S2-375131378
S1-402494925	S2-109591901,S3-51033021
S1-387016214	S2-110110097,S2-110602720,S2-176998529,S2-330344696,S2-447880595,S2-447963596,S2-467377370,S2-527668553,S2-550279805,S2-551128687,S2-558276240,S2-630297971,S2-69803160,S2-918689377,S2-968159043,S2-986507216
S1-266555379	S2-237181578
S1-669776689	S2-433721543,S2-866913908
S1-225034106	S2-130855457,S2-135155223
S1-751033619	S2-197074257
S1-976424391	S2-500871474
S1-519677292	
S1-443534708	S2-156292022,S2-20467458,S2-826189324
S1-382169090	S2-214027916
S1-790517362	S2-114149811,S2-168119610,S2-998849688
S1-880615423	S2-747257239
S1-449179193	S2-389998485
S1-48180936	S2-118688351,S2-812162842
S1-427642601	
S1-912943762	
S1-671491624	S2-231501289,S2-977219140
S1-55716966	S2-707552218,S2-872424918
S1-98549181	S2-221804257,S2-854294190,S3-3843630,S3-512221858
S1-815606753	
S1-407721399	S2-356029080,S2-540565178,S2-774969179,S3-567641245,S3-698222925
S1-796461188	S2-650640716
S1-959883069	S2-348777274,S2-615526201,S3-517116339
S1-166391907	
S1-726276781	S2-107075402,S2-120873422
S1-120806394	S2-190639422,S2-578210575,S2-768620537,S2-905905716,S3-692123906
S1-391836868	S2-128261083,S3-744333732
S1-200079725	S2-102738169,S2-108209369,S2-108660426,S2-116990488,S2-13155039,S2-18812099,S2-419074899,S2-441813094,S2-561895616,S2-665658209,S2-679813434,S2-745710308,S2-816390814
S1-765276200	S2-173571191
S1-899317092	
S1-775310986	S2-680580188
S1-305472241	S2-583567562
S1-865063383	
S1-264694687	S2-315025793,S2-460722696,S2-63705596,S2-756711366,S3-243933528,S3-297316393,S3-724878495,S3-763121272
S1-526715015	S2-868299563
S1-299047552	
S1-983022047	S2-38145380,S2-451740579,S2-691487543,S2-838108266,S3-232919641,S3-586188414,S3-626620494,S3-714810251,S3-757450407
S1-864843313	
S1-301477237	S2-113534088,S2-16405396,S2-20717587,S2-239233205,S2-314962734,S2-569926722,S2-577918258,S2-642086099,S2-836858755,S3-612080021
S1-673136886	S2-241202186,S2-531520525
S1-230813348	S2-112390584,S2-121689462,S2-225538585,S2-681505388,S2-889891267,S2-93810166
S1-404917346	S2-257941090,S2-400190057,S2-678475669,S2-718424062,S2-949153195
S1-672593972	
S1-541465582	S2-133718208,S2-211306217,S2-720497519
S1-703209922	S2-109016272,S2-243633698,S2-37389388,S2-515729678,S2-554578925,S2-790554646,S2-836257889,S2-887167489,S2-903340086,S2-907613517
S1-985578465	
S1-602902072	
S1-487057151	S2-476993899,S2-785914648,S3-31770376
S1-736800651	S2-294998398,S2-396661958,S2-422634406,S2-59604091,S2-712062367,S2-823571560
S1-935703327	S2-130147955
S1-308849584	S2-110602720,S2-116005607,S2-176914744,S2-333573192,S2-517729144,S2-721273162
S1-61384671	S2-188227401,S2-534580132,S2-760002985,S2-76055561,S2-815168474
S1-852148273	S2-788475633
S1-787461836	S2-102002062,S2-135506804,S2-25056056,S2-467695831,S2-547059865
S1-629887537	S2-265036308,S2-347423386,S2-401918355,S2-857224554,S3-221927163,S3-327848756
S1-71595254	S2-318621573,S2-47989528,S2-841629342,S2-91570273,S3-751011730
S1-140373393	S2-34389991
S1-712418507	S2-623445498,S2-816081496
S1-515072958	S2-192790494
S1-197280203	S2-101273729,S2-102193203,S2-104375747,S2-104590092,S2-108429584,S2-112004767,S2-115747295,S2-12185552,S2-124579981,S2-125031074,S2-126988809,S2-196868267,S2-212536068,S2-225052205,S2-245105899,S2-275814412,S2-283728539,S2-305268835,S2-346644481,S2-358267895,S2-483478101,S2-54799801,S2-728767898,S2-772331829,S2-869847688,S2-891500413,S2-919233333,S2-919924109,S2-972255404,S2-994528455
S1-794806928	S2-207828606,S2-310889279,S2-613326591,S2-75349817
S1-195675964	S2-107557903,S2-324897034,S2-825353442
S1-245620451	S2-520200662,S2-573302414,S2-714263938,S2-831581082
S1-402387176	S2-10597021,S2-132491947,S2-157433,S2-165582222
S1-218107486	S2-233564659,S2-261920394,S2-518518982,S2-583114929,S2-813086379,S2-84097685,S2-868266996
S1-899593553	S2-718689834,S3-497914134,S3-544446296,S3-693414246,S3-934549146
S1-103648967	S2-331959585,S2-351679533,S2-422732249
S1-186871220	S2-322760946
S1-856200540	
S1-952064431	S2-631197950
S1-15967051	S2-817556800
S1-499785692	S2-213410962,S2-257820483,S2-348920128,S2-429891816,S2-541984172,S2-580173238,S2-713264333,S2-731625869,S2-916868130
S1-954789288	S2-356582009
S1-543400611	S2-108310185
S1-552047258	S2-141238932,S2-16371592,S2-265013845,S2-291314069
S1-654184515	S2-180423510,S3-727553611
S1-276858394	S2-819876678
S1-533888847	
S1-323057996	S2-267158013,S2-428414046,S2-658616975,S3-310997048,S3-394271549,S3-403101383,S3-413041401,S3-478741586,S3-915710924
S1-320086079	S2-14050785,S2-199059841,S2-206076218,S2-24436688,S2-262111055,S2-301427054,S2-347656281,S2-416318850,S2-440104204,S2-462929843,S2-641053663,S2-775031796,S2-933862681
S1-855616906	S3-898540106
S1-744754397	S2-140354267
S1-152508801	S2-160876077,S2-242438985
S1-307615125	S2-30419437
S1-143536197	S2-67446602,S2-891034168
S1-618419675	
S1-259620026	S2-807337566
S1-584838253	
S1-39575732	
S1-692949559	
S1-777929094	
S1-31931266	S2-158362927
S1-337081657	S2-745834494
S1-478404464	S2-524607849,S2-845974866,S3-118991403
S1-916370847	S2-551906016,S2-954391431,S3-63753451
S1-373387246	S2-306738441,S2-52734457,S2-666767550
S1-769814533	
S1-423303116	S2-679028686,S2-738785346,S2-985128408,S3-104737230,S3-143856842,S3-152194898
S1-765122448	S2-553572793
S1-143143410	S2-130309662,S2-151070668,S2-156552749,S2-368870105,S2-524903598,S2-635834020,S2-713870273,S2-795664994
S1-45193124	
S1-957659829	S2-518131700
S1-783895442	S2-19172026
S1-241194969	S2-402525290,S2-731904177
S1-906946241	S2-492460639,S2-660132981
S1-660027440	
S1-461670379	S2-23958610
S1-985740908	S2-410097822
S1-870743390	S2-115362738,S2-147266995,S2-440339419,S2-579123379
S1-575174642	S2-817542755
S1-828526849	S2-184131140
S1-670774972	S2-105902821,S2-296104409,S2-708535975,S2-803896133
S1-222836798	S2-690569624,S2-965521247
S1-941927098	S2-221614512,S2-342345469,S3-94289489,S3-962332856
S1-36050400	S2-327785988,S2-70135343
S1-480447397	
S1-810784492	
S1-311974093	
S1-59070872	S2-118801513,S2-666550491,S2-775200039,S2-886847120,S2-895657665,S3-173552811,S3-583385545,S3-775862459,S3-891118755
S1-226072612	S2-10369336,S2-346952501,S3-306917068,S3-731335463
S1-142032781	S2-585408071
S1-45340570	S2-272162607
S1-917054737	S2-693783526,S2-8415538
S1-740535429	S2-526102972
S1-547382550	S2-110602720,S2-116005607,S2-176998529,S2-218619721,S2-236079990,S2-330344696,S2-527668553,S2-54935976,S2-550279805,S2-615651599,S2-630297971,S2-672741465,S2-69803160,S2-73405617,S2-968159043
S1-705324532	
S1-754493357	
S1-831250685	S2-17473212,S2-411938001,S2-497518999,S2-851425346
S1-522913763	
S1-934216469	
S1-860733442	
S1-750661182	S2-135251670,S2-238610421,S2-577937494
S1-881055954	S2-15909748,S2-176998529,S2-384403697,S2-498237784,S2-54935976,S2-771831940,S2-778140513,S2-813841226
S1-514613275	
S1-914583493	S2-110110097,S2-171844179,S2-176998529,S2-236079990,S2-542711036,S2-54935976,S2-75676145,S2-822440226,S2-876348838,S2-916704724,S2-952556671,S2-976140156,S3-234495560,S3-352306474,S3-854254214
S1-607890592	
S1-123576263	
S1-351949258	S2-205355462,S2-367044401,S2-377032895,S2-554191489
S1-652287609	S2-137468128,S2-145578823,S2-208281673,S2-880470957
S1-975538421	S2-100725406,S2-117480544,S2-127123390,S2-14754327,S2-153193774,S2-365847414,S2-412058046,S2-722783061,S2-812285869,S2-852483057
S1-399652471	S2-153275752,S2-261920394,S2-34017160,S2-518518982,S2-644142755,S2-722172803,S2-75328302,S2-813086379,S2-937221083
S1-489820330	S2-465239251
S1-459265885	S2-760136688
S1-329065638	S2-368330152,S2-552601007,S3-198813725,S3-655200386
S1-325974220	S3-127528366,S3-233837338,S3-748295061,S3-831625184
S1-293122678	
S1-406820024	S2-215380273,S2-346969873,S2-863913658,S3-569950948,S3-757624330
S1-677625506	
S1-146164660	S2-576190118,S2-678770694
S1-446660894	S2-774283540
S1-720831376	S2-322215254
S1-322970668	
S1-603512987	S2-106119694,S2-11399040,S2-140967971,S2-183734900,S2-642379815,S2-743611656,S2-744092910,S2-790594775,S2-798366757
S1-515708142	S2-436735977,S2-865972861,S2-874702145,S2-881423085,S3-360540476,S3-642810398,S3-831049334,S3-907610273
S1-621619027	S2-135251670
S1-571678867	
S1-475434066	S3-208875726,S3-333706642
S1-44832721	
S1-73643688	
S1-389829785	S2-140877024,S2-457485940
S1-908708575	
S1-407373690	S2-134720663,S3-20289290,S3-811672873
S1-129487038	S2-963306726
S1-757768634	S2-233251202,S3-307695382,S3-325570050,S3-665314454,S3-687119469,S3-722708346
S1-443842458	S2-248344169,S2-535851223,S2-926133163
S1-906302489	S2-427521195,S3-690603607
S1-836337159	
S1-317432810	S2-407997384,S2-576201028
S1-29676446	S2-182417736,S2-301332274
S1-641733504	S2-175987478,S2-472425356,S2-588527698,S2-765699667,S3-277214748,S3-366602044,S3-491956617,S3-528189755,S3-852083770
S1-628264763	S2-20798878,S2-274721885,S2-315025793,S2-363824206,S2-412246544,S2-457676952,S2-493735561,S2-506155991,S2-554899730,S2-597020302,S2-652202457,S2-683782176,S2-743986971,S2-849705833,S2-932561773,S2-974838439,S2-98036361
S1-617326546	
S1-134212823	S2-11892493
S1-563052726	S2-834331443
S1-468536106	S2-145659624,S2-609658451,S2-71849770,S2-953953885
S1-14173735	S2-268088559,S2-624513164
S1-332647251	S2-557894998
S1-217957750	
S1-990121956	S2-128975231,S2-283217054,S2-428504979,S2-715069159,S2-928464334,S2-972798082
S1-73778505	S2-595623864,S2-905253542
S1-505499864	S2-174561259,S2-99285534
S1-220921987	S2-110110097,S2-48846333,S2-873046372,S3-885817023
S1-930793828	S2-1410902,S2-340444360,S2-356235629,S2-356920100,S2-362745970,S2-372482270,S2-374943328,S2-450515235,S2-463367969,S2-535446792,S2-572929879,S2-628069917,S2-665607256,S2-6815124
S1-92777166	S2-21788191,S2-814913528,S2-886248271
S1-694526898	S2-341552549,S2-373261433,S2-399463964,S2-540664895,S2-714057870
S1-767699511	S2-192666953,S2-326272937,S2-384148362,S2-574824935,S2-912687451
S1-728529555	S2-137946392,S2-152317797,S2-267134773,S2-318340543,S2-347970292,S2-514686318,S2-559400634,S2-612716637
S1-638128832	
S1-403810741	S2-191488257,S2-256443739,S2-725854925,S3-236734834
S1-733594883	S2-251608273,S2-311784818,S2-937865505
S1-562491304	
S1-491136206	S2-741478394
S1-201112839	S2-331151560
S1-750513522	S2-855880477
S1-665694632	S2-106530134,S2-208479939,S2-218594401,S2-228742757,S2-288036293,S2-329256962,S2-351590668,S2-396277970,S2-448053631,S2-495724545,S2-497633419,S2-520386206,S3-105136305,S3-105329906,S3-161083708,S3-32431230,S3-503334297,S3-560902870,S3-734550669,S3-901375178,S3-964795149
S1-845833663	
S1-658355065	S2-12210851,S2-131923133,S2-151260456,S2-163657158,S2-17853482,S2-186779249,S2-468776136,S2-525662290,S2-582604294,S2-960440618
S1-596614047	S2-168338385,S2-600149107,S2-787592144,S2-822326091,S2-924573550,S3-395568034,S3-835564839
S1-592294131	S2-856599672,S3-251940219,S3-700391830,S3-752731158
S1-437062378	S2-15975240,S2-170054697,S2-185389152,S2-226661564,S2-229533367,S2-240402694,S2-269722604,S2-46889600,S2-499252487,S2-652980231,S2-677587921,S2-67821195
S1-1120102	S2-257941090
S1-463400859	S2-690552129
S1-40438195	S2-664108852,S2-970133950,S2-998362525
S1-492055681	S2-25376749
S1-249155369	S2-522771996
S1-932632094	S2-302174751,S2-529780706
S1-840718013	S2-126865821,S2-166196566,S2-230217132,S2-5772228,S2-635861536,S2-807512262,S3-142440800,S3-289913853,S3-507536927,S3-523450923,S3-645198750,S3-769004637
S1-689634385	
S1-639390518	S2-443673236,S2-521438707,S3-658071145
S1-807232527	S2-244376429
S1-5308195	S2-132741297,S2-132805742,S2-155105281,S2-185013334,S2-188368209,S2-215706495,S2-240440098,S2-278841666,S2-309385659,S2-387830466,S2-435977755,S2-441813094,S2-48051451,S2-510791157,S2-530247686,S2-550794369,S2-618527162,S2-62343933,S2-675826606,S2-677344816,S2-702046029,S2-73398368,S2-738168260,S2-743206403,S2-754866151,S2-856031019,S2-881646742,S2-88347086,S2-893700456,S2-935306094
S1-218103420	
S1-913516047	S2-548032695,S2-642489002
S1-586291714	
S1-498309017	S2-130395283,S2-147794956,S2-189782234,S2-20345763,S2-22498370,S2-501562116,S2-518692436,S2-603380439,S2-784977047
S1-514230893	
S1-716604051	S2-293852672
S1-346872030	
S1-146867417	S2-151429693,S2-48044673
S1-482094020	S2-13924804,S2-148631701,S2-246980995,S2-522562820,S2-671876136,S2-727907792,S2-885351821
S1-220887760	
S1-26046875	S2-277659931,S2-317895232,S2-51749869,S2-963703256,S2-972886274
S1-755938174	S3-518639840,S3-736500731,S3-858668420
S1-282307218	
S1-17075718	S2-220537863,S2-907742071
S1-477481289	S2-266519229,S2-395086808,S3-670281207
S1-883034077	S2-216150699,S2-365873779,S2-395473104,S2-620771668,S2-967165847,S2-992596201
S1-460394558	S2-29444439,S2-504760653,S2-586119601,S3-168521685
S1-938790742	S2-136859782,S2-472257942
S1-53078701	S2-20798878,S2-470324870,S2-65732994,S2-676368068
S1-440988123	S2-132872359,S2-504240781,S2-937125335,S3-842944152
S1-903289741	S2-812503095
S1-289522425	S2-266381388,S2-39952496
S1-980287383	
S1-307993358	
S1-924082974	S2-871788283
S1-581219602	S2-483074653
S1-667108166	S2-113651648,S2-249962597,S2-588773807,S2-984207762
S1-307875866	
S1-100460794	S2-110110097,S2-192795894
S1-248613636	S2-168197133
S1-786664553	S2-749508838
S1-344144068	S2-121227019,S2-6523777,S2-953118663
S1-126953632	S2-274294369
S1-557370412	S2-160876077
S1-616686159	S2-123640591,S2-136509560,S2-145267278,S2-16605540
S1-276052128	
S1-764083611	S2-888260616
S1-133831982	S2-996254797
S1-165612846	S2-11737014,S2-225835857,S2-884695449,S2-985373281
S1-7803700	S2-159417315,S2-214523890,S2-432395904,S2-663524302,S2-7997695,S2-866683163
S1-807068045	S2-218878
S1-804329115	
S1-424447492	S2-114377212,S2-206946746,S2-73890803,S2-779375407,S2-921649896
S1-830121570	S2-107704964,S2-145829387,S2-209983701,S2-581178489,S2-614534752
S1-497960353	S2-185856153
S1-447171342	S2-366517461,S2-388259872,S2-892345422,S2-927488900
S1-329937523	
S1-774138226	S2-104436739,S2-701218713
S1-177637478	S2-674493726,S2-687634578,S2-942705289,S3-491689281,S3-981590794
S1-995838881	
S1-590056143	S2-171653006,S2-258043694,S2-294766157,S2-314658454,S2-329870778,S2-415479390,S2-485471128,S2-741506003
S1-318087936	S2-168591095,S2-629369446,S2-862562946
S1-763454556	
S1-549228388	S2-480897317,S2-626756378,S2-700233887
S1-112241089	S2-400072361,S3-357524781,S3-669121007
S1-423038111	
S1-534989528	S2-171653006,S2-258043694,S2-314658454,S2-329870778,S2-415479390,S2-506542709
S1-593270583	S2-42865733,S2-430228793,S2-549813046,S2-612591290,S2-628710216,S2-641757866,S2-706023799,S2-716393519,S2-744054810,S2-819087568,S2-825049655,S2-995631959
S1-693931224	S2-135396353,S2-137992451,S2-148724403,S2-17052575,S2-30714021,S2-373539812,S2-466990283,S2-624976742,S2-629643613,S2-712442952,S2-718483224,S2-745889859,S2-837631808,S2-908017855,S2-933536254
S1-767389281	S2-440861982,S2-524903598
S1-813569355	S2-929695712,S3-885845986
S1-693124776	S2-135174584,S2-189411131,S2-34433329,S2-759158976
S1-720044635	S2-10217638,S2-138293905,S2-18105619,S2-603597059,S2-683793701,S2-75882324,S2-855052803,S2-943223196
S1-733290007	
S1-228133926	
S1-558861915	S2-333544093,S2-339238296,S2-356235629,S2-514162097,S2-639916305,S2-891846221
S1-669279083	S2-206013567
S1-488514818	S2-139503690,S2-18239116,S2-203043125,S2-295553444,S2-484769211,S2-878855130
S1-196777004	S2-735145924
S1-412875621	
S1-580637198	
S1-673481371	
S1-937846636	S2-196713646,S2-23790130,S2-280619584,S2-425791380,S2-524347287,S3-303236785
S1-145220794	
S1-251011052	S2-170192254,S2-458170961
S1-489782023	S2-486651340
S1-370245336	S2-132128420,S2-134704659,S2-382541116,S2-932074372
S1-237941811	S2-459996115,S2-677849376,S3-63579371
S1-573016752	S2-128557485,S2-173571191
S1-898097340	
S1-382279860	S2-110955243,S2-35807191,S2-797752377
S1-395316873	
S1-912877974	S2-168897188,S2-169701692,S2-215194266,S2-363980567,S2-502124284,S2-521485245,S2-573152653,S2-626761254,S2-646218526
S1-650793969	
S1-74888542	S2-152966374
S1-573514563	S2-170385529,S2-273265532,S2-444852560,S2-659542988,S2-919675684
S1-596750278	
S1-154703303	S2-153275752,S2-233564659,S2-303995574,S2-324675929,S2-440182093,S2-473670456,S2-513916239,S2-550867812,S2-611386531
S1-126557493	S2-224080650,S2-406345423,S2-422584264
S1-725008002	S2-423199247,S2-786535916,S2-871258059
S1-988601275	S2-268677405,S2-407640725,S2-514477715,S2-573403688,S2-677611473,S2-840719261,S2-883799231
S1-753404819	S2-802432228
S1-626419543	
S1-560457112	
S1-649311297	S2-107557903,S2-324897034
S1-652650064	S2-482553095,S3-696339970
S1-778974909	S2-151111810
S1-958356049	S2-162609085,S2-321632578,S2-844396066
S1-55639441	
S1-642199078	S2-236978922,S2-997010842
S1-244908293	S2-160876077,S2-212611923,S2-419105342,S2-893265681
S1-272723892	S2-690275089,S2-722436257
S1-843566558	S2-604850935
S1-454834135	S2-18239116,S2-203043125,S2-295553444,S2-835681531
S1-419427065	S2-634717375,S2-759158976
S1-328236147	
S1-333055706	S2-137707160,S2-158958760,S2-234463739,S2-492442363,S2-558276240,S2-714486407
S1-189800582	S2-617242700,S2-958891333,S3-850248134
S1-755032002	S2-283217054,S2-340444360,S2-374943328,S2-440135306,S2-61732760,S2-659790455,S2-82693962,S2-869891719,S2-928464334,S2-956952534
S1-667245441	S2-772582026,S2-954497252
S1-257404767	S2-628205338,S2-676360669,S2-752369512,S2-795404459
S1-562583380	S2-215432522,S2-298236550,S2-645925142,S2-805328552
S1-864612738	S2-247738094,S2-265573676,S2-299167606,S2-311176703,S2-381708555,S2-414318892,S2-581890388,S2-730880364,S2-791580552
S1-49303005	S2-900051853
S1-324107840	
S1-700865544	
S1-578281785	S3-26215462,S3-317218734
S1-799612793	
S1-705084429	
S1-167084059	
S1-700479380	S2-414110457,S2-543848342,S3-263015322,S3-886154857
S1-907619545	
S1-827808098	
S1-570007441	S2-935982689
S1-241440391	S2-701875354
S1-470685162	
S1-937654476	S2-100287528,S2-19296554,S2-226502624,S2-276156732,S2-279106819,S2-389987809,S2-474435815,S2-612591290,S2-686410143
S1-100924044	S2-129717406
S1-773701187	S2-346047343,S2-463949521,S2-687321491
S1-698822548	
S1-367438678	S2-100287528,S2-21923784,S2-243287682,S2-400498714,S2-421596866,S2-474435815,S2-578322393,S2-604785559,S2-604976451,S2-612591290,S2-641217966,S2-730196294
S1-334010423	S2-392191380
S1-191580834	S2-301073018,S2-324675929,S2-611386531,S2-762310335,S2-93865913
S1-52933535	
S1-240063613	S2-138302556,S2-61810762,S2-650055716
S1-757477029	S2-136299478,S2-233234169,S2-365040518,S3-450104587
S1-540853898	S2-108854653,S2-473230858,S2-516738564
S1-384095941	
S1-585127049	
S1-37588878	S2-377092434,S2-888679127,S2-952686025,S3-320313162,S3-372865180,S3-920636768
S1-555410066	S2-171653006,S2-258043694,S2-260541819,S2-294766157,S2-314658454,S2-329870778,S2-415479390,S2-458682964,S2-485471128,S2-506542709,S2-558809096,S2-880717698
S1-745780830	S2-137901846,S2-227333460,S2-25056056,S2-278976022
S1-997195158	S2-43540518,S2-756902508,S3-389898680,S3-88975216
S1-461612339	S2-146973921,S2-467546775,S2-831032096,S2-89642447,S3-445597480
S1-151657300	S2-116651425,S2-163170245,S2-728827125,S2-882630790
S1-607789485	S2-576583345,S2-624747334,S3-56563996
S1-856331133	S2-178631417,S2-785781121
S1-97932183	S2-121542282,S2-295267621,S2-377484606,S2-438363691,S2-641757866,S2-669236483,S2-689016303
S1-741710803	S2-38835020
S1-241189286	
S1-739108360	
S1-750647545	S3-261777869,S3-400680689,S3-432817423
S1-313444553	S2-622279651
S1-759949116	S2-132741297,S2-134981464,S2-211300401,S2-229203598,S2-24597169,S2-331368343,S2-441692657,S2-445788825,S2-453894804,S2-473220014,S2-473703430,S2-491925669,S2-577466738,S2-593917443,S2-654898651,S2-782051474,S2-846310730,S2-861923924
S1-200927253	S2-114308395,S3-233786233
S1-700234729	S2-136407194
S1-891690675	S2-17678839,S2-3472744,S2-599797132,S2-811696775,S2-961836367,S3-533278755,S3-704486173,S3-768872967,S3-773290356
S1-447511049	S2-162385476,S2-503202602,S2-572509666,S2-57585327,S2-758805626,S2-809962692,S2-832151009,S2-906190563
S1-788473040	
S1-193832241	S2-250822568,S2-403920953
S1-1442433	
S1-737447851	S2-20605699
S1-651242280	
S1-992646451	S2-103273343,S2-230102891,S2-860080054
S1-475834262	S2-622043622,S2-820873019,S2-896114460
S1-512996230	S2-50985466,S2-598130483
S1-45658342	S2-102738169,S2-148724403,S2-185013334,S2-222971625,S2-283217054,S2-305100591,S2-367870951,S2-441813094,S2-509829201,S2-519644358,S2-576745524,S2-621225139,S2-633214417,S2-725453240,S2-745870086,S2-90993540,S2-928464334
S1-379683628	S2-225538585,S2-287870058,S2-326906021,S2-340843905,S2-453996934,S2-497073452,S2-799553274,S2-850195083,S2-975502236
S1-636353962	
S1-405074481	S2-678564639,S2-725284242,S2-766365558,S2-998362525
S1-633277570	S2-154994469,S2-432739518,S2-740137143,S2-75264242,S2-963568436
S1-965850934	S3-293416623,S3-380583561
S1-37878759	S2-101042191
S1-639958525	
S1-656284403	S2-941571211,S3-208797922,S3-262647736
S1-438186667	S2-110634103,S2-126167677,S2-143307475,S2-158588072,S2-879709238,S2-914303097,S2-93778527,S2-971729816,S2-97918801
S1-440389225	S2-109747337,S2-112287031,S2-135484104,S2-161784204,S2-40181309,S2-652202457,S2-660795723
S1-103228349	S2-491534349
S1-202654102	S2-139503690,S2-298589120,S2-393320893,S2-419020801
S1-44024494	S2-661514165,S2-882209780,S2-936049095,S3-794594746
S1-714559707	S2-169650067,S3-692490032
S1-733059779	S2-368217846,S3-946526948
S1-190778439	S2-499685099,S2-508606501,S2-686564386
S1-643815315	S2-382923364
S1-784040568	S2-180233269,S2-227174981,S2-891633093
S1-19674074	S2-960376768
S1-687443441	
S1-535205962	S2-286141482,S2-743496729,S2-939635314,S3-487092275,S3-551776339
S1-839063043	S3-637531523
S1-62193120	
S1-159966605	S2-157631350,S2-719169702
S1-58506863	S2-514567778,S2-693861226
S1-354931910	
S1-954269341	S2-105336907,S2-272129304,S2-522927226,S2-939551023
S1-372245082	S2-972610148
S1-561898259	
S1-312627881	S2-150032212,S2-180320333,S2-183205834,S2-215380273,S2-378494962,S2-383030202,S2-412246544,S2-535984960,S2-543081065,S2-543173344,S2-547575958,S2-574375401,S2-58393536,S2-597020302,S2-653042915,S2-654354006,S2-662019374,S2-711910752,S2-847264704,S2-848460389
S1-786350920	S2-444071698,S2-549255255,S2-738984435,S2-892627698
S1-71805099	S2-199389955
S1-331754887	S3-375229026,S3-899792501
S1-644030642	
S1-325413412	S2-188175796,S2-254970781
S1-76845158	S2-266261868,S2-500293977,S2-88268880
S1-896890808	S2-973305535
S1-769482090	S2-487785572
S1-618982360	S2-122378711
S1-701625804	S2-135243872,S2-215380273,S2-226035276,S2-265722826,S2-26937341,S2-300076434,S2-307076135,S2-322817433,S2-333544093,S2-360417048,S2-378494962,S2-420429188,S2-463501055,S2-543173344,S2-602691745,S2-640678889,S2-781655228,S2-845763870,S2-912687451
S1-701136694	
S1-956574846	S3-374377883
S1-336313200	
S1-116213562	
S1-442704690	
S1-626393772	S2-323553555,S2-867668779
S1-33122397	
S1-882661287	
S1-600328758	
S1-466756397	S2-2382629,S2-520028111,S2-899354431,S3-110233510
S1-443269250	S2-21384050,S2-288314307
S1-381832976	
S1-337070508	S2-42865733,S2-430228793,S2-549813046,S2-612591290,S2-628710216,S2-641757866,S2-706023799,S2-744054810,S2-819087568,S2-825049655,S2-995631959
S1-686148514	S2-767515313,S3-609915156
S1-599296180	S2-162385476,S2-572509666,S2-758805626,S2-809962692,S2-832151009,S2-906190563,S2-998872605
S1-696539121	S2-246489404,S2-315149862
S1-489030124	S3-272598482,S3-294917824,S3-303459078,S3-337142950,S3-831578392,S3-858213816
S1-893781011	S2-494569618,S2-697612147
S1-315658788	
S1-189552336	
S1-676424099	S2-102408218,S2-103763992
S1-305777097	S2-189166182,S2-444983953,S2-583702091,S2-752740546,S2-835186641,S2-844161558,S2-913351416
S1-735045054	S2-364927295,S2-49270959,S2-544416844,S2-567202720,S2-591077605,S2-650741815,S2-751018469
S1-76365154	S2-123243939,S2-126370433,S2-20798878,S2-212919414
S1-798493930	
S1-587399612	S2-817907506,S2-856515889,S2-862209370
S1-851478447	S2-688957701,S2-988295225
S1-914455456	S2-333769929
S1-193477951	S2-136859782,S2-583715529
S1-846336917	S2-31947215,S2-735067793
S1-410481696	S2-110247617,S2-143060476,S2-252361545
S1-427531485	S3-104857825,S3-870627762
S1-290868682	S2-173589,S2-189628712
S1-193181440	S2-217315735
S1-484448860	S3-29764693
S1-53619295	S3-157301370,S3-189097959,S3-619005182
S1-424421169	S2-364822396,S2-515879770,S2-81698759,S2-928503356,S3-253154824
S1-883553050	
S1-661092369	S2-31490667,S2-568953966,S2-617651080
S1-503248917	S2-550853975,S2-552033734
S1-734760847	S2-393692317
S1-46926584	S2-104641449,S2-108680526,S2-110957056,S2-276862140,S2-343384693
S1-277014634	
S1-86163193	S2-175093525,S2-33915030,S2-762109064,S2-773919700
S1-201956901	S2-115307278,S2-263838181,S2-330849844,S2-42865733,S2-430228793,S2-457456227,S2-612591290,S2-628710216,S2-641757866,S2-683683222,S2-706023799,S2-744054810
S1-904669751	S2-20637824,S2-523370105,S2-725271718,S3-225943448
S1-656137509	S2-598697865,S2-754694564,S3-139375604,S3-592580922,S3-866621015
S1-67590313	S2-238610421,S2-479203488
S1-674914967	
S1-207070582	S2-105100065,S2-272418546,S2-342320263,S2-343813737,S2-438188939,S2-741120473,S2-844189091
S1-717282539	S2-111438775,S2-164531605,S2-175110533,S2-180320333,S2-18872906,S2-200282536,S2-239605693,S2-257820483,S2-294998398,S2-339185676,S2-543173344,S2-601751176,S2-713264333,S2-763344615,S2-844816252
S1-984276929	S2-1090156,S2-302118366,S2-52242075
S1-321825889	S2-111438775,S2-164531605,S2-175110533,S2-180320333,S2-202993756,S2-212302559,S2-226223610,S2-239605693,S2-257820483,S2-271810795,S2-294998398,S2-311792054,S2-350013887,S2-52880044,S2-542833040,S2-543173344,S2-600341866,S2-687464505,S2-840906265
S1-83154552	S2-135174584,S2-466851438,S2-491854968
S1-618933402	S2-690275089,S2-714884412
S1-782553097	S2-10625583
S1-186527688	S2-356579245,S3-408211929,S3-945364748
S1-108621251	S2-21725313,S2-568579698
S1-712961244	S2-574723490,S2-650207883,S2-677361255
S1-259123476	S2-375580471,S2-529877004,S2-632371143,S2-966377253
S1-782786878	S2-412844986
S1-388507164	S2-153306127,S2-241587641,S2-349782787,S2-385906219,S2-442562958,S2-462209155,S2-470324870,S2-633169784,S2-638926005,S2-667795777,S2-670347109,S2-716588220,S2-735962271,S2-767912318,S2-793448448,S2-821529557,S2-831300830,S2-885008003,S2-922359747,S2-994051040
S1-632406610	S2-276723682
S1-83467231	
S1-483421527	S2-181647518
S1-337021163	S2-188236191,S2-189188919,S2-291406456,S2-431799682,S2-577677806,S2-85604143
S1-421949472	
S1-575955656	S2-106417957,S2-125301416,S2-131503926,S2-132741297,S2-135484104,S2-340444360,S2-373539812,S2-374943328,S2-725271718
S1-910737469	S2-123469550,S2-132742126,S2-685938318,S2-797348450,S2-840284616
S1-34561630	
S1-57348605	S3-597568068
S1-705677344	S2-13072938,S2-20869901,S2-220733207,S2-225590910,S2-236685517,S2-247738094,S2-399569338,S2-444287554,S2-452245743,S2-482075294,S2-496644700,S2-519959909,S2-571936974,S2-574180555,S2-602104513,S2-61011233,S2-613435235,S2-618207116,S2-631766640,S2-704784114,S2-795638586,S2-816390814,S2-850756799,S2-864416528
S1-226805741	
S1-242879085	
S1-683617881	S2-102673143
S1-846160569	
S1-634758155	S2-10681922,S2-205845178,S2-211396189,S2-232428269,S2-295023838,S2-635947383,S2-972687986,S3-258398286,S3-529753628,S3-565909866
S1-421998899	S2-320372150,S2-609629334,S3-116902383
S1-5165369	S2-364993614
S1-974732084	S2-274354045,S2-483255409
S1-114850409	
S1-962435320	S2-160876077
S1-388245391	S2-817542755
S1-217576490	S2-253430268,S2-271064178,S2-760387014
S1-698449589	S2-591052054
S1-815211774	S2-153702164,S2-216150699,S2-865500418
S1-736162673	S2-167074588,S2-741729997,S2-789698410
S1-611784409	S2-765538778
S1-211592475	S2-666236238
S1-555350289	S2-412693853
S1-493985363	S2-147488433,S2-449584968,S2-679813434,S3-532990981,S3-916182417
S1-930848316	S2-399805236,S2-7015133,S2-932435859
S1-307464396	S2-209622054,S2-245519799,S2-267289590,S2-284681063,S2-333486848,S2-381495092,S2-445248448,S2-46970865,S2-523951310,S2-605757734,S2-632836044,S2-724263716
S1-177770989	S2-141543329,S2-231632541,S2-459355876
S1-302590962	
S1-340171740	S2-211942253,S2-266264396,S2-794478296,S2-87394573,S2-915540396
S1-950519154	S2-216814450
S1-706653311	
S1-528548249	S2-122678657,S2-128720916,S2-165471804,S2-168312071,S2-508053426
S1-220260659	S2-826982149
S1-958298659	
S1-997019898	S2-113475472,S2-121622123,S2-147483891,S2-151923438,S2-188970267,S2-195394320,S2-223340813,S2-233306004
S1-584741776	
S1-760816211	S2-597052728,S2-744036986
S1-484891659	S2-490497523,S3-318656825,S3-442379812,S3-483017530,S3-967580515
S1-232204608	S2-225538585,S2-609082659,S2-84852601,S3-540561154
S1-354802188	
S1-290176575	S2-138010134,S2-140451277,S2-160716771,S2-19156797,S2-231536988,S2-343433269,S2-404377101,S2-755113337,S2-871072538
S1-203203200	S2-142424259,S2-328400730,S2-437028801
S1-555917187	S2-18092795,S2-243287682,S2-354066421,S2-39895162,S2-706094427,S2-768186361,S2-776904229,S2-947518533
S1-517740762	
S1-766239781	S2-105902821,S2-161721121,S2-356235629,S2-444133746,S2-765887457
S1-919889935	S2-244393494,S2-517297176
S1-912365081	S2-378759839
S1-714405902	S2-101720521,S2-989787864
S1-527663205	
S1-924164040	
S1-450555812	S2-602316675,S2-641003730,S2-706923101,S2-791963916,S2-995189341,S3-344051961,S3-82528485
S1-440645767	S2-128112827
S1-708603034	
S1-572311197	S2-96222742
S1-664710253	S2-629040275
S1-246032126	S2-352623115
S1-927444151	S2-203043125,S2-204543697,S2-221847200,S2-307336233,S2-308994118,S2-358979485,S2-362668683,S2-430085677,S2-467799008,S2-581494969,S2-6033174,S2-616138475,S2-716971476,S2-719799340,S2-971584575
S1-762257555	
S1-919888511	S2-485745983
S1-218502829	S2-153385123,S2-467970417,S2-806283304,S2-811420521
S1-628791360	S2-281849165,S2-666853816
S1-332618783	S2-106406167,S2-20488727
S1-446339436	S2-301045246,S2-809275671
S1-796251718	S2-305636121,S2-565974568,S2-673798498,S2-758397301
S1-631521728	S2-10625583,S2-66673312,S2-91100310,S3-164138515,S3-632360709,S3-745458237,S3-880875110
S1-274886557	S2-66071617,S3-333931402
S1-181784181	
S1-861266479	
S1-790075030	
S1-736713159	S2-225188340
S1-749427923	S2-127068305
S1-477329215	S2-713091713
S1-875446819	S2-280482057,S2-675133624
S1-388152199	
S1-847388061	S2-296264572,S2-389400702,S2-955736772,S3-785248459,S3-92059617
S1-638197043	
S1-10781672	S2-145659624,S2-610136649
S1-789997025	S2-968880515
S1-523081588	S2-139015035,S2-500628751
S1-874053309	S2-132741297,S2-175174881,S2-240440098,S2-373539812,S2-503689232,S2-645303053,S2-725271718,S2-739791409
S1-641381946	S2-197466335
S1-38884393	S2-81605117
S1-388483103	S2-308184444
S1-85494537	S2-606224626,S2-753735847
S1-793181812	
S1-659049595	S2-109929952,S3-560927124,S3-771199103,S3-808346506
S1-596707551	S2-435997486,S2-625203637
S1-309536194	
S1-105249655	S3-156723182
S1-550631169	S2-259108771
S1-648793119	S2-107820820,S2-258274926,S2-725035991
S1-798806688	
S1-16940394	S2-110096233,S2-247738094,S2-265573676,S2-292627651,S2-311176703,S2-322178035,S2-381708555,S2-791580552,S3-956718026
S1-353664395	S2-222368256,S2-781522687,S2-874545287
S1-440971196	S2-107557903,S2-174608732
S1-69348624	S2-142338793,S2-200323365,S2-215512610,S2-319528051,S2-46504503,S2-502711958,S2-507421048,S2-722562148,S2-829176363,S2-839839862,S2-933254188,S2-956170846,S2-990644429
S1-326577382	S2-242517171,S2-39057775
S1-297420248	S2-25915135,S2-507051271,S3-731099008,S3-736540970,S3-82501345,S3-827153155,S3-860197357,S3-97121895
S1-484953487	S2-83915150
S1-873701512	S2-222499980,S2-426499454,S2-46251183
S1-192330724	S2-123408663,S2-124588767,S2-135970870,S2-300546554
S1-731819349	S2-102956937,S2-404032386
S1-102808571	S2-46955618
S1-819626897	
S1-963877776	S2-162699732
S1-409336656	S2-414074073
S1-658171306	S2-120139717,S2-186033639,S2-509829201
S1-625702584	S2-249029051,S2-311949004,S2-805328552
S1-547584910	S2-450297605,S2-635431300,S2-897601857
S1-943778760	S2-244393494,S2-517297176,S2-550049935,S2-781829005,S2-94814951
S1-605927691	S2-96114162
S1-939502579	S2-115307278,S2-122020401,S2-139666750,S2-149683701,S2-201805072,S2-315733090,S2-427043229,S2-444286133,S2-45632431,S2-545964519,S2-632261264,S2-824824515,S2-968944184,S2-973890
S1-460245261	S2-256307639,S2-804441033
S1-312444742	S2-314102783,S2-510424752
S1-156309919	
S1-203108026	S2-181025961
S1-766358539	S2-729276132,S2-995261709
S1-154719183	S2-241156095,S2-395764812,S2-823274548
S1-154668605	S2-263333702
S1-221545619	S2-862851915
S1-405858712	S2-568205938
S1-838114892	
S1-188335410	
S1-816637655	S2-135506804,S2-192407921,S2-227333460,S2-236079990,S2-258925491,S2-370919988
S1-231982106	S2-161687312,S2-325448542,S2-480545250,S2-960666794
S1-744386862	
S1-442441700	S2-177229246
S1-590847839	
S1-338592807	S2-418966925,S2-772404260
S1-677821747	S2-20790246
S1-491043289	S2-294323287
S1-465651224	S2-172768547,S2-176058667,S2-275771102,S2-565272097,S2-62799383,S2-702263933,S2-788146364
S1-533583412	S2-27546071,S3-35417089
S1-858917964	S2-101792969,S2-11314120,S2-115920665,S2-156296929,S2-164454648,S2-204797364,S2-213789890,S2-831792268,S2-854458767,S2-907512113
S1-246219023	S2-365976753,S2-418483644,S2-457873515,S2-480006522,S2-496485419,S2-621225139,S2-62387769,S2-6860818,S2-845245229,S2-946797550
S1-750360829	S2-117237095,S2-700943799
S1-288311477	
S1-429756989	S2-229876709
S1-219453359	S2-495123438,S2-521513680,S2-828891044,S3-723343289,S3-746811757
S1-872344748	S2-275958854,S2-332330016
S1-128375300	S2-12659530,S2-143922448,S2-19019658,S2-393129672,S2-413545391,S2-53433794,S2-549009659,S2-564727064,S2-628640528,S2-795552923,S2-803140178
S1-761390259	S2-188711072,S2-355521005,S2-371748039
S1-160661450	S2-601348955,S2-650255408,S2-777171547,S2-96573800
S1-196036715	S3-189266584,S3-731165460
S1-247612983	
S1-618992155	S2-805328552
S1-535548928	S2-147786372,S2-390533432,S2-396840544,S2-612069316,S2-822681145,S2-885902447,S2-892637813
S1-680305536	
S1-792917107	S2-128355656,S2-246355725,S2-548880250,S3-119311969
S1-41923451	S2-107557903
S1-448241121	
S1-975606427	S2-149018386,S2-323885091,S2-325267563,S2-653465940,S2-763176027,S2-84071282
S1-35243972	S2-458247798,S3-399488077
S1-125725967	S3-422144173
S1-427417800	S2-697515934
S1-661990269	S2-191564817
S1-428740320	S2-583081647
S1-57650800	S2-926916965
S1-202888373	S2-369174145
S1-68375440	
S1-308217733	S2-128261083
S1-482469421	S2-184664617,S2-595010045
S1-638312402	S2-183708732,S2-209063922,S2-368503357,S3-673461607
S1-888351367	S2-485514323
S1-60188978	S2-712241,S2-836072003,S3-677829310
S1-177193455	S2-218619721,S2-23994190,S2-389924615,S2-417626307,S2-470285880,S2-491297882,S2-554482361,S2-601792102,S2-73405617,S2-787065572,S2-832266307,S2-848146774
S1-720777077	S2-170523656,S2-313455742,S2-313768869,S2-584814238,S3-2306320,S3-612085552
S1-204942299	S2-128720916,S2-270955621,S2-308542826,S2-403604397,S2-52887085,S2-78478283
S1-606109731	S2-834639605
S1-921803281	S2-233220278,S2-334545377,S2-486450433
S1-106856665	
S1-175413430	S2-657894638,S3-917605830,S3-945944903
S1-147535796	S2-103103555
S1-687237362	
S1-971358208	S2-261490748,S2-262090722,S2-458282451,S2-630113163
S1-893246797	S2-12525286,S2-137560922,S2-151852595,S2-170988893,S2-223685268,S2-598009877,S2-964909682
S1-401864203	S2-499250785
S1-841952191	
S1-228177533	S2-181051830,S2-213410962,S2-257820483,S2-272351032,S2-337768832,S2-348920128,S2-403476558,S2-429891816,S2-454466628,S2-580173238,S2-59604091,S2-624222622,S2-659173135,S2-713264333,S2-715228175,S2-818544758,S2-836193174,S2-849330463,S2-878460826,S2-881583430,S2-967923679
S1-419058082	S2-243875936,S2-323865549
S1-732961671	S2-784818457,S2-928350729,S3-506971851,S3-770869292
S1-920390520	S2-500293977
S1-635175351	S2-111438775,S2-164531605,S2-167821392,S2-175110533,S2-180320333,S2-418140224,S2-422634406,S2-540565178,S2-687464505,S2-785729306,S2-831256999,S2-99438370
S1-461785753	S3-202928498
S1-910473852	
S1-868446826	S2-129016142,S2-160641880,S2-170385529,S2-222194826,S2-273265532,S2-317920508
S1-788848138	S2-669222391,S2-768407402,S3-252602797,S3-810026564
S1-575078315	S2-194482594,S2-24099038,S2-361117135,S2-369368447,S2-378238951,S2-451577568,S2-587992644,S2-681593847,S2-719818233,S2-803951967,S2-810381716,S2-829656188,S2-853027522,S2-940209503,S2-97034955,S2-995244425
S1-44946269	S2-121073543,S2-17914865
S1-618904464	S2-706572970,S2-770522026,S2-990903828,S3-526271057
S1-429851261	S2-162083239,S2-176998529,S2-18412586,S2-199304755,S2-47713163,S2-51749869,S2-54935976,S2-713079290,S2-792642549,S2-907641246
S1-714077420	S2-114437504,S2-236296430,S2-860211721
S1-483602789	S2-298393244,S2-877178790
S1-511231810	S2-675789787,S2-958104933
S1-642966235	S2-573667104
S1-534513269	S2-173571191,S2-871226878
S1-923648013	S2-154073845,S2-290291998,S2-344904373,S2-372304985
S1-327546778	S2-139654234
S1-544687180	S2-124606783,S2-20498212,S2-482129881,S2-6648478
S1-521308469	
S1-3557546	
S1-747120037	S2-574910621,S2-828578975
S1-787806823	
S1-986806167	S2-118684247,S2-461891484,S2-749645537
S1-353310159	S2-193803386
S1-376870527	S2-363461202,S2-513990712
S1-429185660	S2-512683926
S1-517260039	S3-233969737
S1-178572489	S2-117981503,S2-132805742,S2-1410902,S2-362745970,S2-372482270,S2-535446792,S2-6815124,S2-955629599,S2-964255415
S1-20627394	S2-502116833
S1-700683583	S2-117269766,S2-18872906,S2-541054025,S2-607489645,S2-662414001,S2-690393517,S2-735099478,S2-748988185,S2-783508513,S2-968357908,S3-311782062,S3-329344956,S3-817147155
S1-215948660	S2-194482594,S2-451577568,S2-538559976
S1-49422945	S2-306337777,S2-395764812,S2-415747698,S2-82277631,S2-901120288,S2-911608756,S2-948045739
S1-679007878	S2-128416017,S2-68674426
S1-714329849	S2-20798878,S2-306002086,S2-348744548,S2-600300179,S2-676131215,S2-676368068,S2-70822028,S2-713079290,S2-767912318
S1-639347951	
S1-523196895	S2-126539477
S1-680785149	S2-246076804
S1-480457861	S2-808918878
S1-151701394	
S1-952390528	S2-119595305,S2-360183825,S2-413935167,S2-584071539,S2-752456789,S2-905769952
S1-682183472	S2-127586625
S1-75822229	S2-485228057,S2-626473887,S2-870067327
S1-908361288	S2-516503906,S3-3495837,S3-595234184,S3-805463856
S1-544503346	S2-118384171,S2-346602286,S2-375038603
S1-750039402	S2-242005849
S1-811974162	S2-491216315
S1-90129787	S2-403895533,S2-64865808
S1-994904855	S2-607285017,S2-907430079,S3-931535065
S1-796020041	S2-525532031
S1-691438963	S2-35464349,S2-442464834,S2-547789541,S2-834969922,S2-836198324,S3-427382536,S3-683161134
S1-286465454	S2-145578823,S2-208281673,S2-219576704
S1-219390382	S2-168179157,S2-661815049,S2-966137853,S3-151012327,S3-581708937,S3-75677657
S1-726042940	S2-679988596
S1-704356919	S2-845219591
S1-943139131	S2-992759304,S3-571205453,S3-906160356
S1-77608143	
S1-121813230	S2-331447021,S2-442992433,S2-477163215,S2-675417079,S3-199209639,S3-678222949
S1-874715914	S2-216477242,S2-274867586
S1-658654418	
S1-322452675	S2-108746053,S2-15909748,S2-176998529,S2-294998398,S2-384403697,S2-391933081,S2-495837003,S2-498237784,S2-54935976,S2-712062367,S2-771831940,S2-813841226
S1-472443883	S2-584034413,S2-680609089,S3-141849575,S3-410903825,S3-608910117,S3-835811309
S1-618461228	S2-123622603
S1-209595740	
S1-688607805	S2-384077072,S2-499241193
S1-596538042	S2-329216613
S1-273249163	S2-293755115,S2-427961425,S2-588138736,S2-641944323
S1-911040502	
S1-286723247	S2-347709122,S2-989357006
S1-122542345	S2-362187544
S1-910799639	
S1-124911378	S2-705207588,S2-853350810,S2-901220144,S3-144219824,S3-517354985
S1-388199288	S2-266631110,S2-502062353
S1-971559313	S2-120148359
S1-496369034	
S1-708413044	
S1-123645591	
S1-606322048	S2-251230610,S2-273948585
S1-989292929	S2-156160121,S2-271184579
S1-632671163	S2-704680124,S2-823059260
S1-910193711	S2-258186243
S1-932751177	
S1-297861839	S2-349953703,S2-573544587
S1-13313453	
S1-459645780	S2-269509975
S1-22482771	S2-691677239
S1-738045284	S2-120072551
S1-788291440	S2-156313873,S2-429287855,S2-494916294,S2-772742107
S1-840695858	
S1-613023372	S2-122123435
S1-180650580	S2-37039789
S1-488052935	S3-19195590,S3-474714771
S1-401305941	
S1-993469683	S2-18010980,S2-36796117,S2-431698129,S2-477166954,S2-563607171,S2-591482651,S2-617186571,S2-631643481,S2-650924574,S2-792425759,S2-96817546,S2-968421682,S2-972211580,S2-979851527
S1-214199077	
S1-773817576	S2-13618730,S2-902361273
S1-52553681	S2-220326161,S2-30423904,S2-486744693,S2-514015637,S3-183891751,S3-213759419,S3-509569516
S1-772559589	
S1-562353733	S2-199290114,S2-857390442,S2-91462901
S1-267626025	
S1-858558106	S2-260505055,S2-267498122,S2-28207614,S2-311176703,S2-646027073,S2-730880364
S1-857651536	S2-151628892,S2-382268894,S2-52084734,S2-819128410
S1-90899239	S2-301890378,S2-685778611
S1-489140946	S3-598836171
S1-268077715	S2-186572438,S2-701280880,S2-791250765
S1-523607347	S2-135283869,S2-193890293,S2-279169781,S2-430654189,S2-691720489,S2-737636427,S2-84392227,S2-969757567
S1-846495811	S2-309982128,S2-380572978
S1-994206564	S2-214852509,S2-24201244,S2-311295166,S2-363087600,S2-381326257,S2-445890930,S2-554899730,S2-615853753,S2-735300337,S2-782943653,S2-960406665
S1-372672851	
S1-708578140	
S1-904154429	
S1-891933117	S2-177935252
S1-221438257	
S1-879751758	
S1-732240961	S2-92445481
S1-140236337	S2-608239226,S2-871788283
S1-774458452	S2-110353393,S2-112550664,S2-124623805,S2-133648793,S2-215380273,S2-246748717,S2-287602011,S2-378494962,S2-433954722,S2-543173344,S2-653042915,S2-803146186,S2-812310431,S2-884470187,S2-897060778,S2-912687451,S2-928003632,S2-948395271
S1-872899714	S2-116793996,S2-139451084,S2-152157970,S2-206030741,S2-51738888,S2-522108089,S2-688561435,S2-713317388,S2-767271827,S2-804346804,S2-806812185,S2-810136573,S2-837429306,S2-850911154
S1-274490349	S2-269177273,S2-609549538,S2-645925142,S2-877940400
S1-275722977	S2-288399160,S2-817433364,S3-573500267
S1-547036696	S2-274549402,S2-814385749
S1-852435036	
S1-739530450	S2-541583580
S1-211740417	
S1-641844231	S2-196836308,S2-410629067,S2-560933722,S2-706926029,S2-716921055
S1-962765467	
S1-298114695	
S1-259892627	S2-272653785,S2-274317039,S2-412639466,S2-449994601,S2-451216326,S2-471974049
S1-516649368	
S1-489433719	
S1-26435801	
S1-958479038	S2-392755824
S1-233860097	S2-456941212
S1-171173719	S2-622177531
S1-859295838	S2-122802940,S2-174072300,S2-20271742
S1-813286509	S2-410518792
S1-901392046	S2-38434030
S1-403671285	S2-105071274,S2-105309389,S2-130951182,S2-169631938,S2-171968922,S2-250342518,S2-252582209,S2-326418288,S2-356920100,S2-470144907,S2-544544353,S2-671698510,S2-968224180,S2-97935949
S1-444758994	S2-134113927,S2-138937158,S2-29667349,S2-567806857,S2-90195166,S2-950361531,S2-980497879
S1-125906634	S2-583592492,S2-758952398,S2-769837846
S1-337189608	S2-204787611
S1-289797	
S1-995196933	S2-127652867,S2-160809928,S2-251642770,S2-402782833,S2-956106856
S1-184025150	S2-399662114,S2-443193800
S1-448267460	S2-105902821,S2-23756023,S2-356235629,S2-367870951,S2-425334082,S2-467501398,S2-476496287,S2-513893410,S2-616338952,S2-906794282,S2-953827909
S1-923989066	S2-495395238
S1-588683396	S2-156871220,S2-20839428
S1-267914232	S2-161784204,S2-281224093,S2-46056025,S2-505253624
S1-732418664	S2-371150125,S2-849098189
S1-634363854	S2-256393403,S2-269353941,S3-10018976,S3-193837099
S1-48074803	S2-105239273,S2-120427855,S2-361332798,S2-676368068,S2-988686662
S1-498282217	
S1-356288671	
S1-301232777	
S1-521482584	S2-121266859,S2-180320333,S2-222971625,S2-350013887,S2-621225139,S2-62758550,S2-697608643
S1-511635908	S2-300759249,S2-402525290,S2-84602113,S2-8558837
S1-241026415	
S1-966190490	S2-112287031,S2-356275615,S2-40181309,S2-6254086,S2-844543335
S1-207004701	S2-10844142,S2-119369314,S2-152000251,S2-154060838,S2-164454648,S2-165426878,S2-16706628,S2-176529562,S2-179124370,S2-20645450,S2-234219241,S2-741776934
S1-600405366	S2-110110097,S2-176998529,S2-236079990,S2-317267422,S2-323003081,S2-5159063,S2-54935976,S2-566359779,S2-638926005,S2-68063245,S2-739699756,S2-75676145,S2-802676853,S2-952556671
S1-864089032	
S1-945451740	
S1-436728967	S2-835311599
S1-840497698	S2-295464329,S2-369120313,S2-494334573,S2-571610271,S2-60896692,S2-659542988,S2-919675684
S1-124755498	S2-158455230,S2-698902836
S1-964594680	
S1-85452342	S2-116896454,S2-144334983,S2-148614998,S2-153306127,S2-178000704,S2-18069531,S2-193673323,S2-231536988,S2-241587641,S2-244461000,S2-258083159,S2-26716893,S2-278744732,S2-291406456,S2-302380669,S2-321691917,S2-349782787,S2-363845839,S2-410711059,S2-638926005,S2-670347109,S2-671876136,S2-735962271,S2-793448448,S2-821529557,S2-831300830,S2-885008003,S2-889511014,S2-994051040
S1-95763054	S2-168575040
S1-21929210	S2-473427722
S1-79590561	S2-486951802,S2-553745274,S2-898048020
S1-553805025	S2-288592732,S2-357520548,S2-505974857,S2-523961436
S1-238911744	
S1-778806346	
S1-510129267	S2-118916909,S2-122450773,S2-151260456,S2-175292311,S2-182377131,S2-186779249,S2-562719049,S2-597831137,S2-815004103
S1-547691555	S2-195825549,S2-287916165,S2-369338459,S2-507495210,S2-675284631
S1-213366728	S2-929859115,S3-815078686
S1-292044369	S2-188773330
S1-426766569	S2-11131798,S2-113653299,S2-12657659,S2-171842014,S2-177113047,S2-237142721,S2-27374347,S2-27701667,S2-286092318,S2-303314656,S2-48877181,S2-783760240
S1-754169093	
S1-587182916	S2-235448749,S2-433701345,S2-539963492,S2-920469654,S3-732766346
S1-157009161	S2-12185552,S2-128758482
S1-303714420	S2-437387649,S2-439406301
S1-238949648	S2-78355590,S2-817529768,S3-155157088
S1-171641868	
S1-960366103	S2-101273729,S2-104590092,S2-12185552,S2-196868267,S2-212536068,S2-225052205,S2-245105899,S2-258550866,S2-27032047,S2-275814412,S2-283728539,S2-299813260,S2-305268835,S2-346644481,S2-358267895,S2-483478101,S2-54799801,S2-598979551,S2-727863452,S2-728767898,S2-745824397,S2-772331829,S2-869847688,S2-891500413,S2-919233333,S2-919924109,S2-949493850,S2-972255404,S2-994528455,S2-999859921
S1-967759454	
S1-255090841	S3-20657890,S3-761715783
S1-308621662	
S1-900740725	S2-160014538,S2-315328338,S2-512860425,S2-71128315,S2-719878056,S2-752226606,S2-829197892
S1-262247415	S2-538036401,S2-552105651,S3-17853518,S3-4852985,S3-735861173,S3-890329552
S1-91022467	S2-107248557,S3-194988885
S1-850605679	S2-283217054,S2-340444360,S2-367870951,S2-440135306,S2-61732760,S2-659790455,S2-699224357,S2-82693962,S2-869891719,S2-892699705,S2-919764110,S2-928464334,S2-956952534
S1-531092926	S2-20605699
S1-854128353	S2-16354256,S2-7273672
S1-115657234	S2-205821270,S2-357230253,S2-670692574
S1-953264718	S2-464827515,S2-628961065,S2-767529246,S3-674115457
S1-572628619	S2-242517171,S2-39057775,S2-800423604
S1-129137876	
S1-379381643	S2-207998815,S2-245604951
S1-842706082	S2-772111135
S1-893217388	S2-449288410
S1-87687506	S2-13618730
S1-796868772	
S1-918398280	S3-26495049,S3-727264055,S3-923672435
S1-603084324	
S1-341063793	S2-185013334,S2-213410962,S2-297283507,S2-348920128,S2-367870951,S2-421904675,S2-429891816,S2-541984172,S2-569707049,S2-619232660,S2-648693678,S2-721306836,S2-731625869,S2-741879952,S2-813926443,S2-928464334,S2-935306094,S2-971438250
S1-604580133	S2-183731896,S2-610585136
S1-729988987	
S1-373022381	
S1-545201764	S2-117587273,S2-159767476
S1-390252121	S2-131416371,S2-134437203,S2-150121703,S2-455380104,S2-543454803,S3-100696658,S3-96368632
S1-378974228	
S1-945590651	S2-750733793,S2-885344435
S1-692471807	S2-117295142,S2-19984557,S2-252440461,S2-260794285,S2-268738900,S2-365976753,S2-435860715,S2-496485419,S2-621225139,S2-62387769,S2-6860818,S2-773972557,S2-861004213,S2-994731084
S1-70304206	S2-292949581,S2-57857459,S2-97380323
S1-710157655	S2-200275761,S2-252220861,S2-446836732
S1-512127022	S2-317375188,S2-406162245,S2-707029363,S2-756713460,S3-279005732,S3-310316377
S1-831923485	S2-102002062,S2-135506804,S2-25056056,S2-467695831,S2-547059865,S2-577204741,S2-99438370
S1-928512730	S2-111706631,S2-451463282,S2-57314472
S1-374644632	
S1-163099746	
S1-966266474	S2-70657031,S2-833170220,S2-94133120,S3-767677602
S1-179536424	S2-111438775,S2-124689916,S2-175110533
S1-731314679	S2-111438775,S2-124689916,S2-155388133,S2-164531605,S2-175110533,S2-180320333,S2-202993756,S2-257820483,S2-272351032,S2-507839076,S2-622934393,S2-689319970,S2-72650353,S2-766909639
S1-134467695	
S1-785725841	S2-233827881
S1-970711261	S2-152468109
S1-943539291	
S1-583065272	S2-187267952,S2-232178094,S2-907409970
S1-331007493	S2-685764337
S1-246613826	
S1-362433069	
S1-459984140	S2-30024900,S2-379470628,S2-948911630
S1-630888300	
S1-904484315	S2-682299951
S1-67169593	S2-334177900,S2-488785607,S2-523310581,S2-726130868
S1-758680230	S2-13829347,S2-243274660,S2-246817315,S2-384227006,S2-632177060,S3-557955097
S1-158673108	S2-683558719,S2-84420011
S1-568095292	S2-112287031,S2-217459944,S2-220684125,S2-266560846,S2-350013887,S2-367880909,S2-542833040
S1-957064394	S2-405966437,S2-492883772
S1-398975579	S3-26098310
S1-27412725	S2-755177139
S1-261204121	S2-127012193,S2-502826811,S2-556359049,S2-703159775,S2-733853597,S2-740737250,S2-755291840,S2-756760180
S1-533056362	S2-106071796,S2-110110097,S2-157916085,S2-165648424,S2-215413228,S2-236079990,S2-353152131,S2-373804391,S2-393511393,S2-433063720,S2-542711036,S2-54935976,S2-641784419,S2-751270171,S2-75676145,S2-766232113
S1-219896237	S2-859223323
S1-821625770	S2-119770759,S2-445864762,S2-746572797
S1-554221067	S2-336602910,S2-94127578,S2-955980176,S3-55793725,S3-748660086,S3-763867563,S3-99389912
S1-310373781	S3-104224052
S1-785346955	S2-144056913,S2-696734165,S2-710530519
S1-221868916	S2-200866652
S1-973621705	S2-267207115,S2-463883493
S1-149277660	S2-156443742,S2-276648893,S2-410629067,S2-47701535,S2-560933722,S2-706926029,S2-716921055
S1-87107159	S2-13618730
S1-774841786	S2-65165514,S2-967038518
S1-263775088	S2-162077423,S2-573848201,S2-596503094,S2-660792558,S2-848460389,S2-876034989,S2-889891267
S1-901471406	S2-542711036,S2-645886241,S2-672741465,S2-739699756,S2-817518827
S1-402129124	S2-104461292,S2-175110533,S2-196993584,S2-265811562,S2-402379517,S2-47556222,S2-633550935,S2-825780213,S2-902864222
S1-562895326	S2-128912970,S2-296319223,S2-406350804,S2-529326885,S2-938852866,S3-460199075,S3-682673951
S1-956348821	S2-383834315,S3-647412909
S1-852992971	
S1-938473594	S2-276908479,S2-324619948
S1-164896274	
S1-351688184	S2-669188825
S1-768908939	S2-168743228
S1-642556170	S2-856395217
S1-91272340	S2-318375155,S2-334062039,S2-605828601,S2-952125132,S2-986314832,S3-404790927
S1-125339420	S2-38446629
S1-92753223	S2-242517171,S2-414873797,S2-509203078
S1-631479201	S2-116793996,S2-130395283,S2-147794956,S2-189782234,S2-20345763,S2-223302307,S2-501562116,S2-619481565,S2-784977047,S2-978307502
S1-776755474	S2-54382542
S1-7029542	
S1-465371823	S2-754409423,S2-915137485
S1-707782242	S2-151111810,S2-46254551
S1-919529719	S2-477445858
S1-725913461	S2-112412743
S1-32677738	S2-124035848,S2-163657158,S2-217345018,S2-259406265,S2-321308609,S2-429419556,S2-50378172,S2-528350957,S2-571152274,S2-582670490,S2-660871041
S1-744300793	S2-582157971,S2-776083394,S2-839629994
S1-468118516	S2-78666372
S1-568485477	S2-149519174,S2-172943738,S2-178830497
S1-669870051	S2-188338061
S1-415387940	S2-62437274
S1-807004356	S2-370567662
S1-299995446	S2-16159243,S2-165071678,S2-187119816,S2-19491618,S2-196613960,S2-19669279,S2-197185269,S2-210541593,S2-269098468,S2-275299832,S2-370515215,S2-39765864,S2-41086033,S2-415200330,S2-434434848,S2-447125532,S2-460003901,S2-468427870,S2-516243741,S2-555124789,S2-605726696,S2-671788102,S2-748906783,S2-783703941,S2-802095609,S2-846144599,S2-847014050,S2-898040314,S2-903049690,S2-979608338
S1-665272235	S2-9640092
S1-636086367	S2-261483165,S2-382001388,S3-905965646
S1-436994877	S2-270962555,S3-406368029
S1-283985549	
S1-291608573	S2-20768433,S2-341701047
S1-95246987	S2-194351630,S2-614715417,S2-737676298
S1-140410853	S2-754209730
S1-465658290	S2-242783716,S2-586801753,S2-737310907,S2-851464359,S2-870133171,S3-548154160
S1-94446158	S2-46543572,S3-301704875,S3-585508696
S1-354244869	S2-119128304,S2-483933399
S1-790521767	
S1-232288883	S2-365617976,S2-382696488,S2-427399357,S2-479154454,S2-569305904
S1-23624449	S2-152714697,S2-749594941
S1-82163842	S2-497867787
S1-183235572	S3-311145376
S1-598014910	S2-108304577,S2-198966298
S1-714079881	S2-802385058,S3-67005098
S1-379631122	
S1-516887444	
S1-246844238	S2-375983485
S1-730390346	S2-129404989,S2-198202218,S2-938060710
S1-431549235	S2-146007753,S2-491381283
S1-575824749	S2-123408663,S2-135970870,S2-226192457,S2-298992427,S2-300546554,S2-449758711
S1-819007632	
S1-366538983	S2-525879808
S1-759776207	
S1-436221709	S2-755844670,S3-305089261
S1-121586632	S2-729276132,S2-977846783
S1-473872953	S2-110110097,S2-176998529,S2-218563880,S2-236079990,S2-263211392,S2-334525494,S2-48846333,S2-542711036,S2-54935976,S2-638926005,S2-672741465,S2-885008003,S2-97668655,S2-978410296
S1-60490751	
S1-408224983	S2-152094326,S2-3545610,S2-531118243,S2-593160787,S3-395933399,S3-714770348
S1-527818224	S2-147440186,S2-544745755
S1-764769373	
S1-916603429	S2-368591763,S2-441943073,S2-475174235,S2-506652536,S2-794211668
S1-263854686	S2-157178421
S1-620965338	
S1-306835759	S3-19985393,S3-720760844
S1-598167773	
S1-474752946	S2-177140915,S2-209243330,S2-263347086,S2-472323195,S2-509732333,S2-643692461,S2-676901170,S2-962866088
S1-228229787	S2-917978521
S1-506617149	S2-15975240,S2-164531605,S2-170054697,S2-226661564,S2-262646344,S2-294998398,S2-301402036,S2-412246544,S2-453119217,S2-502078035,S2-54070460,S2-783648666
S1-156685442	S2-150412035,S2-158681675,S2-305100591,S2-429891816,S2-530243272,S2-614652660,S2-657421605,S2-97254980
S1-927557769	S2-121272597,S2-123007061,S2-132512803,S2-171000366,S2-207217799,S2-236096250,S2-240389788,S2-256621857,S2-295222105,S2-326046453,S2-329405096,S2-342304133,S2-403539323,S2-404142853,S2-434601263,S2-485377927,S2-51877109,S2-534796720,S2-574584543,S2-597397985,S2-63082253,S2-639593498,S2-685480560,S2-703722492,S2-847933753,S2-907620830,S2-910325046,S2-914907346,S2-920233551,S2-984363671
S1-278899619	S2-211030013,S2-262646344,S2-274721885,S2-341168532,S2-743986971,S2-899968491,S2-98036361
S1-207804143	S2-125209600,S2-135243872,S2-145829759,S2-164531605,S2-210128326,S2-242899863,S2-521485245,S2-563887869,S2-652589950,S2-709602418,S2-791497609,S2-80378125,S2-821913628
S1-336954819	S2-125350559,S2-130227915,S2-149051683,S2-176740002,S2-262422550,S2-28676907,S2-397174365,S2-441692657,S2-489091304,S2-559838512,S2-614076430,S2-719853103,S2-723974925,S2-732987512,S2-752291483,S2-803605381,S2-820624771,S2-823495263,S2-908846543,S2-94943957
S1-978004735	S2-204647101
S1-643834744	S2-483074653,S2-618836004
S1-55150336	
S1-694254644	
S1-594354869	S2-395083251,S2-640439978,S2-878355503,S2-954416582
S1-734812559	S2-177935252,S2-724827627
S1-395747417	S2-100653756,S2-108740496,S2-269374172,S2-420521180,S2-652893152
S1-133726642	S2-329085163,S3-289998044
S1-815964115	S2-666880525,S3-101586,S3-629948904
S1-10459565	S2-323747257,S3-878782457
S1-162657603	
S1-515583222	
S1-64429589	S2-668651196,S2-705470060
S1-216916804	S2-833054691
S1-108133529	S2-114419039,S2-127044481
S1-16446879	S2-802774981
S1-996291079	S2-127983763,S2-165972367,S2-805638426,S2-96487579
S1-263085782	S2-123408663,S2-124588767,S2-226192457,S2-300546554,S2-449758711
S1-707057441	
S1-154351391	
S1-682184933	S2-355126937,S2-762294894
S1-775107858	S2-110033403,S2-135506804,S2-216588237,S2-333486848,S2-391507732,S2-518518982,S2-574450094,S2-767705641,S2-955257465
S1-334650060	S2-27137960,S2-535499819,S2-718192800,S2-899276502,S2-971127771
S1-849630374	S2-922844918,S2-928811920,S3-379348282,S3-778666281
S1-63360202	
S1-440751205	S2-218386893
S1-698710662	
S1-47769331	
S1-945360391	S3-707342363,S3-852985249
S1-506616978	S2-495595917
S1-283538407	S2-108984077,S2-132721834,S2-153275752,S2-679813434,S3-74712448
S1-720342918	
S1-549240253	S2-24986701,S3-925710503
S1-750864938	S2-681016446,S2-826230390
S1-220084921	S2-123894668,S2-81454926
S1-343273828	S2-126852963
S1-317363337	
S1-540466437	S2-173866784,S2-246107324,S2-395125552,S2-777971512,S2-826790006
S1-905916694	S2-117936691,S2-165421364,S2-195949023,S2-216581706,S2-436623554,S2-872538524
S1-935810789	S2-763582186,S2-828959617,S2-960483599,S3-252367812,S3-879815246
S1-431598643	S2-106406167
S1-76835099	
S1-391150694	
S1-628680569	S2-116990488,S2-145829759,S2-767936647
S1-299677751	S2-132673727,S2-204543697,S2-326272937,S2-339238296,S2-453996934,S2-503622674,S2-576717343,S2-616138475,S2-62217607,S2-685555753,S2-690393517,S2-737981941,S2-765294441,S2-861894731,S2-871472066
S1-454802421	S2-10692696,S2-132741297,S2-162427779,S2-266428254,S2-290291998,S2-290780353,S2-309385659,S2-353769894,S2-373539812,S2-385031688,S2-441813094,S2-533000846,S2-693400692,S2-725271718,S2-812289942,S2-869919762
S1-808949240	S2-18086046
S1-667284300	S2-772149078
S1-717108073	S2-429913310,S2-48242266,S2-812503095,S2-822521276
S1-866533397	S2-569057979
S1-271891359	S2-233200573,S2-321126426,S2-396985810,S2-414373829,S2-482097983,S3-50739911,S3-564111477,S3-919785804
S1-162442089	S2-745549338,S2-772568032,S2-835440062,S2-9343127,S3-170209649
S1-492285617	S2-108310185,S2-481946162
S1-211251594	S2-797120022
S1-90508168	S2-297740414,S2-446515209,S2-464227034,S2-541282972,S3-386725381,S3-582447925
S1-831268867	S2-131681286,S2-143988715,S2-148044138,S2-196913588,S2-236316484,S2-251565493,S2-271699045,S2-374645705,S2-382547634,S2-38523570,S2-399212128,S2-407771693,S2-41061852,S2-575554267,S2-623414578,S2-637985864,S2-652202457,S2-71953493
S1-739584172	S2-162622173,S2-281591901,S2-845823942,S2-985728826
S1-771762254	S2-652356461,S2-84320819,S2-989772927
S1-210499018	S2-176219321,S2-198135409,S2-399656002
S1-629474007	S3-183212780,S3-526061396,S3-703158007
S1-716259203	S2-790905893
S1-715595521	S2-107557903,S2-399656002,S2-91969961
S1-816345725	S2-276564209,S2-973389948
S1-612826948	
S1-443276260	S2-370648774,S2-375099345,S2-400531470,S2-536038937,S2-698618454,S2-989787857
S1-495291598	
S1-840854323	S2-805328552,S2-923816782
S1-13263134	S2-119338642,S2-120599731,S2-122701507,S2-150702359,S2-453505873,S2-456663961,S2-478866162,S2-653336609,S2-678711299,S2-82719629
S1-306211548	S2-447678002
S1-780823360	S2-301279397
S1-589666205	S2-117508011,S2-282757088,S2-58940687,S2-727724788
S1-570239793	S2-284088545,S2-488445345,S2-539746944,S2-595018154,S2-68063245
S1-812468044	
S1-401204594	S2-555600947
S1-388203613	S2-815961481,S2-963554707,S3-113205172,S3-721282192
S1-441630804	S2-176322685
S1-333239676	
S1-963108098	S2-118169626
S1-105994064	S2-15744113,S2-198009086,S2-348521003,S2-350334468,S2-594396063,S2-847127886,S2-849108747,S3-208093746,S3-32858037,S3-585319105
S1-768135650	
S1-355877718	S2-151429693,S2-48044673,S2-85856138
S1-415400097	
S1-833585060	S2-123243939,S2-302380669,S2-676368068,S2-68063245
S1-3548629	S2-170054697,S2-367703621,S2-426531677,S2-782958098,S2-906190563,S3-305583405
S1-452583127	S2-710427274,S3-29789424,S3-35890400
S1-210978493	S2-290291998,S2-375481853,S2-809443008,S3-478844941
S1-827710942	S2-263312620,S2-378989581
S1-976475136	
S1-728171105	S2-579480736,S3-603401457
S1-791059997	
S1-644148320	
S1-726216331	
S1-846357873	
S1-342951831	S2-213747229
S1-135099760	S2-225213908,S2-24648276,S2-282237676,S2-454384987,S2-862989474
S1-714067909	S2-260689191,S3-575806491
S1-346094403	S2-341416603,S2-357520548
S1-243236242	S3-442661092
S1-210146847	S3-824343104
S1-74346191	S2-188665654,S2-40265375,S2-473369888,S2-647945622,S2-65702873,S2-974838439,S2-98036361
S1-110418596	
S1-673637219	S2-279986133
S1-181819964	S2-432911578
S1-445520074	S2-409092327,S2-830656988
S1-286670231	S2-825743507,S2-859010327,S2-931097634
S1-284126036	S2-865639122,S2-953563359
S1-622654527	S2-124116278
S1-955714374	
S1-13421485	S2-246377407,S2-625093129,S3-402115836,S3-886137064
S1-192939249	
S1-992938686	
S1-728071474	S2-100147485,S2-114482664,S2-319140670,S2-689725579,S2-836609545
S1-483199532	S2-763717753
S1-562583127	S2-527012256
S1-74653114	S2-736257276,S2-960298406
S1-187235323	S2-24986701
S1-456450816	
S1-484217155	S2-304803933,S2-678135406,S2-8415538
S1-314546470	S2-201687684,S2-2881302,S2-788539493,S2-832752487
S1-432919128	S2-197627297,S2-218223273
S1-405539317	S2-255009584,S2-384146306,S2-879121282,S2-986303583,S3-13560347,S3-319504807
S1-448724215	S2-182913996,S3-316839265
S1-3691239	
S1-852712186	S2-102597410,S2-14064227,S2-219227377,S2-324226436,S2-35315413
S1-439936870	S2-536718135
S1-257424560	S2-445607864,S2-810333070
S1-630651078	S2-813179630
S1-95528421	S2-459862752,S2-839957329,S2-923837827
S1-454866261	S2-172931439,S2-249029051,S2-824266066
S1-851650494	S2-15496302
S1-960311166	S2-320693619,S2-485469637
S1-197981349	S2-111438775,S2-164531605,S2-171968922,S2-175110533,S2-202993756,S2-257820483,S2-294998398,S2-311792054,S2-350013887,S2-622934393,S2-687464505,S2-713264333,S2-732278237
S1-651515941	
S1-70822873	S2-69052711,S2-836553957,S2-869488189
S1-528167894	S2-23213942,S2-257918755
S1-671126660	S2-62997751
S1-57894782	S2-452221886
S1-322358360	
S1-549445098	
S1-757370873	
S1-913775724	S2-839181838,S2-922429919
S1-397555731	S2-700826517,S3-152457782,S3-801558425
S1-811366506	S2-121916276,S2-899810980
S1-85672105	S2-4485018,S2-895363271,S2-91025279
S1-775742331	S2-26265636,S2-385752461,S2-548118705,S2-975210667,S3-239397929,S3-256695435,S3-316406654,S3-586686709
S1-625153781	S2-525111161,S2-584760377,S2-89332036
S1-82882147	
S1-246771260	S2-315083534,S2-526735334,S2-54784887,S2-781741657,S2-902999971,S2-993975567
S1-105334146	S2-694988148
S1-652202046	
S1-347851016	S2-123243939,S2-500871474,S2-514162097,S2-676368068,S2-68063245,S2-937764705
S1-610083316	S2-244393494,S2-331158129,S2-517297176
S1-434847246	S2-181252328,S2-315083534,S2-526735334,S2-54784887
S1-31753683	
S1-790149645	
S1-719775404	
S1-623945047	S2-754876929
S1-22652693	S2-187282903
S1-277377920	
S1-949105439	S2-221352044,S2-96777692
S1-894253368	S2-843842791,S2-927099074,S2-952579864,S3-610078826
S1-551580984	S2-150032212,S2-180320333,S2-18872906,S2-262646344,S2-46435632,S2-465492445,S2-493735561,S2-607489645
S1-438092418	S2-110110097,S2-135506804,S2-176998529,S2-236079990,S2-384403697,S2-50318922,S2-542711036,S2-54935976,S2-612522082,S2-632836044,S2-638926005,S2-672741465,S2-739699756,S2-825393923,S2-856471014
S1-205322546	S3-887689433
S1-946073994	S2-179154293,S2-397512923,S2-491196960,S2-509189531,S2-67811000
S1-767519231	S2-203626906,S2-26658898,S2-441245881,S2-510185216,S2-593288203
S1-17833262	S2-448840961,S3-72419815
S1-709949202	S2-117441308,S2-281933936,S2-311305132,S2-501740214,S2-652666267,S2-782819207,S2-788412523
S1-907766936	S2-209759158,S2-212384008
S1-924150937	S2-599474195
S1-627358152	S2-202121796
S1-498352099	S2-386305674,S2-402244980,S2-419102548,S2-502616954
S1-14866099	S2-799516170,S3-841205889,S3-881475919
S1-826150712	S2-131416371,S2-312624949,S2-316912099,S2-542833040,S2-597020302,S2-73002548,S2-8335395,S3-574030431,S3-715990736
S1-159301101	
S1-743314341	S2-193419953
S1-257182022	S2-207433651
S1-987752445	S2-141238932
S1-789037213	S2-174940112,S2-945663786,S3-152238566,S3-997295902
S1-197727862	S2-5808674
S1-769567685	S2-111323888,S2-127425839,S2-210128326,S2-506155991,S2-533000846,S2-554899730,S2-710869398,S2-72650353,S2-786237872
S1-489260119	
S1-851055624	S2-467159495,S2-794683752,S3-409741011
S1-354455611	S2-257416955,S2-693716265
S1-399371867	S2-422584264,S2-659951549
S1-375579069	S2-254520343,S2-418966925,S2-772404260
S1-387856021	S2-132142725,S2-200008235,S2-232135922,S2-685069713,S2-856922980
S1-252068059	S2-150032212,S2-167635679,S2-191707301,S2-194065890,S2-206463438,S2-328590325,S2-402786736,S2-755626247
S1-506221833	S2-249946131,S2-349203608
S1-617543495	
S1-110042519	S2-154758709,S2-248051593
S1-972726859	S2-900571670
S1-38451528	S2-143780233,S2-406563194,S2-424060577,S2-540565178,S2-580173238,S2-591742639,S2-711660940,S2-836193174,S2-921746636,S3-770668883
S1-34983322	S2-118314203
S1-781854374	S3-223680015,S3-597383222,S3-67030840,S3-729303373,S3-851737219
S1-141407942	
S1-267378563	S2-439163135
S1-428513969	S2-132225149,S2-162363737,S2-176820399,S2-490824656
S1-522096220	S2-719103760
S1-177049354	S2-18105784,S2-684282836,S2-710853460
S1-925358109	
S1-979547986	S2-121985859,S2-180179622,S3-542159363
S1-652950277	S2-307157919,S2-646517712,S2-657766050,S2-940122499
S1-923766391	S2-373686927
S1-394642076	
S1-162881013	
S1-758778797	S2-464863920
S1-946474334	
S1-662502009	
S1-331707670	S2-188157225,S2-23332026,S2-380267532,S2-606037284,S2-78971457
S1-167833578	S2-126507701,S2-154492366,S2-435114688,S2-93639676
S1-840448762	S2-165684589,S2-483651554,S3-180551383,S3-585081631,S3-682543956,S3-762901566,S3-780186211
S1-136137906	S2-274721885,S2-311974636,S2-434191241,S2-532948980
S1-476492862	
S1-76844888	S2-483074653,S2-700233887
S1-44803560	S2-274317039,S2-39679501
S1-127371136	S2-150541627
S1-992803857	S2-135822784,S2-1379449
S1-827303594	S2-185389315
S1-678219668	S2-339238296,S2-821666773,S2-857835402
S1-692496075	S2-110247617,S2-920040724
S1-216408248	S2-158076477
S1-547528968	S2-814485576
S1-80005094	S2-217257309,S2-667757809,S2-757248452,S2-774101962,S2-94608504
S1-398771695	S2-352125696,S2-572963717
S1-994407008	S2-196804299
S1-953380015	
S1-646807832	
S1-88597680	S2-199273274
S1-521720736	S2-100922260
S1-302253652	
S1-351659438	S3-253704646,S3-532448293
S1-290238589	S2-159856715,S2-202859426,S2-391014878,S2-676390111,S2-920979715,S2-960084045
S1-847877954	S2-111819390,S2-960849427,S3-45656796
S1-669982429	S2-251375258,S2-637022084,S2-744765006,S2-79289231
S1-432635859	S2-6100997
S1-988184895	
S1-219806298	S2-614336338,S2-850134479
S1-242765065	S2-109747337,S2-453119217
S1-12838861	S2-625522606,S2-779025335,S2-928895547
S1-429982774	S2-846535401
S1-868715737	S2-115949801
S1-392877917	S2-113116193,S2-187015638,S2-237059279,S2-281224093,S2-313781405,S2-577051763,S2-713939289,S2-755781598,S2-757955336,S2-99860542,S3-116527247,S3-496544585,S3-699455006,S3-858382654
S1-705984118	S2-969215654
S1-88623617	S2-345942210
S1-367729398	S2-136859782,S2-198589700,S2-222392033,S2-421839799
S1-726670510	S2-111323888,S2-20798878,S2-676368068,S2-765834139,S2-973459583
S1-232163492	S2-119660517,S2-257086255,S2-390533432,S2-566956193
S1-823788524	S3-845957851
S1-136227642	S2-133722114,S3-354205432,S3-53219947
S1-9051645	S2-139995709,S2-144041506,S2-150371463,S2-158670478,S2-212157230,S2-261149262,S2-265722826,S2-397509680,S2-41061852,S2-445890930,S2-470144907,S2-518088642,S2-718633247,S2-763860422,S2-772688248,S2-776064612,S2-836557601,S2-852025031,S2-852566191,S2-891067544,S2-909787336,S2-921208766,S2-97463722
S1-46843784	S2-135271882,S2-693539629,S2-799684633
S1-668762034	S2-134977737,S2-768273085
S1-485331101	
S1-745059498	S2-20438531,S2-208167158,S2-215555887,S3-429095061
S1-182352008	S2-490797735,S2-606241652,S3-278206651
S1-269480237	S2-118384171,S2-346602286,S2-375038603,S2-827146992
S1-917900366	S2-182417736
S1-266914077	
S1-654815541	S2-438050788
S1-809013510	S2-449759378,S2-847886569,S2-959875371
S1-795462117	S2-106131253,S2-204417353,S2-500293977,S2-596857261,S2-726802259,S2-865654553,S2-899672354
S1-506844307	S2-80862944,S3-146150367,S3-856899653,S3-998273127
S1-347075165	
S1-945978335	
S1-497891937	S2-921632245,S2-981960607,S3-336764999,S3-688200368
S1-710145831	
S1-557325761	S2-145829759,S2-235440626,S2-242899863,S2-257063675,S2-576371925,S2-769408741,S2-937764705,S2-994355229
S1-848145225	S2-174925380,S2-20798878,S2-363824206,S2-573848201,S2-841588077,S2-849705833,S2-932561773,S3-649317410
S1-271876796	S2-910854795
S1-138208605	S2-121790489,S2-220289411,S2-48497346,S2-721578145,S2-750438795,S2-776247418,S2-925579471,S2-987434889
S1-192112139	
S1-69935419	S2-101028966,S2-605769155,S3-3099620,S3-695595314,S3-859553069
S1-354911905	S2-10421978,S2-108959386,S2-111883433,S2-113837837,S2-136758657,S2-137159561,S2-148469090,S2-924174670
S1-943740563	S2-703090805
S1-151157495	S2-142847054
S1-952347082	S2-258855053
S1-862699295	S2-172552475,S2-547084158,S3-118733285,S3-121986175,S3-12881664
S1-75966225	S2-307690105
S1-57159397	S2-302639494
S1-31347471	
S1-190474416	
S1-346536239	S2-213317397
S1-892135269	S2-820421242
S1-977737523	
S1-14397657	
S1-379187097	S2-321414928,S2-421043177,S2-682947378
S1-475756218	S2-231999797,S2-245558975,S2-406934249,S2-43384829,S2-453801588,S2-465493835,S2-472098373,S2-510757616,S2-516327595,S2-520212137,S2-548098266,S2-578001558,S2-614804837,S2-71953493,S2-720833267,S2-827565023
S1-678942467	S2-110033403,S2-151316923,S2-216588237,S2-304854637,S2-325207918,S2-391507732,S2-444286133,S2-50625939,S2-508262928,S2-518518982,S2-530247686,S2-574450094,S2-643580520,S2-755816275,S2-77241306,S2-858598519,S2-930699643
S1-583499446	S2-111438775,S2-124689916,S2-207439352,S2-288787823,S2-294998398,S2-311792054,S2-402075700,S2-486727830,S2-562806366,S2-622934393,S2-65702873,S2-689319970,S2-72650353
S1-319123315	
S1-549104471	S2-693997806,S2-883959282
S1-248931969	S2-188368209,S2-429270930,S2-708535975,S2-748777223
S1-414932577	S2-107508070,S2-813291903
S1-948766817	S2-211417633,S2-512065501,S3-151348532,S3-29213628
S1-959517787	S2-781441385
S1-918497265	S2-129001977,S2-148610981,S2-262705298,S2-732813871,S3-917545051
S1-410139187	S2-177935252
S1-976521663	S2-329114825,S2-399758242,S2-663540389,S2-770374374,S2-775099662,S2-880470465,S2-987180214,S3-114128291,S3-372360981,S3-455006295
S1-579879425	
S1-598483634	
S1-893200955	S2-173571191
S1-218272294	S2-918367197
S1-722291185	S2-116836173,S2-187517712,S2-284528741,S2-551681475,S2-591841369,S2-818437047,S2-851224804,S2-947721596,S2-964744786
S1-980004950	
S1-559167236	S2-216622223,S2-569056149,S3-10624900,S3-135160657,S3-464749948,S3-711384646
S1-244617086	S2-649290066
S1-533126499	S2-347014219,S2-499150050
S1-89393216	S2-517118544,S2-660539481
S1-273121201	S2-265730226,S2-680743304,S2-77711194,S2-925689580,S3-228171361,S3-48295567
S1-315347506	S2-136859782,S2-545937670
S1-316484869	S2-168671268,S2-349293977,S2-428616464,S2-570780644,S2-638926005,S2-922831854,S3-310655902,S3-342867884,S3-995378239
S1-611897081	S2-108899306
S1-494090197	
S1-745376303	S2-587539384
S1-439896911	S2-205179124,S2-309982128
S1-372285376	S2-11555117,S2-229523864
S1-339930040	S3-216414820,S3-288459264
S1-341173150	S2-485268823
S1-11559198	S2-807761823
S1-672720036	S2-214730447
S1-149472874	
S1-681404732	S2-907184557
S1-741544048	S2-167938122,S2-172026057,S2-326571016,S2-395129836,S2-399786607,S2-409637111,S2-419789388,S2-436503412,S2-474837437,S2-523119352,S2-602922147,S2-999359378
S1-117374073	
S1-258091290	S2-451296034
S1-265603031	S2-119562010,S2-295464329,S2-369120313,S2-494334573,S2-571610271,S2-771081348,S2-919675684
S1-89072332	S2-149825995,S2-343599743,S2-979314000
S1-360755167	S2-510434933
S1-396560502	
S1-500308575	
S1-837067731	S2-902429483
S1-398156689	S3-272290965,S3-594665197,S3-760938191
S1-495577357	
S1-546182661	
S1-648674922	S2-178403454,S2-212076695,S2-496471062,S3-546906605,S3-632990725,S3-650191322,S3-771845230,S3-971089076,S3-99935204
S1-1900469	S2-404628258
S1-677620581	
S1-671904040	S2-131361970
S1-861523355	S2-477627983
S1-372249803	S2-817011245
S1-572790160	S2-192795894,S2-357819643,S2-38938004,S2-403376708,S2-563399625,S2-566817524,S2-942745027
S1-122342758	S2-185013334,S2-233921060,S2-283217054,S2-305100591,S2-376690718,S2-408379768,S2-435977755,S2-455380104,S2-509829201,S2-576745524,S2-616338952,S2-621225139,S2-785893047,S2-810300100,S2-817408863,S2-823694318,S2-8335395,S2-885143291,S2-900540282,S2-90993540,S2-928464334
S1-774465555	S2-186837959
S1-196224130	
S1-451281826	
S1-159545842	S2-296800534,S2-305539894,S2-38573556,S2-584912182
S1-173401201	S2-450649420
S1-65034685	
S1-814039696	S2-168119610,S2-654863954,S2-664108852,S2-867887053
S1-603272005	S2-394519037,S2-705192803
S1-515623482	S2-225002758,S2-27348654,S2-480385035,S2-48938361
S1-526311181	S2-102577854
S1-205956492	S2-393334993
S1-261226148	S2-458170961,S2-681739431
S1-531042031	S2-124379009,S2-176986759,S2-268609562,S2-280040113,S2-404777272,S2-562810981
S1-906652330	S2-120323672,S2-132805742,S2-162399924,S2-180845265,S2-193356122,S2-358941858,S2-423000730,S2-479068086,S2-493771866,S2-514672179,S2-563232641,S2-620682641,S2-722172803,S2-76461859,S2-77010892,S2-784245256,S2-836922979,S2-912646826,S2-975664547
S1-980918863	S2-80066848
S1-332395916	S2-226984681
S1-404150193	S2-109811495,S2-117673399
S1-34532252	S3-964411858
S1-755610763	
S1-8853314	S2-863775095,S3-722490952
S1-825251999	S2-108265504
S1-510504700	S2-104219734,S2-112996272
S1-828397431	
S1-177674448	S2-135928650,S2-333588357,S2-492953850,S2-565593731,S2-658724800,S2-829347703
S1-528837280	
S1-344502679	S2-622384328,S3-212449186
S1-47824381	S2-218974489,S2-44918413,S2-536987394,S2-578469081,S2-88683381
S1-232420456	S2-108475702,S2-495832949,S2-734102891,S2-788062700,S2-944710257
S1-606348149	S2-128760333,S2-221562433,S2-225538585,S2-398983683,S2-512860425,S2-598722823,S2-695883234,S2-71128315,S2-864319631
S1-351923899	
S1-871507378	S2-113028239,S2-162366184
S1-185387090	S2-141238932
S1-74797846	
S1-512939599	S3-288031785,S3-91619074
S1-909305275	S2-263741089,S2-354764741,S2-597575622,S2-643114861
S1-131155692	
S1-118654142	S2-175110533,S2-31275344,S2-435921074,S2-678154331
S1-233237645	S2-326727824,S2-92075726
S1-449967506	S2-109747337,S2-153275752,S2-217260065,S2-257063675,S2-538196235
S1-840340606	S2-378451507
S1-670268028	
S1-846952880	
S1-490623704	S2-18985460,S2-240265295,S2-277561410,S2-280255612,S2-505356248,S2-506558087
S1-274925692	S2-145600342,S2-397590474,S2-623711061
S1-6620369	S2-63800786,S2-763483468
S1-713481667	S2-184584490,S2-632495407
S1-695490495	S2-104324816,S2-197175723,S2-222991613,S2-256317126,S2-290710632,S2-367736963,S2-397286028,S2-423061479,S2-463637589,S2-630880278,S2-698453540,S2-757922539,S2-81902887,S2-879096703,S2-880233756,S2-969872435
S1-494945932	S2-443753104,S2-892395510
S1-386152689	S2-349203608,S2-710592252
S1-255599298	S2-629790214,S3-72269908
S1-874643981	S2-280365556,S2-685713349,S2-824184152,S2-869211875
S1-335226101	S2-132741297,S2-235440626,S2-373539812,S2-441813094,S2-560648295,S2-613435235,S2-725271718,S2-82199986,S2-84994998,S2-875773784
S1-581133117	
S1-450667949	S2-105902821,S2-161721121,S2-1823999,S2-189539500,S2-304130821,S2-356235629,S2-362745970,S2-665607256,S2-674613586,S2-768113248,S2-831399259,S2-991951826
S1-163450525	S2-282406411,S2-566454676,S2-738974844,S2-763105556,S2-813908128
S1-242507267	
S1-521489044	S2-102002062,S2-152966374,S2-250829551,S2-346969873,S2-50100978,S2-556607509,S2-588668098,S2-697731403
S1-434862335	S2-527899432
S1-710793097	
S1-453662024	S2-575608925
S1-678468445	S2-307975063,S2-470200570,S2-542711036,S2-584746235,S2-711660940,S2-921746636,S2-976140156
S1-538253391	
S1-950878680	S2-139358666,S2-145192936,S2-185013334,S2-201412393,S2-23497502,S2-283217054,S2-297283507,S2-367870951,S2-469084952,S2-472141074,S2-527772678,S2-533512157,S2-648693678,S2-721306836,S2-741879952,S2-822440226,S2-861455586,S2-915996481,S2-916704724,S2-919142715,S2-928464334,S2-99486075
S1-388362966	S2-108310185
S1-878859622	S2-156832922,S2-312828749,S2-337450766,S2-965733975
S1-115386355	S2-384833438,S2-912206771
S1-282608118	S2-171809200
S1-907950947	S2-320201928,S2-349203608,S2-41026792,S2-675955548
S1-908069361	S2-981085688
S1-601165352	S2-931968967,S3-207089179,S3-401550950,S3-792119764,S3-852405213
S1-548385950	S2-552918775,S2-901736955
S1-131841284	S2-140595486,S2-167736457,S2-954835829
S1-220552360	S2-288285136,S2-979524954
S1-412616901	
S1-555369317	
S1-334996447	S2-434185581
S1-438532591	
S1-277848190	
S1-525028892	
S1-873442207	S2-198135409
S1-23618019	
S1-123587258	S2-351836929,S3-723300713
S1-962280261	S2-235575001
S1-860091475	S2-218163632,S2-294874898,S2-40696125,S2-74997038,S2-826551758,S2-968505057,S2-974827611
S1-612058038	S2-281611162,S2-291737812,S2-648450637
S1-337300085	S2-913810769
S1-56876731	
S1-722096611	S2-253545521
S1-531755243	S2-175312192,S2-216080834,S2-244583814,S2-253645445,S2-279426641,S2-36493182,S2-380115954,S2-409655264,S2-450284961,S2-451535422,S2-555835849,S2-606131935,S2-617381385,S2-727588375,S2-788110714
S1-76531594	
S1-99098432	S2-143071737,S2-167739018,S2-518444385,S2-590799047
S1-8731816	S2-101482453,S2-151794586,S2-170516399,S2-173720137,S2-65777422,S2-765834139,S2-916466285
S1-864093388	
S1-653023012	S2-201331121
S1-847840310	S2-135484104,S2-20798878,S2-470324870,S2-570831897,S2-738974844,S2-875379928,S2-877613262
S1-504035501	S2-167910558,S2-272147095,S2-484677536,S2-614684235
S1-324844623	S2-40799127,S2-980217298,S3-381394483,S3-493041997
S1-204631479	S2-247464269
S1-320500349	S2-273523221,S2-371141357,S3-199270205
S1-455312242	S2-238610421
S1-822340043	S2-205824295
S1-672928103	S2-985871378
S1-114167540	S2-146077302,S2-168824038,S2-303995574,S2-604951142,S2-762310335
S1-66154351	S2-15431098
S1-749578382	S2-254797379,S2-411224156
S1-713906479	
S1-209461488	S2-117487038,S2-416114630,S2-716733365
S1-516261021	S2-109539699,S2-16793540,S2-173133274,S2-20962013,S2-215194266,S2-273602723,S2-312571712,S2-313017868,S2-331301868,S2-425417474,S2-502124284,S2-521485245,S2-532673061,S2-536110477,S2-544508980,S2-573152653,S2-611759661,S2-626761254,S2-953744243
S1-871104119	S2-713308
S1-67005936	S2-301265295,S2-350531484,S2-360370361,S2-383164077,S2-673096705,S2-673247221,S2-779868305,S2-913451646,S2-946502731,S2-993640210
S1-713921409	
S1-329237081	S2-10273524,S2-387351015,S2-692432514,S3-331605164,S3-404467453
S1-285617979	S2-426480375,S3-390428135,S3-601982371,S3-906938660
S1-861759929	S2-520089106
S1-292595404	S2-386467878
S1-28341566	S2-100748041,S2-581453226
S1-803016938	
S1-973310935	S2-109747337
S1-92606707	S2-28207614,S2-581890388,S2-730880364,S3-670008888
S1-694745232	S2-105239990
S1-144274940	
S1-381401087	S2-333466816,S2-460894198,S3-91217412
S1-152560873	S2-118175582,S2-409086335,S2-505475096,S2-574974121,S2-875169761,S3-159498124,S3-234771429,S3-675741461,S3-714603988
S1-591960471	
S1-459442196	
S1-24394706	S2-437267325,S2-561568928,S2-924466792
S1-153146218	
S1-722064328	S2-225603266,S2-90355886
S1-329479952	S2-936190268
S1-101154733	S2-104357224,S2-15622907,S2-243967002,S2-448264939,S2-555149958,S2-614045043,S2-678936981,S2-864538809,S2-977639539,S3-104975427,S3-123922809,S3-255708973,S3-332194480,S3-579634722,S3-828828707,S3-894940624
S1-212677128	S2-149624959,S3-155968444
S1-157330686	S2-151541095,S2-862175867,S3-121333269
S1-926944361	S2-162404039,S2-290114593,S2-923247863
S1-932091383	S2-116612248
S1-748958732	S2-583350326
S1-407654264	S2-168901050
S1-960202214	S2-178779915
S1-326042432	S2-137901846,S2-227333460,S2-25056056,S2-278976022,S2-547059865,S2-589350155,S2-972244054
S1-26570538	S2-135506804,S2-256425559,S2-434482735
S1-115604131	S2-216954506,S2-45513020,S2-676390111,S2-869078815,S2-974886184
S1-814013173	S2-460782098,S2-635089863,S2-899787578
S1-950047503	S2-281943478
S1-816806651	S2-11313221,S2-120346767,S2-122020401,S2-129939214,S2-134678470,S2-145083392,S2-350528443,S2-633550935,S2-669354102,S2-920906100
S1-753026938	
S1-321869706	S2-18754828,S3-716470216,S3-794930402
S1-956145942	S2-123243939,S2-153306127,S2-20798878,S2-23191178,S2-294315780,S2-368708876,S2-423588119,S2-467888903,S2-514162097,S2-592615007,S2-633169784,S2-670347109,S2-676368068,S2-68063245,S2-70822028,S2-765834139,S2-767912318,S2-785728936,S2-975715954
S1-102092317	S2-116754726,S2-12210851,S2-122450773,S2-151923438,S2-163657158,S2-17853482,S2-193510687,S2-666810841,S2-960440618
S1-875778203	S2-10844142,S2-119369314,S2-152000251,S2-165426878,S2-16706628,S2-20645450,S2-234219241,S2-523622639
S1-491794520	
S1-713348464	S3-284421325
S1-211142141	S2-284006150,S2-660154398,S3-466142882,S3-993303525
S1-634610332	
S1-99954607	
S1-244903500	
S1-923688134	
S1-501413716	S2-107557903,S2-269959480
S1-643973995	
S1-566228328	S2-21040773,S2-506077451,S2-769323550
S1-127705396	S2-156292022,S2-217345018
S1-997853473	S2-101273729,S2-102193203,S2-104375747,S2-104590092,S2-108429584,S2-112004767,S2-12185552,S2-196868267,S2-212536068,S2-225052205,S2-245105899,S2-258550866,S2-275814412,S2-283728539,S2-299813260,S2-305268835,S2-346644481,S2-358267895,S2-483478101,S2-54799801,S2-598979551,S2-728767898,S2-745824397,S2-772331829,S2-869847688,S2-891500413,S2-919924109,S2-949493850,S2-972255404,S2-994528455
S1-55480559	S2-690275089,S2-714884412
S1-544612229	S2-117673399,S2-145578823,S3-276063220
S1-364411389	S2-167013703,S2-972545009,S3-626650694,S3-758221050
S1-681088096	S2-46270261
S1-203478566	S2-380666561
S1-476732670	S2-130700000,S2-160450562,S2-170385529,S2-183734900,S2-233921060,S2-273265532,S2-444852560,S2-458026031,S2-473244514,S2-550566105,S2-554836741,S2-792239756,S2-805281653,S2-919675684,S2-959385099
S1-555579481	S2-235274324,S2-941783944
S1-192569110	
S1-470791690	S2-169037041,S2-173346166,S2-30752242,S2-405661531,S2-406563194,S2-424060577,S2-519644358,S2-526287565,S2-591742639,S2-598572849,S2-711660940,S2-890178948,S2-913706007,S2-921746636
S1-43711739	S2-883267488,S3-194522799,S3-965962389
S1-665766977	S2-135662490,S2-276949348,S2-387853608,S2-402018984
S1-685756581	S2-120028544,S2-162543086,S2-168211984,S2-244895468,S2-294700459,S2-501391806
S1-853163688	
S1-353684891	
S1-945128774	
S1-426351934	S2-116183236,S2-203674733,S2-324631567,S2-348065647,S2-41844941,S2-469354858,S2-529156370,S2-689354743,S2-817909226,S2-85382157,S3-454591889
S1-769727135	S2-871788283
S1-452434765	S2-501563110,S2-576697549,S3-360873045
S1-585986705	
S1-247594164	
S1-199310468	S2-628270825
S1-427389120	S2-128758482,S2-135506804,S2-547143596,S2-88909454,S3-479793375,S3-551480839
S1-515305398	S2-641588358,S2-783903809
S1-268615618	S2-141755928,S2-246825529,S2-516840932,S2-76733176,S3-157040954
S1-716158090	
S1-172958490	S2-310591748,S2-49177043,S2-533304202
S1-965334558	S2-120433711
S1-687807398	S3-269174446
S1-603224529	S2-295694292
S1-67971888	S2-442604921
S1-607475493	S2-111323888,S2-132741297,S2-168557846,S2-262770634,S2-414318892,S2-533000846,S2-626468842
S1-634492363	S2-459419979
S1-307837973	S3-109190626,S3-64146394
S1-775486611	S2-225554548,S2-525516614
S1-135119694	
S1-59454152	
S1-44829369	S3-138761349,S3-207257307,S3-834744269
S1-540464439	S2-518127112
S1-183650055	S2-117587273,S2-159767476,S2-203520208
S1-288931430	S2-672134055,S2-762750693,S2-992311899
S1-835496695	S2-117178334,S2-127850763,S2-137332321,S2-552106012,S2-662636163,S2-973565416,S2-991340552
S1-533464021	S2-218699730,S2-305935325,S2-383355024,S2-396077281,S2-516106859,S2-709045305
S1-78371793	S2-17030293,S2-432517474,S2-486456754,S2-508266884,S2-653512374,S2-813733153,S2-93810166
S1-734135891	
S1-323952679	S2-193889069,S2-234099014,S2-448843782,S2-483598532,S2-660416502,S3-106522140,S3-20549881,S3-584481558,S3-740701475
S1-772118004	
S1-196773667	S2-472358998,S2-690275089,S2-714884412
S1-965957271	S2-123243939,S2-153306127,S2-208844351,S2-374792071,S2-402105071,S2-523310581,S2-765834139,S2-767912318
S1-528903974	S2-111283888
S1-312513406	S2-456023862,S2-891370689,S3-926494181
S1-728246746	S2-18334676,S2-272351032,S2-340669521,S2-403476558,S2-454466628,S2-59604091,S2-604655437,S2-61732760,S2-712833864,S2-713264333,S2-715228175,S2-796163654,S2-836193174,S2-849330463,S2-881583430,S2-944567295,S2-95233511,S2-967923679
S1-333630891	S2-104473500,S2-206761840,S2-423588119,S2-43393905,S2-436689441,S2-467888903,S2-470009162,S2-682992420,S2-785728936
S1-426176765	S2-142059490,S2-457286675,S2-483667560
S1-79772049	S2-673162288
S1-211191931	S2-255799673,S2-565112430,S3-633389059,S3-818765829,S3-866222142
S1-84897919	S2-461812372
S1-623742372	S2-166012972,S2-601989723,S3-25474748,S3-270689419,S3-804409289
S1-779657425	
S1-979775568	S2-172931439,S2-195407315,S2-249029051,S2-8568197
S1-962624367	S3-154678231,S3-740426164
S1-871544882	S2-133642866,S2-147003694,S2-350199617,S2-370483196,S2-791971682,S2-837219999,S2-992627466,S3-41278702,S3-500127849
S1-466875253	
S1-553289156	S2-349203608,S2-379225019,S2-912365986
S1-285198980	S2-223279886,S2-264375672,S2-988827254,S3-554364793,S3-73132925,S3-839874260,S3-942420197
S1-893139601	S2-205164539,S2-857680625
S1-804423982	S2-16159243,S2-187119816,S2-196613960,S2-197185269,S2-19834349,S2-269098468,S2-275299832,S2-347981063,S2-370515215,S2-39765864,S2-41086033,S2-434434848,S2-457128060,S2-460003901,S2-468427870,S2-515238264,S2-516243741,S2-555124789,S2-605726696,S2-671788102,S2-748394573,S2-748906783,S2-783703941,S2-802095609,S2-846144599,S2-847014050,S2-898040314,S2-903049690,S2-979608338
S1-74577228	S2-242005849,S3-649005607,S3-686818114
S1-774719750	
S1-538239829	S2-105902821,S2-23756023,S2-356235629,S2-362745970,S2-367870951,S2-432586978,S2-929519887,S2-955629599
S1-505093692	S2-382290074,S2-412846587,S2-416300430,S2-604491505,S2-80333100,S2-93150934,S2-996107835
S1-105462604	S2-406250609,S2-771142266,S2-831633865,S3-151874333
S1-263401495	S2-19529673,S2-240326032,S2-933431234
S1-962572205	
S1-484151099	
S1-600479922	S2-276720109
S1-710030819	S2-50101238
S1-400950017	S2-873112946
S1-664533739	
S1-641521538	
S1-574132867	S2-473091857
S1-328584708	S2-129757062,S2-15297238,S2-211030013,S2-88964042
S1-556477229	
S1-859753923	
S1-293570372	S3-138004424
S1-563807678	S2-274098839
S1-587243353	
S1-731704475	S2-181335314,S2-386885421,S2-766827046
S1-673552678	S2-570182562,S2-780676697
S1-715816473	
S1-161340366	S2-825035401,S3-285321863,S3-384682206,S3-805571778
S1-383997538	S2-841081902
S1-894657764	S2-367590410,S2-453422522,S2-655174155,S2-72427123,S2-867666678,S2-881123036
S1-466341745	S2-612069316,S2-900290439,S2-94820185,S2-978163055,S2-984676843
S1-78249158	
S1-907988767	S2-162578946,S2-470449540,S2-885408959
S1-459365976	
S1-170348270	
S1-976302608	S2-450649420,S2-842961354
S1-883775116	S2-164531605,S2-166430324,S2-406563194,S2-424060577,S2-519644358,S2-591742639,S2-711660940,S2-836193174,S2-913706007,S2-921746636
S1-67951250	S2-143673386,S2-209622054,S2-245519799,S2-267289590,S2-284681063,S2-333486848,S2-381495092,S2-445248448,S2-46970865,S2-523951310,S2-605757734,S2-628921203,S2-632836044,S2-724263716
S1-27610521	S2-726542684,S2-848353717
S1-668820810	S2-570292331,S3-496058411
S1-56536956	S2-494946968
S1-427285316	
S1-274508775	S2-10677927,S2-194422689,S2-252523262,S2-527420375
S1-902000804	S2-230277162,S2-281622226,S2-349736322
S1-336158652	S2-163131103,S2-646535889
S1-483088494	
S1-480678958	
S1-82714362	S2-182921225,S2-193975742,S2-505977927,S3-220608549,S3-473982393
S1-174467251	
S1-206502637	S2-311974636,S2-545123347,S2-57779951,S2-722018212,S2-877613262
S1-774749163	
S1-182502875	S2-139995709,S2-159196848,S2-181432431,S2-22343351,S2-318340454,S2-718633247,S2-743986971,S2-817046126,S2-853225748,S2-933808654,S2-978117935
S1-980215837	
S1-597042110	
S1-49755442	S2-198309212,S2-203043125,S2-218691731,S2-502568870,S2-506155991
S1-385884447	S2-819527873,S2-858456016,S2-982516452
S1-260875297	
S1-997997632	S2-261116689,S2-75055383
S1-327516008	
S1-528122468	S2-210000261,S2-309982128,S2-755371491,S2-822158777
S1-649372371	
S1-69026083	S2-201894205,S2-433685133,S3-181191810,S3-452830261
S1-537978025	S2-139094204,S2-320234317,S2-359188767,S2-38925988,S2-585157169,S2-757319616,S2-804243648,S2-849705833,S2-850995478,S2-85861083,S2-97604564,S3-467255906,S3-531319922
S1-39974132	S2-596503094,S2-848460389
S1-378176090	
S1-85870193	S2-101941703,S2-121790489
S1-293783230	S2-339238296,S2-341168532,S2-368708876,S2-412246544,S2-493735561,S2-506155991,S2-506736866,S2-527925015,S2-554899730,S2-570546898,S2-583338611,S2-597020302,S2-72650353,S2-748463563,S2-786237872
S1-441057333	
S1-398156092	S2-105354862,S2-123469550
S1-712808534	S2-150023974,S2-750303759,S2-756402058,S2-767884424,S3-105919588,S3-193154896,S3-361621844
S1-809923588	
S1-907925633	S2-186341826,S2-204543697,S2-339238296,S2-453996934,S2-470144907,S2-503622674,S2-685555753,S2-690393517,S2-737981941,S2-765294441,S2-850195083,S3-617658706,S3-874278793,S3-975273360
S1-681116226	S2-139995709,S2-191731480,S2-404007568,S2-469113570,S2-523747023,S2-79433983,S2-98889665
S1-621693012	S2-451034723,S3-445434267,S3-826626706
S1-339889874	
S1-660051846	
S1-727521491	S2-28568808,S2-440884930,S2-453532308,S2-639374114,S2-782725586,S2-942372219,S3-503939921,S3-6728117
S1-351458450	S2-418966925
S1-551590476	S2-478205820,S3-336844477
S1-317106351	S2-768454253
S1-704841266	S2-149856530,S2-21132396
S1-226928249	S2-281146542,S2-287916165,S2-369446035,S2-670088091
S1-246043473	
S1-721419743	
S1-708971705	S2-129234661,S2-166116137,S2-185381097,S2-298772197,S2-613067344,S2-783355018,S2-831256999,S2-891913947,S2-928464334
S1-268343305	S2-164237579,S2-237059279,S2-503914010,S2-712942644,S2-713939289,S2-744092910,S2-755781598,S2-815952306
S1-219817042	S2-141009339,S2-143307475,S2-158588072,S2-205084013
S1-260440405	S2-452429340
S1-708652258	S2-350199035,S2-445440765,S2-635406672,S2-868974418,S3-401413870,S3-779967064
S1-382841899	S2-333929475
S1-178438393	S2-286437658,S2-487657691
S1-88174520	
S1-802693565	
S1-524673939	S2-11005491,S2-26078098
S1-865132511	S2-208561685,S2-220179010,S2-536455889,S2-825393923
S1-289814696	S3-412506499
S1-36705144	S2-297440812,S2-586781303
S1-376620147	S2-168602437,S2-925400951
S1-573008876	S2-208257360
S1-670643666	S2-649519469
S1-582385973	S2-492071953,S2-833552833
S1-71043683	S2-261829441,S2-539933445
S1-737783959	S2-107418742,S2-110110097,S2-134362801,S2-162678063,S2-176998529,S2-224171675,S2-315247426,S2-326884832,S2-563798918,S2-672741465,S2-688289355,S2-697514180,S2-708074908,S2-937764705,S2-976140156
S1-145798710	
S1-824394006	S2-316417036
S1-417926500	S2-117408012,S2-419422105
S1-241987063	S2-204486391
S1-887192122	S2-114487907,S2-119049876,S2-121174316,S2-127324954,S2-174656056,S2-187514254
S1-828605400	S2-107557903
S1-190843086	S2-242517171,S2-39057775,S2-474679409
S1-585951458	
S1-344665822	S3-536186712
S1-593421955	
S1-566454897	
S1-235684588	S2-110080335,S2-211030013,S2-218950685,S2-225590910,S2-268687676,S2-419385758,S2-45041964,S2-54599306,S2-636400387,S2-786171449
S1-11865147	S2-174608732
S1-642709221	S2-2881302
S1-446844125	S2-386703149
S1-393120433	S2-262646344,S2-301402036,S2-412246544,S2-493735561,S2-506155991,S2-541070559,S2-554899730,S2-597020302,S2-609371890,S2-72650353,S2-763519087,S2-783648666,S2-877613262,S2-882630790,S2-920587005,S2-921208766,S2-974838439
S1-361005848	S2-183510079
S1-896626034	S2-792618255,S2-863803621,S2-914248159
S1-662517901	
S1-69516363	S2-208478378,S2-373619388
S1-711268589	S2-344956759,S2-489373400
S1-458934119	S2-640160119
S1-605833617	S2-176342522,S2-947907753
S1-379796343	S2-129435315,S2-146972799,S2-185013334,S2-288787823,S2-30714021,S2-576745524,S2-58646488,S2-712442952,S2-837631808,S2-933536254
S1-440039154	
S1-925379729	
S1-787791123	S2-106648064,S2-162510130,S2-325577650,S2-369366052,S2-381092762,S2-550419213,S2-67239479
S1-762932201	S2-157711658,S2-336704166
S1-964226683	S3-436531308,S3-62710241
S1-437352705	S2-490370255,S2-775541088
S1-374765600	
S1-586245621	S2-432090766,S2-633286157
S1-188919955	S2-790610016
S1-678915835	S2-233325618,S2-412197058,S2-662371263,S3-681104199,S3-736103570
S1-320769996	
S1-672760701	
S1-60400943	S2-486211748,S2-923432546
S1-375576084	S2-235808422,S2-418861086
S1-406589576	S2-147440186
S1-992325825	
S1-502077539	S2-327105146,S2-362003891,S2-95666163,S3-323764124
S1-300395496	S2-511143910,S3-411091038,S3-52030909,S3-747397152,S3-820771911
S1-22131575	S2-651932954
S1-856849042	S2-190404911,S2-196961560,S2-285549357,S2-367870951,S2-39765864,S2-906794282
S1-553833283	
S1-462903418	S2-191930131,S2-242029664
S1-675821005	S2-231536988,S2-263024876,S2-445248448,S2-526735334,S2-766232113,S2-958693742,S2-997927202
S1-382284080	S2-333784856
S1-491326243	S2-136859782
S1-557084750	S2-176460599
S1-205207034	S2-641138734
S1-614658263	S2-594751008,S2-680015574
S1-276214128	S2-111323888,S2-132741297,S2-168557846,S2-299154817,S2-373539812,S2-414318892,S2-521708549,S2-533000846,S2-846310730
S1-393296984	S2-800606163
S1-837878496	S2-109747337,S2-660795723
S1-320095989	S2-542119556
S1-766974441	S2-140667962,S2-144390101,S2-213280316,S2-967307611,S2-9887844
S1-242225778	S2-599145140,S2-794218307,S3-645271299,S3-858044227
S1-985278774	S2-348243724,S2-969595440
S1-252557079	S2-12799530,S2-419259613,S2-632738638
S1-745156045	S2-100740375,S2-322604020,S2-521055476
S1-158738246	S2-208799087,S2-682516288,S2-699355873,S2-923984022
S1-992651338	S2-321422417,S2-349203608,S2-701224949,S2-793974646
S1-954686152	S2-23394618,S2-380184984,S2-523971163,S2-541266205,S2-601293334,S2-613765087,S2-627244643,S2-818518846
S1-708861706	S2-417167881,S2-917913363
S1-995124333	S2-190752755,S2-268265302,S2-293890675,S2-453316944,S2-468086286,S2-543310171,S2-642933590,S2-799342669,S2-98036361
S1-4143446	S2-153306127,S2-178000704,S2-231536988,S2-258925491,S2-281044982,S2-38938004,S2-425292799,S2-455380104,S2-504284947,S2-52880044,S2-57353589,S2-638926005,S2-639170764,S2-69432389,S2-697514180,S2-735962271,S2-795608900,S2-810300100,S2-889511014,S2-890202084,S2-90993540,S2-976721780
S1-304390114	S2-287226896,S2-859876978
S1-243492346	S2-116250283,S2-381299396,S2-4081371,S2-950406636
S1-655908227	S2-542465307
S1-192984	S2-182099169,S2-193706871,S2-821311900,S2-943359019
S1-536176896	S2-514313512,S2-88503787
S1-914708175	
S1-973350462	S2-100408047,S2-109811495,S2-22777743
S1-33929475	S2-214730447,S2-26184476
S1-831649239	
S1-783152393	
S1-938258941	S2-133046811,S2-180320333,S2-432739518,S2-610191667,S2-916704724,S2-935533664
S1-476767163	S2-107557903,S2-797486314
S1-52561398	S2-164118734
S1-703850262	S2-108984077,S2-170054697,S2-192744263,S2-299786905,S2-352778464,S2-592587720,S2-702462150,S2-72146128,S2-725271718
S1-612029716	S2-14930812,S2-177140915,S2-48827777
S1-219817439	S2-406745137,S2-48067306,S2-629232539,S2-925140032,S3-566556822,S3-887939250,S3-923814756,S3-931834235
S1-822609622	S2-129426417,S2-963722344
S1-1101456	
S1-188159349	S2-462624757,S2-805328552,S2-845844165
S1-8508444	S2-172339193,S2-7204821
S1-699721226	S2-185359836,S2-676957124
S1-98773016	S2-239711033,S2-537303574
S1-464076918	S2-342590032
S1-29383021	S2-177434808,S2-506769044,S2-854252593,S3-150496756,S3-406401777,S3-999021289
S1-544999938	S2-276962700,S2-426503915,S2-974563215
S1-298625846	
S1-325879545	S2-377024628,S2-377032792,S2-536718135
S1-306580773	
S1-795981518	S2-11729887
S1-750087535	S2-375488104,S2-512816304,S2-521529725,S2-91467791,S2-969635136,S3-112759741,S3-131282689,S3-139272110,S3-157952784,S3-288405949,S3-29616610,S3-316866701,S3-639290523
S1-326096576	S2-394483897,S2-409952819
S1-479052676	S2-500554886,S2-684486120,S2-972732481,S2-979273146,S3-893335675
S1-102509328	S2-104942717,S2-760754299,S2-951578526,S3-255823872
S1-73700971	S2-132741297,S2-373539812,S2-560648295,S2-725271718,S2-757238574,S2-81256081,S2-889668581,S3-943577030
S1-330428857	S2-290205843,S2-33325422,S2-917657091
S1-762149211	
S1-555775937	S2-175110533,S2-190404911,S2-294998398,S2-906794282
S1-638671172	S2-240715738,S2-955226207,S2-994300959
S1-499266884	S2-127684656,S2-488102497,S2-779151540,S2-966018678,S3-64285373
S1-260612252	S2-105902821,S2-177140915,S2-296104409,S2-659868485,S2-679813434,S2-708535975
S1-674270346	S2-343564632,S2-693882496,S2-753604111
S1-159314474	S2-132741297,S2-153071559,S2-226485857,S2-292845680,S2-367707411,S2-4096138,S2-463286962,S2-466486938,S2-49455096,S2-506155991,S2-725271718,S2-728465351,S2-800717850
S1-264458723	S2-141962456,S2-866479403
S1-623010888	S2-377092409,S2-526099864,S3-69682239
S1-566265453	S2-127012193
S1-822115440	S2-125169474,S2-478086284,S2-657953194,S2-693521029,S2-814387401,S3-361665788,S3-523066305,S3-674109307,S3-753657890,S3-86178669
S1-263184862	S2-276648893,S2-410629067,S2-560933722,S2-706926029,S2-716921055
S1-735247657	
S1-894359148	
S1-750675408	S2-233266276,S2-641085570
S1-449171849	S2-163603408,S2-18432668,S2-274721885,S2-315025793,S2-326224715,S2-412246544,S2-597020302,S2-743986971,S2-974838439,S2-98036361,S2-983870801,S3-129922629,S3-146370284,S3-944457654
S1-545237886	S2-229560582,S2-245915195,S2-334658467,S3-295408647,S3-422360286,S3-479026430,S3-559252014,S3-813075102,S3-925249759
S1-836363245	S2-223310914,S2-354971081,S2-451169922,S3-16993289
S1-425858660	S2-117342048,S2-202340261,S2-265827625,S2-297133466,S2-430228793,S2-55339906,S2-803068701
S1-150111624	S2-818741950,S2-915942972
S1-186556282	S2-143255831,S2-145992795,S2-153518642,S2-258138819,S2-287553871,S2-659542988,S2-847155405
S1-879321389	S2-261210990,S2-896877283
S1-574155133	S2-130362273,S2-770620518
S1-384498663	
S1-927882225	S2-171968922,S2-204413257,S2-241607417,S2-411064726,S2-411407927,S2-455380104,S2-485375620,S2-516708172,S2-518088642,S2-563399625,S2-622934393,S2-682119517,S2-687464505,S2-698489713,S2-772688248,S2-785729306,S2-840906265,S2-892637813,S2-921208766
S1-467214528	S2-26171509,S2-436423801,S2-996420970,S3-75925310
S1-872193644	S2-147376406,S2-663304983,S2-979278235
S1-558484785	S2-172942618,S2-333476512
S1-172611884	S2-683890200
S1-635140919	S2-998817391
S1-671463259	S2-132491947,S2-399815856,S2-946537947
S1-754982371	
S1-260837575	S2-139995709,S2-144041506,S2-159196848,S2-171968922,S2-210128326,S2-26140013,S2-397509680,S2-474376412,S2-541070559,S2-660325306,S2-921208766
S1-920446249	S2-539236008
S1-409479725	S2-107522781,S2-132805742,S2-144949490,S2-167757911,S2-189312385,S2-23497502,S2-235455384,S2-341291271,S2-465593416,S2-479056706,S2-479068086,S2-480393688,S2-530247686,S2-545147859,S2-557225464,S2-732243674,S2-74237493,S2-74678743,S2-819516873,S2-988823894
S1-467361937	S2-296215188
S1-388565911	S2-903766461
S1-501093053	
S1-569350164	S2-14434939,S2-369303437,S2-383168624
S1-618348640	S2-356454878
S1-458130772	S2-18239116,S2-203043125,S2-295553444,S2-510167281,S2-770114863,S2-812305558,S2-993284715
S1-498566339	S3-573672296
S1-268669067	S2-278014994
S1-499676345	S2-261985190,S2-262035786,S2-347013032,S2-691491597,S2-893240144,S2-906662016
S1-38217705	
S1-843560729	S2-178432826
S1-119853718	S2-185563193,S2-400480296,S2-607118960,S2-673367043,S3-516942455,S3-732334484
S1-852513892	S3-382046259,S3-599279093
S1-765730633	S2-704590827,S2-76591693,S2-996113827
S1-518019591	S2-740891573
S1-242205089	S2-596358788
S1-993229582	
S1-756828693	S2-109539699,S2-173133274,S2-215194266,S2-273602723,S2-331301868,S2-502124284,S2-521485245,S2-532673061,S2-536110477,S2-544508980,S2-573152653,S2-692712904
S1-216380214	S2-183533293,S2-805328552
S1-531818420	S3-809485327
S1-601486176	S2-558799392,S2-581890388,S2-602985825,S2-880508984
S1-519190170	
S1-156692471	S2-113475472,S2-124235502,S2-147483891,S2-151923438,S2-17853482,S2-186779249,S2-188970267,S2-195394320,S2-223340813,S2-225679664,S2-436185882,S2-63814065,S2-673419052,S2-926593422
S1-882513972	
S1-593199514	S2-19147552,S2-427125238,S2-461812372,S2-647785780,S2-836021902
S1-406660914	
S1-572338294	S2-170054697,S2-183500224,S2-367703621,S2-426531677,S2-600300179,S2-679813434,S2-782958098,S2-906190563
S1-865199232	S2-182752301,S2-340892828,S2-468507772,S2-727223449,S2-864610295,S3-394611619
S1-529684905	S2-131531265,S2-492014529
S1-328997311	
S1-561093798	
S1-643243730	S2-11360293,S2-813728741,S3-542691363,S3-567692113
S1-6049393	
S1-857527510	S2-232598983,S2-429908975,S2-662061104,S2-956651247
S1-493183640	
S1-830159632	
S1-950274970	S2-40103502,S2-485226027
S1-507847705	S2-216519806,S2-401339816,S2-410304260,S2-511867750,S2-655807330
S1-133539404	S2-104641449,S2-110957056
S1-546310278	S2-194169678,S2-839350079
S1-924818276	S2-988459909,S3-714215580
S1-898937545	S2-104641449,S2-154488968
S1-573340150	
S1-815790585	S2-195514633
S1-25959355	S2-185889689,S2-504112731,S2-911141149
S1-914496453	S2-10692696,S2-607546602,S3-125545283
S1-842850315	S2-226026736,S2-717528382
S1-139448568	S2-108762921,S2-214425478,S2-332072847,S2-580959918
S1-766094684	
S1-980756920	S2-425334788
S1-26972220	S2-439814502,S2-658591017
S1-95094448	S2-439617601,S2-513083828
S1-203076519	S2-175110533,S2-350013887
S1-861696239	S2-23793150,S3-163907475,S3-269224756
S1-108514721	S2-266580745,S2-331615875,S2-600219436,S2-67240726,S2-737338265
S1-141216441	S2-358808003,S2-442249232,S2-445219812,S2-450284961,S2-725271718
S1-382089726	S2-734508982
S1-98839828	S2-471092146,S2-719103760,S2-978381805
S1-390633817	S2-864050926,S3-173184282
S1-772104779	S2-168897188,S2-215194266,S2-271710231,S2-331301868,S2-502124284,S2-521485245,S2-532673061,S2-536110477,S2-544508980,S2-573152653,S2-611759661,S2-612503689,S2-953744243
S1-208575212	
S1-171028367	
S1-470322770	S2-217567144,S2-23374086
S1-279406968	
S1-908010474	S2-55315420,S2-929676044
S1-350976457	S2-184590641,S2-945977090
S1-957847859	S2-46254551
S1-893092262	S2-119575512,S3-259137403,S3-613677212
S1-348573367	S2-110033403,S2-167821392,S2-216588237,S2-245519799,S2-50100978,S2-518518982
S1-207800307	S2-161061110,S2-21050342,S2-458464423,S2-614009549,S2-835050720
S1-657275121	S2-20302586,S2-302578805,S2-332484745,S2-337417609,S2-353180087,S2-377889605
S1-677209593	S2-531652915,S2-620745843,S2-938285026,S2-950871143,S3-240059724,S3-574132806
S1-220454123	S2-518131700
S1-961914104	S2-20798878,S2-503797365,S2-57742122,S2-85214483,S2-943521941
S1-497049386	S2-136859782
S1-914163473	
S1-942131199	
S1-564765699	S2-503398152,S2-994905015
S1-337620117	S2-793092624
S1-557030875	S2-153972808,S2-278980653,S2-30892219,S2-333490404,S2-339033086,S2-344687601,S2-37988245,S2-384876359,S2-440394310,S2-496509172,S2-583541927,S2-838758022
S1-909745869	S2-311930267,S2-679813434,S2-730563099
S1-292757389	
S1-258855579	S2-146981675
S1-902804675	S2-138022159,S2-149726747,S2-183807901,S2-199675789,S2-394503565,S2-449462416
S1-568956292	S2-807109659,S3-391367859,S3-770343349
S1-878141277	S2-489248643,S2-834945806,S2-870710906,S2-894321664,S3-10022323,S3-174301606,S3-40426386,S3-557678911
S1-784514996	S2-566952289,S3-751372665
S1-689580189	S2-162637138
S1-908175143	S2-388259872,S2-838417309
S1-428668184	S2-812963543,S3-443492278,S3-484594821,S3-884125274
S1-957112804	S2-433168180
S1-245967620	S2-141238932
S1-211274215	S2-45680143
S1-820416856	S3-537242807
S1-893657089	S3-121757176,S3-546558180,S3-984045712
S1-53338151	S2-115362738
S1-853521614	S3-101785102
S1-494063096	S2-452444778
S1-497812883	S2-128720916,S2-147032337,S2-315482057,S2-378956072,S2-395490690,S2-41328777,S2-505253624,S2-52887085,S2-587736152,S2-715618374
S1-248679754	S2-741729997
S1-584568510	S2-116283266,S2-785659578,S3-147418511,S3-167000977,S3-261897467,S3-637027990,S3-655537920,S3-764490052,S3-919279969,S3-924303873,S3-96332876,S3-974316302
S1-180506407	S2-125010587,S2-223282812
S1-492494206	S2-186532725,S2-240402694,S2-269722604,S2-46889600,S2-51749869,S2-580853997,S2-672367090,S2-776620254,S2-900266234,S2-972886274
S1-759109531	S2-20839428
S1-437925959	S2-595623864,S2-965965831
S1-144635306	S2-117184006,S2-174187547,S2-285493501,S2-43896149,S2-724316425
S1-865799397	S2-16342349
S1-136750675	S2-271505387,S2-431948826,S2-710775246
S1-647189784	
S1-108279137	S2-128309415,S2-137426526,S2-198202218,S2-222469551,S2-280283783,S2-50470869
S1-327910401	S3-270675976
S1-47692913	
S1-83831401	
S1-434169097	S2-483559412,S2-59535036,S2-894287109,S2-96779643,S2-9855592,S3-455538020,S3-992473062
S1-155796489	S2-175522441
S1-349094421	S2-805328552
S1-822492976	S2-530370220,S2-584397992
S1-905148640	
S1-370470963	S3-386501349
S1-183383764	S2-665168463
S1-327298339	
S1-707183377	S2-258265243,S2-281224093,S2-573848201,S2-660792558,S2-813718745,S2-876034989,S2-886484824,S2-943105432
S1-517875342	S2-112673263
S1-161757192	S2-383584166,S2-584378457,S3-305940811,S3-535738893,S3-747033059,S3-897353669
S1-702935256	S2-30956493,S2-599365407,S3-950324803,S3-996750909
S1-58762131	S2-16371592
S1-573169622	S2-464094133
S1-763566761	S2-128608851,S2-516866959,S2-555049522,S2-70246564,S2-893929359,S2-97690353,S3-4772155,S3-664612732,S3-862034526
S1-87074407	S2-19798312,S2-34450856,S2-626145507
S1-815446134	S2-10844142,S2-119369314,S2-152000251,S2-164454648,S2-16706628,S2-20645450,S2-23318984,S2-234219241,S2-236620548
S1-161337014	S2-176717693,S2-530433067,S2-719390804,S2-831550984,S3-12305441
S1-447356392	S2-154488968,S2-715311633
S1-557406911	S2-170721940
S1-624358506	S2-117587273,S2-226818570
S1-608419003	S2-169701692,S2-215194266,S2-23304966,S2-312571712,S2-331301868,S2-363980567,S2-502124284,S2-521485245,S2-532673061,S2-544508980,S2-573152653,S2-614454301,S2-626761254,S2-646218526
S1-82704580	S2-255554320,S2-450649420
S1-881053119	S2-141051257
S1-344943699	S2-109811495,S2-120258406,S2-189782234,S2-201757491,S2-206030741,S2-258507087,S2-304673281,S2-810136573
S1-688299992	S2-534051549,S2-871908342
S1-515416404	S2-104776033,S2-109020534,S2-151561901,S2-162620955,S2-163670709,S2-220507825,S2-325216507,S2-643746723,S2-896358094,S2-940014334,S2-973993961
S1-37484772	S2-188825333,S2-733242269
S1-990853535	
S1-383689907	S2-353825290,S2-422565495,S2-469448085,S2-707104582,S2-735298366,S2-866287851,S2-905457782
S1-646257562	S2-193927417,S2-246492020,S2-365127945,S2-426600947,S2-654537778
S1-680984212	S2-30671541
S1-351698413	
S1-485690667	S2-849986455
S1-201542326	S2-201823473,S2-335398986,S2-491476765
S1-743586817	S2-553473039,S2-594640083
S1-245285153	
S1-147202439	S2-838800791
S1-279746244	S2-111015185,S2-212749149,S2-476698567,S2-914545709,S3-481610159
S1-820703801	S2-135506804,S2-137901846,S2-227333460,S2-25056056,S2-278976022,S2-644142755
S1-924840109	S2-110110097,S2-602683603,S2-672741465
S1-648244328	S2-160503890,S2-749745324
S1-37187771	S2-232542371,S2-984799419,S2-99812197
S1-756257682	S2-184525448,S2-221298174
S1-905586497	S2-257465062,S2-544993362
S1-182826941	S2-461623009
S1-430338474	S2-472932748
S1-416820677	
S1-283685349	S3-939348324
S1-138396411	S2-543036074
S1-162551304	S2-326241150,S2-673826937,S3-258396036
S1-704197706	
S1-949184360	S2-387967930
S1-992932461	S2-197288357,S2-250318852,S2-493600029,S2-795187268,S3-206428718,S3-589716038,S3-629628545,S3-752490634
S1-199692780	S2-46746151
S1-910462832	S2-635821016
S1-334125164	S2-197373546,S2-282270846,S3-634073375
S1-55675855	S2-657234071
S1-655539970	S2-471620040
S1-767058419	S2-309982128
S1-972329925	
S1-270542494	S2-141238932
S1-199987039	S2-239020011
S1-384861092	S2-140667962,S2-141238932,S2-144292155,S2-954289213
S1-861621963	
S1-815997621	S2-1963327,S2-511445852,S2-821359315,S3-217452759
S1-158892744	
S1-884862158	S2-323998042
S1-780637204	S2-500293977
S1-444062227	
S1-111380193	S2-206579879,S2-549522617
S1-494770466	
S1-693770981	
S1-301030368	
S1-119170868	S2-303251495,S2-529610003,S2-677314315
S1-365475533	
S1-419929302	S2-18334676,S2-272351032,S2-340669521,S2-403476558,S2-454466628,S2-59604091,S2-604655437,S2-61732760,S2-713264333,S2-715228175,S2-71953493,S2-796163654,S2-836193174,S2-849330463,S2-881583430,S2-944567295,S2-95233511,S2-967923679
S1-995378838	
S1-529656399	S2-132741297,S2-169037041,S2-367870951,S2-405661531,S2-406563194,S2-424060577,S2-453894804,S2-491925669,S2-519644358,S2-526287565,S2-591742639,S2-711660940,S2-798145162,S2-890178948,S2-913706007,S2-921746636,S2-945695402,S3-479270701,S3-90497274
S1-192673878	
S1-8764161	
S1-977364599	S2-329084507
S1-508815823	S2-283217054,S2-287647663,S2-416065701,S2-612609637,S2-753435932,S2-928464334,S2-999498948
S1-118337101	S2-589522368,S3-126814460
S1-220247232	
S1-17339381	S2-10204223,S2-135506804,S2-137901846,S2-227333460,S2-25056056,S2-278976022,S2-37080803,S2-467695831,S2-589350155,S2-644142755,S2-675869947,S2-710233773,S2-730764311
S1-338410901	S2-876328951
S1-137374858	S2-529996902,S2-568752842
S1-497155472	S3-128507293
S1-278478027	S2-213410962,S2-257820483,S2-348920128,S2-402075700,S2-429891816,S2-533690074,S2-540565178,S2-557378551,S2-580173238,S2-624222622,S2-713264333,S2-731625869,S2-864706656,S3-324918634
S1-971983143	S2-928659767
S1-979964887	S2-324899967,S2-518131700
S1-616763550	
S1-313219985	S2-701776168
S1-787255287	S3-330106508,S3-648182086
S1-647658706	S2-105853349,S2-274506456,S2-672741465,S2-782553391,S2-836808903
S1-396779207	S2-15975240,S2-162385476,S2-232841079,S2-502078035,S2-503202602,S2-580853997,S2-758805626,S2-792642549,S2-845034300,S2-886055528
S1-81314470	S2-859131481
S1-705603372	S2-127622422,S2-137707160,S2-152523406,S2-175196958,S2-301402036,S2-311974636,S2-352068015,S2-489180375,S2-545123347,S2-748230329,S2-749003311,S2-766608172,S2-877613262,S2-880888575,S2-906808660
S1-505231899	S2-298058911,S2-914686248,S3-477067207,S3-900377191
S1-796914922	S2-183123103,S2-417697806
S1-121670485	
S1-854954412	
S1-321877886	
S1-316626845	S2-105604415,S2-286769384,S2-287916165,S2-543153660,S2-641006637,S2-683611654
S1-498987567	S2-790260531
S1-283478795	
S1-771130174	S2-280737949,S2-283217054,S2-367870951,S2-655035294,S2-659790455,S2-861455586,S2-928464334,S2-97357534
S1-384050302	S2-173571191,S2-210736653
S1-980227505	
S1-803035322	S2-111196433
S1-804534185	S2-216080834,S2-380115954,S2-396153724,S2-483899405,S2-558331942,S2-683905700,S2-756682640
S1-229627467	S2-748563681,S3-372271799,S3-550139124
S1-708969346	S2-161702886,S2-169851470,S2-466797071,S2-600555802,S2-687145852,S2-984082980,S3-357962131,S3-652921488
S1-662114745	
S1-403395550	S2-13682032,S2-234233670,S2-247738094,S2-251860012,S2-454012415,S2-461662527,S2-493642073,S2-51435294,S2-684682960,S2-711709039,S2-715729108,S2-787653819,S2-819219612,S2-829602188,S2-855700277,S2-913195122,S2-926387302,S2-991736902
S1-672445783	S2-216150699,S2-967165847
S1-902701804	S2-322554268,S2-336622791,S2-505910216,S2-551467333
S1-80486558	S2-15036591,S2-164454648,S2-404196250
S1-797699772	S2-265796796,S2-370495541,S2-409582462,S2-630940136,S3-117640554,S3-313550081
S1-319364566	
S1-136512898	S2-243284586,S2-300834874,S2-961267466
S1-353799923	S2-205237306,S2-236491699,S2-616510964,S3-359731247
S1-611186651	S3-386352440,S3-786889253,S3-815609138
S1-279446806	S2-19824248,S2-288387302,S2-635118810
S1-600793393	S2-110110097,S2-350602102,S2-390572031,S2-400962208
S1-916245688	S2-749836922
S1-43296348	
S1-98876495	
S1-750743297	
S1-144680242	S2-429147242
S1-469177694	S2-188368209,S2-241307632,S2-359879998,S2-480937386,S2-594150997,S2-609871399,S2-6436996
S1-292703509	
S1-231565842	S2-256393403,S2-269353941,S2-286365044
S1-387278254	S2-397479008,S2-504942147
S1-341837466	S2-724819316,S3-907489267
S1-618573412	S2-306828940,S2-547885576
S1-54420205	S2-25897434,S2-366682513,S2-455246433,S3-169097555,S3-361147505,S3-694460172,S3-998854084
S1-951183430	
S1-888448634	
S1-212032173	S2-57597737,S2-675551039,S3-249083539,S3-429449792
S1-289329870	S2-107240119
S1-817429923	S2-229523864
S1-926668259	S2-120420573,S2-132159133,S2-276986437,S2-578854348,S2-589399566,S2-599365223
S1-397140255	S2-439563267
S1-61706229	S2-834160585,S3-143373779
S1-873254460	S2-127586625,S2-178432826
S1-857609938	S2-250123709
S1-94288639	S2-166517213,S2-583423469,S2-814485576,S2-992508460
S1-601973042	S2-520089106
S1-848129893	S2-141114023
S1-510619005	
S1-205556070	S2-110110097,S2-388303250,S2-629679345,S2-638926005,S2-75676145,S2-988671674
S1-139961428	
S1-639624187	S2-101441417,S2-176948851,S2-441707435,S2-499478070,S2-794089833,S2-865530825,S2-984371129
S1-999770008	
S1-843554261	S2-129016142,S2-145558120,S2-160641880,S2-245454429,S2-273265532,S2-280262861,S2-480774512,S2-539018479,S2-554836741,S2-609057364,S2-645696905,S2-665098688,S2-992762158
S1-510394669	S2-102338153,S2-129819316,S2-141238932,S2-812871335,S2-839926650
S1-94643371	S2-456178413,S2-890142461
S1-207369509	S2-132741297,S2-169037041,S2-292459152,S2-367870951,S2-406563194,S2-424060577,S2-445788825,S2-453894804,S2-491925669,S2-519644358,S2-526287565,S2-576745524,S2-654898651,S2-711660940,S2-836193174,S2-890178948,S2-913706007,S2-921746636
S1-913359617	
S1-295699995	S2-438365066,S2-572509666,S2-57585327,S2-758805626,S2-809962692,S2-832151009,S2-843756665,S2-906190563,S2-998872605
S1-116714704	S2-945601900
S1-594835605	S2-134105395,S2-235397286
S1-967010440	S2-971516976
S1-631359163	
S1-432456861	S2-250097489,S2-817614379
S1-729795953	
S1-275807127	S2-328879576,S2-720822010
S1-744693247	S2-182520322,S2-23891468,S2-388772081,S2-545114359,S2-63599360,S2-975487351,S3-371782639
S1-272679307	
S1-54741905	S2-584071943
S1-402312204	S2-36512340,S2-488399663,S2-675062745,S2-682634418,S2-754352056
S1-239040445	
S1-586617412	S2-120433711,S2-242960548,S2-343176645,S2-844440381
S1-48042398	S2-969635136
S1-169519226	S2-742419876,S3-40847707,S3-436672189
S1-840284923	S3-656656797
S1-422578216	S2-110110097,S2-145829759,S2-507839076,S2-522232069,S2-563798918,S2-688289355,S2-697514180,S2-850461049,S2-900694322,S2-976140156
S1-621326937	S2-247393539
S1-689012189	S2-127425839,S2-188699106,S2-238848449,S2-262646344,S2-274721885,S2-278999460,S2-506155991,S2-554899730,S2-72650353,S2-849705833,S2-974838439,S2-98036361
S1-35628781	
S1-660662666	S2-279978505,S2-714306161,S2-72085020
S1-892440031	
S1-100559941	S2-971677605,S3-116000947
S1-625671392	S2-719103760
S1-590899209	
S1-254109927	S2-23416203,S2-936077695,S3-809134928
S1-312195197	
S1-672456867	S2-517622833,S2-525829413,S3-523706791
S1-280897772	S2-746823593
S1-853073688	S2-16199580,S3-177728529,S3-394565138
S1-349880030	S2-613043146
S1-913463340	S2-117981503,S2-195524443,S2-215853405,S2-259093522,S2-314290114,S2-37657659,S2-557343337,S3-409966458,S3-917123375
S1-319250263	S2-975843402
S1-656836770	S2-647811005
S1-708091996	
S1-565584575	S2-161721121,S2-179559110,S2-192122918,S2-216928439,S2-248520352,S2-288418160,S2-298772197,S2-37234169,S2-412993129,S2-440331623,S2-479228938,S2-48850026,S2-492737217,S2-495296744,S2-645303053,S2-813417513,S2-989712951
S1-561713507	S2-887222931
S1-236746325	S2-141238932
S1-545313647	S2-355900344,S2-544745755,S2-658263835
S1-107934072	S2-162650728,S2-174787159,S2-7204821,S3-918307879
S1-515533815	
S1-979938930	S2-114485123,S2-148539836,S2-149091099,S2-191396979,S2-249990516,S2-728701888,S2-746647966,S2-939298917
S1-433887168	S2-152218404,S2-507776525,S2-685825527,S2-771114220,S2-857897250
S1-578983822	
S1-80571105	S2-144394294,S3-393347018
S1-185790201	S2-529264821,S2-718538080,S2-864570664,S3-374445896,S3-656787662
S1-566540458	S2-135084647,S2-148443471,S2-185013334,S2-23497502,S2-283217054,S2-297283507,S2-34401046,S2-367870951,S2-392300892,S2-393810667,S2-404246274,S2-46491000,S2-569707049,S2-585275997,S2-648693678,S2-682718478,S2-696019604,S2-721306836,S2-741879952,S2-854140367,S2-879573885,S2-928464334,S2-968027173
S1-772112917	
S1-653664553	
S1-144964246	S2-188328692,S2-700214112,S2-848056387,S2-946906223,S2-955366090,S3-257269594,S3-895708684,S3-898062774
S1-932596570	S2-113879845
S1-931643626	S2-805662274
S1-940849754	S2-370715897,S2-419560770,S2-548880250
S1-869626749	S2-20798878,S2-218563880,S2-676368068
S1-613242703	S2-383538385,S2-597654812
S1-397861387	
S1-485102954	S2-153275752
S1-391263719	S2-317932177,S2-607034594,S2-655078052,S2-72388595,S3-637476348,S3-944904123
S1-525417001	S2-274777021,S2-470027713
S1-223059131	S2-139995709,S2-171968922,S2-204413257,S2-231656679,S2-350013887,S2-411407927,S2-455380104,S2-485375620,S2-541070559,S2-563399625,S2-698489713,S2-759430691,S2-763860422,S2-785729306,S2-85102661,S2-915020741,S2-921208766,S2-955255026
S1-474327244	S2-275359978,S2-348165607,S2-496713878,S2-615136687
S1-948912201	S2-814800185
S1-239414582	S2-237748099,S2-27333443,S2-307845654
S1-793656305	S2-632603822
S1-223226381	S2-152314462,S2-703902830,S2-999767914,S3-888398849
S1-272597688	
S1-717911044	S2-173571191
S1-377389469	
S1-445054267	S2-457272397,S2-742467777,S2-757837911,S2-85858120,S3-288285443,S3-439745501
S1-90810075	S2-453292713,S2-666210955,S2-763705330,S3-237018759,S3-638571745
S1-839446795	S2-111323888,S2-132741297,S2-168557846,S2-348920128,S2-414318892,S2-521708549,S2-533000846,S2-710869398
S1-887060779	S2-261210990
S1-220807644	S2-322554268,S2-336622791,S2-645925142
S1-525529357	S2-666903222,S2-757617820
S1-871733171	S2-145659624,S2-172118847,S2-734547168,S2-815679472
S1-131622546	S2-124349635
S1-561656470	S2-19250997
S1-938016124	S2-125539487,S2-134471437,S2-153306127,S2-156329975,S2-241587641,S2-292393822,S2-349782787,S2-385906219,S2-394313492,S2-462209155,S2-470324870,S2-503966344,S2-547534714,S2-556909433,S2-602985825,S2-613035716,S2-633169784,S2-638926005,S2-670347109,S2-716588220,S2-767912318,S2-793448448,S2-821529557,S2-824273314
S1-28776613	S2-262213786,S3-560278285
S1-587656352	S2-426898124,S3-150914287,S3-227166971
S1-784856932	S2-366950649,S2-418294933,S2-577064875,S2-58617808,S2-627033253,S2-659042194,S2-782203630,S2-867329535,S2-926511172,S2-961709929,S3-990396655
S1-9115681	S2-132966033,S2-228966843,S2-41460414,S3-848074352
S1-959970495	S2-305852603,S2-348447659,S2-416156477,S2-422596105,S2-798708531,S2-833414529
S1-583032127	S2-109747337,S2-112287031,S2-135484104,S2-161784204,S2-257990332,S2-652202457,S2-660795723
S1-971850426	S2-158109108,S2-181574987,S2-18436779,S2-215853405,S2-360309771,S2-868808009,S3-272562284,S3-723937680,S3-875418524
S1-790521318	S2-161450759,S2-211133725
S1-530652067	S2-505113675,S2-537457109,S2-682981808
S1-281577804	S2-109747337,S2-175110533,S2-391325501,S2-514162097,S2-891846221
S1-77867111	
S1-705563404	
S1-400212184	S2-108016829,S2-292057861
S1-797641464	S2-231425431,S2-234056336
S1-611494505	
S1-386632032	S2-311567982
S1-964959625	S2-10505196,S2-111850529,S2-143988715,S2-226723006,S2-290451243,S2-315733090,S2-352927079,S2-360635375,S2-367127368,S2-402328786,S2-437030169,S2-454483999,S2-58302318,S2-591482651,S2-59604091,S2-7184870,S2-758204346,S2-78478283,S2-800082778,S2-814744581,S2-845171084,S2-915410850
S1-244151874	S2-147266995,S2-255206378,S3-191254567
S1-184753944	S2-280161070,S2-297957442,S2-401205595,S2-515971101,S2-819100881
S1-314223426	
S1-547021470	S2-158455230
S1-625478543	S2-365772419,S2-367421312,S2-528350957,S3-591697
S1-110380405	S2-163925974,S2-263528180,S3-357812273
S1-309407790	S2-205355462,S2-554191489
S1-324535341	S2-577204741,S2-651901182,S2-789640805,S2-825393923,S2-99438370
S1-210951678	S2-853921142
S1-693773700	S2-348853266
S1-3931086	S2-101129621,S2-204523550,S2-465469295,S2-497455916,S3-793348177,S3-825938197
S1-116644692	S2-541583580,S2-657406768,S2-725524713,S2-729915788
S1-418681286	S2-494420285
S1-395216449	S3-117809082,S3-873311901
S1-969692297	
S1-106058458	S2-843753338
S1-536357910	S2-102849453,S2-145848304,S2-175447550
S1-474860754	S2-390201283,S2-493291617
S1-520423988	S2-144292155,S2-189851062,S2-735131532
S1-623915795	S2-420446203,S2-475209790,S2-617358748
S1-620010152	S2-119310635,S2-296104409,S2-301659968,S2-311009873,S2-353769894,S2-444614067,S2-679813434,S2-806381375,S2-815864211,S2-82434478,S2-868266996,S2-935662283
S1-100897434	
S1-278936782	S2-103992773,S2-198830105,S2-542711036,S2-672741465,S2-739699756
S1-654007483	
S1-552089124	S2-242901956,S2-725637357,S3-201465901
S1-8839488	
S1-546977246	S2-113558231
S1-122018139	S2-376690718,S2-408379768,S2-435977755,S2-455380104,S2-8335395,S2-90993540
S1-493084871	S2-162699732
S1-443779817	S2-132134404,S2-151429693,S2-163144320,S2-25059972,S2-414037284,S2-571490473,S2-797019461
S1-967316861	S2-880571302,S2-884906901,S3-719812155
S1-388748611	
S1-150365666	S2-100287528,S2-164885954,S2-474435815,S2-667429416,S2-735407031,S2-799710062
S1-887268926	
S1-341072338	S2-327154710,S2-453411861,S2-631036225,S2-72268535,S2-978533045
S1-22032843	S2-276949348
S1-304248535	S2-984962354,S3-774607811
S1-18535156	S2-537149706
S1-834364441	S2-130796133,S2-180320333,S2-213410962,S2-257820483,S2-348920128,S2-429891816,S2-432739518,S2-541984172,S2-580173238,S2-624222622,S2-713264333,S2-731625869
S1-646017281	S2-242507184,S2-451628528,S2-511401429,S2-961629741,S3-408461172,S3-970620255
S1-389884523	
S1-114494253	S2-11636644,S2-599098433,S2-749695338
S1-821783420	
S1-809295280	S2-623986922,S2-830198899
S1-423268484	S2-146028746,S2-160172676,S2-24936686,S2-527189278,S2-549573430,S2-753994456,S2-776053531,S2-791676120,S2-898048020
S1-823382531	S2-123243939,S2-21907891,S2-265573676,S2-381708555,S2-558799392,S2-581890388,S2-791580552
S1-963383531	S2-147703091,S3-183579760,S3-709352218
S1-249300551	S2-918057484
S1-968928915	S3-719539754,S3-973785577
S1-144773134	
S1-621743936	
S1-773017982	S2-172931439,S2-237383755,S2-411275632
S1-627535426	
S1-606754081	S2-131681286,S2-135243872,S2-148044138,S2-322817433,S2-356275615,S2-40181309,S2-505253624,S2-52887085,S2-587736152,S2-6254086,S2-844543335
S1-626398578	
S1-445049339	S2-421967188,S2-67426263
S1-512977268	S2-166986218,S2-170713670
S1-569075241	S2-139717695,S2-323448421,S2-58603250,S2-916785428
S1-95585474	S2-376252539
S1-870487318	
S1-723944074	
S1-157094128	S2-171165765,S2-339033881,S3-195617580,S3-593927617,S3-936091691
S1-827940519	S3-355165962
S1-102186049	S2-653935107,S2-719103760
S1-561983465	
S1-218477814	S2-651671642,S2-862533679
S1-835771729	S2-159174678,S2-194614647,S2-285483226
S1-849786048	S2-106552425,S2-168995229,S2-39368152,S2-441287907
S1-460205017	
S1-954686170	S2-422584264
S1-224703016	S2-41755348,S2-676390111
S1-570550851	
S1-61522952	S2-298236550
S1-472058848	S2-737183955
S1-49168638	S2-133190176,S2-208681805,S2-224225619,S2-759546698,S2-774370236
S1-815045201	S2-193912495
S1-537370589	S2-375723374
S1-323879580	S2-378184599,S3-280572439,S3-379010008,S3-457060990
S1-125863668	S2-580651946,S2-738024647
S1-295178690	S2-292152485,S2-35807191,S2-429190741
S1-58960971	S2-368724206
S1-146326736	S2-702263933,S2-924804198
S1-833859699	S2-100333269,S2-128937287,S2-133444067,S2-693009838,S3-113846049
S1-624190405	
S1-101639645	S2-156258768
S1-329225052	S2-109811495,S2-120258406,S2-201757491,S2-488530817,S2-985811956
S1-792960666	
S1-417324728	S2-227551446,S2-271632609,S2-309489707
S1-855921293	S2-453788007
S1-387025203	S2-147418901,S2-194471534,S2-207921533,S2-227582829,S2-238848449,S2-436288521,S2-98036361
S1-188405729	S3-219837312,S3-333164407
S1-304720617	S2-172768547,S2-253346535,S2-371879026
S1-861410915	
S1-489495432	S2-100922260,S2-410097822,S2-799931161,S3-746687069
S1-993725575	S2-1269819
S1-875821956	
S1-175207037	
S1-890706904	S2-527164643
S1-733420249	S2-180320333,S2-314290114,S2-335069828,S2-350013887,S2-418140224,S2-422634406,S2-432739518,S2-774969179,S2-894654993,S2-99438370
S1-974715983	S2-290176976,S2-311245897,S2-68719569
S1-682167293	S3-364796707,S3-733035381
S1-522410040	S2-110110097,S2-168671268,S2-176998529,S2-206427236,S2-227333460,S2-236079990,S2-54935976,S2-56674833,S2-638926005,S2-672741465,S2-739699756,S2-75676145,S2-952556671,S2-971438250
S1-608325195	S2-344956759,S2-370993112
S1-977783490	S2-678826254
S1-184077174	S2-123243939,S2-153306127,S2-171968922,S2-178000704,S2-180173321,S2-20798878,S2-609371890,S2-676368068,S2-765834139
S1-28319635	S2-998466167
S1-266026703	S2-647096892
S1-854513843	S2-103660956,S2-296970186
S1-276245329	S2-892345422
S1-184948295	S2-294009788,S2-339221873,S2-705086679
S1-878134473	
S1-898471677	S2-162699732,S2-463956146
S1-465550747	S2-13567627
S1-699895565	S2-115307278,S2-148724403,S2-226183737,S2-331918119,S2-367870951,S2-508572312,S2-576279923,S2-58991285,S2-629643613,S2-973890
S1-308606575	S2-252357577
S1-88212232	S2-39622267,S2-985451602
S1-524947947	S2-511346531,S2-514769026,S2-540995727,S2-926811412
S1-519693590	S2-103631596,S2-133990624,S2-983666998,S2-986784120
S1-323331156	S2-116651425,S2-163170245,S2-171968922,S2-550922002,S2-705713509,S3-114410098,S3-291881538,S3-602735984
S1-601576514	S2-107764256,S2-108499160,S2-143567399,S2-151458090,S2-737477303,S3-950483451
S1-896287477	S2-495395238,S2-844245337
S1-318768177	S2-253387437,S3-640220132,S3-799710445
S1-130482385	S2-104115704,S2-321133991,S2-363886218,S2-60750418,S2-645536003
S1-551674638	S2-332464610,S2-368544054
S1-840112070	
S1-535345810	S2-105902821,S2-117981503,S2-505815768,S2-591191259,S2-848758236,S3-250896381,S3-321324638
S1-263283707	
S1-366204436	S2-211155832,S2-42442212,S2-855126476,S2-893963189,S2-91224099,S2-958923733,S3-459682617,S3-82064014
S1-33910362	
S1-27174537	S2-190509962,S2-350907923,S3-238294977
S1-299290631	S2-341238274
S1-290682973	
S1-643352695	S2-110896127,S2-206180573,S2-233653894,S2-47340212,S2-489727808,S2-564582559,S2-5885468,S2-642426361,S2-655117994,S2-713843388,S2-737022644,S2-738149337,S2-870934219,S2-875143053
S1-834525567	S2-128720916,S2-203043125,S2-204543697,S2-221847200,S2-245141924,S2-307336233,S2-308994118,S2-314111676,S2-358979485,S2-430085677,S2-467799008,S2-581494969,S2-6033174,S2-616138475,S2-716971476,S2-719799340,S2-971584575
S1-501530802	S2-663507033
S1-193066717	S2-331970003,S2-335529928,S2-383538385,S2-505185832,S2-633888738,S2-732700346
S1-64262333	S2-606553458,S2-622177531,S2-664108852,S2-812162842,S2-970133950,S2-998362525
S1-827879405	S2-509225918
S1-986677017	S2-27882220
S1-195280703	S2-319917150,S2-781290609,S2-83775732
S1-240486699	S2-289356711
S1-158077379	
S1-298362412	S2-304215396,S2-365976753,S2-457873515,S2-480006522,S2-60326144,S2-604861794,S2-621225139,S2-62387769,S2-6860818,S2-845245229
S1-312512725	S2-10196020,S2-10207089,S2-111477512,S2-114487907,S2-115549703,S2-119049876,S2-121174316,S2-127324954,S2-1300150,S2-150504834,S2-174656056,S2-179945782,S2-187514254,S2-442169767
S1-26341058	S2-348580081
S1-789329713	S2-95174122
S1-22047221	
S1-570960219	S2-164541005,S2-415190622
S1-951308372	S2-840780079
S1-991909051	S3-387026404,S3-900407862
S1-145229828	S2-207604705,S2-326272937,S2-343865085,S2-384148362,S2-445947321,S2-616138475,S2-685555753,S2-710869398,S2-780298042
S1-228871442	S2-233978171
S1-541577615	S2-859011066
S1-988087649	S2-534763815,S2-82791830,S2-905466919,S3-909963805
S1-200573371	S2-174281676,S2-806890293,S3-543214163
S1-730534216	S2-239249677
S1-786857401	S2-3090328
S1-712162830	
S1-466908741	S2-276580898,S2-65049046,S2-8221671,S3-530170522
S1-416123988	S2-416841080
S1-307567613	S2-493347723
S1-76418652	S2-312561565,S2-461245402
S1-623573471	S2-137498573,S2-285556917,S2-354971231,S2-988352114
S1-297449293	S2-869053659
S1-334449216	S2-172141916,S3-291763045,S3-801377931
S1-628181732	S2-19194840,S2-606860240
S1-511579796	S2-660849600,S2-861728788
S1-553965982	S2-691935414,S2-975256350
S1-330881735	S2-496584439
S1-825997091	
S1-445138817	S2-579021124
S1-101819922	S2-148690270,S2-566727383,S2-839458135,S2-949425520,S3-443791283,S3-701172560
S1-842414527	S2-597052728
S1-17901194	S2-134167168,S2-13618730,S2-142630482,S2-723518664
S1-652835636	S2-218818465,S2-242517171,S2-325567269,S2-39057775
S1-27328911	S2-480610920
S1-774849441	S2-325074295,S2-665141083,S2-689188287
S1-4896176	S2-655110051
S1-269606805	
S1-128345879	S2-560019200,S3-879537227,S3-941575117
S1-446270407	S2-501211852,S2-969828247
S1-360391513	S2-153972808,S2-165421364,S2-278980653,S2-322522198,S2-333490404,S2-344687601,S2-354140931,S2-384876359,S2-421098835,S2-519939580,S2-572420514,S2-572737587,S2-577928949,S2-702021332,S2-744092910,S2-818236267
S1-548076237	
S1-80607341	S2-11089268,S2-383538385,S2-566203656
S1-256470137	S2-529130351
S1-531859994	
S1-482854525	S3-917165740
S1-201842545	
S1-716430033	S2-487102209
S1-538969745	S2-239563682,S2-241219936,S2-370957821,S2-543310171,S2-683038134,S2-851656801
S1-377572890	
S1-207496353	S2-404209596
S1-457520836	S2-143988715,S2-246445052,S2-261095518,S2-274721885,S2-307689980,S2-347918183,S2-37065200,S2-396046941,S2-453996934,S2-516539096,S2-526500567,S2-532892056,S2-570546898,S2-59604091,S2-654298869,S2-664663423,S2-695566970,S2-712833864,S2-713264333,S2-71953493,S2-742372011,S2-750179225,S2-801859057,S2-871923559,S2-878460826,S2-882630790,S2-936521386,S2-975631805
S1-972838933	S2-196961560,S2-20869901,S2-209243330,S2-285549357,S2-367870951,S2-509829201,S2-676901170
S1-876054052	S2-389704483,S2-776535917
S1-18990027	
S1-483947147	S2-573750677,S3-633025220
S1-400760893	S2-108643232,S2-247494501,S2-279084625,S2-984433786,S3-663886340,S3-894897992
S1-618465663	S2-20798878,S2-274721885,S2-301402036,S2-311974636,S2-363824206,S2-412246544,S2-471777989,S2-488445345,S2-493735561,S2-506155991,S2-554899730,S2-597020302,S2-683782176,S2-849705833,S2-869616664,S2-932561773
S1-61656646	S2-157883813,S2-209622054,S2-234605140,S2-328794803,S2-412254468,S2-627407495,S2-746673903,S2-790539300,S2-99269459
S1-123104353	
S1-652612209	S2-101042191
S1-15301131	S2-182040116,S2-562299673,S2-609136023,S2-854547150,S2-969595440
S1-291169676	S2-259783588,S2-294864158,S2-730645772,S2-83541142
S1-612318075	S2-49347108,S2-93227259,S2-977242674
S1-571171549	S2-10844142,S2-119369314,S2-147014078,S2-152000251,S2-154060838,S2-164454648,S2-16706628,S2-179124370,S2-20645450,S2-874074111
S1-672653283	S2-181251917,S2-375172525
S1-304897216	
S1-557113881	
S1-9436160	S2-110602720,S2-218619721,S2-284570733,S2-417626307,S2-527668553,S2-550279805,S2-554482361,S2-601792102,S2-630297971,S2-713079290,S2-787065572,S2-848146774,S2-991545286
S1-545321896	S2-108376478,S3-164215290
S1-672577896	S2-79526485,S2-869379702
S1-343552222	S2-525532031,S2-734918415
S1-633359139	
S1-398641009	
S1-976222540	S2-151958492,S2-163465167,S2-216983443,S2-349363614,S2-546058496,S2-546817226,S3-106236904,S3-325221834
S1-416401127	S2-688559663,S2-964606223
S1-361204632	S2-94090906
S1-982703254	
S1-135033061	S2-124520124,S2-161061110,S2-35497374,S2-775939463
S1-964618779	S2-136362764,S2-362541234,S2-696326718
S1-32343109	S2-608593200,S2-62829824
S1-9432156	
S1-646950062	S2-409548354
S1-271971040	
S1-574037530	S2-986494492,S3-275912148,S3-712121220
S1-300056072	S2-693866676
S1-656195938	S2-375992286,S2-496243403
S1-684529695	S2-875700620
S1-373253945	S2-102347779,S2-128094235,S2-165734434,S2-27866979,S2-527367932,S2-564727064
S1-574386834	S2-144125340,S2-183375375,S2-392113183
S1-601413247	S2-685451368,S2-876112318,S2-962426884
S1-924209018	
S1-134065488	S2-172754893,S2-398958052,S2-457664383,S2-863685655,S2-903975598,S2-944604918
S1-972648437	S2-330298828,S2-336074604,S2-390561860,S2-407160704,S2-436639368
S1-306516652	S2-480907652,S2-537345878,S2-585408071
S1-295261461	S2-32191407,S3-409336923,S3-583333911,S3-634087602
S1-787516759	S2-116754726
S1-893501608	
S1-858090632	S3-240588806
S1-515756618	S2-326590840
S1-901870264	S2-191481826,S2-215194266,S2-273602723,S2-350216748,S2-369952160,S2-399597228,S2-521485245,S2-536110477,S2-692712904
S1-562226373	
S1-775585689	S2-852387629,S3-293979210
S1-630529342	S2-216786406,S2-23737194,S2-274520826,S2-592165828,S2-894188850,S3-511109241
S1-812506264	
S1-26583335	
S1-275440387	S2-54676177
S1-933547891	S2-378255207,S2-404170805,S2-498882740,S2-767482906
S1-929506556	S2-129027407
S1-659724947	S2-201779054
S1-81549202	S2-261971397
S1-874288399	S2-120922404
S1-796510866	S2-214730447
S1-433218068	S2-976417056
S1-737251590	S2-246378527,S2-726407123
S1-619607055	S2-159566207
S1-78965932	S2-132741297,S2-170054697,S2-198581484,S2-297283507,S2-367703621,S2-426531677,S2-427785200,S2-441813094,S2-476882556,S2-48051451,S2-54070460,S2-556868318,S2-62343933,S2-633442633,S2-696019604,S2-725271718,S2-743206403,S2-782958098,S2-791580552,S2-843438632
S1-913102466	S2-820393570
S1-974100085	
S1-820965839	S2-720023080,S2-739905611,S3-4003986,S3-576244899,S3-969640996
S1-206524236	S2-141238932
S1-463776677	S2-203043125,S2-204543697,S2-221847200,S2-307336233,S2-314111676,S2-430085677,S2-581494969,S2-6033174,S2-616138475,S2-702914850,S2-716971476,S2-719799340,S2-971584575
S1-986762816	S2-117981503,S2-215853405,S2-259093522,S2-314290114,S3-577735983,S3-644161360
S1-459468808	S2-129016142,S2-160641880,S2-222194826,S2-273265532,S2-317920508,S2-375666767
S1-349964727	S2-18598187
S1-979499805	
S1-724437303	S2-1777220,S2-830380139,S3-854934854,S3-879381587,S3-914493075
S1-615363988	S2-356235629,S2-376751098,S2-402786736,S2-429270930,S2-432586978,S2-480483788,S2-806392216,S2-929519887
S1-684208113	
S1-801380047	S2-670060494,S2-918434017,S2-973002964
S1-511102624	S2-334545377
S1-720688531	
S1-756004955	S2-40882517
S1-666278165	S2-110055557
S1-666571162	S2-579241785,S2-664243697
S1-54296194	S2-778669959
S1-565756762	S2-415804797
S1-553640250	S2-157520774
S1-309553368	S2-140145107,S2-346328606,S2-597052728,S2-642794477
S1-141020972	S2-229738930,S2-459197641,S2-943899972
S1-358639823	S2-313422054,S2-376517716,S2-38276365
S1-143713318	S2-562298838,S2-853530524,S2-885920551,S2-942803258,S3-357523262,S3-959570404
S1-534082963	S2-161919331
S1-477473377	S2-239833500,S2-313643184,S2-347221894
S1-992327757	S2-119962883,S2-158446309,S2-167821392,S2-211494042,S2-259102833,S2-314111676,S2-453996934,S2-506736866,S2-659542988,S2-711722861,S2-953827909,S2-968981444
S1-871204465	S2-100262680,S2-102719223,S2-151497011,S2-226485857,S2-325130736,S2-415507300,S2-626617799,S2-68607233,S2-736774235,S2-835681531,S2-895604923,S2-932567028
S1-781757601	S2-28543311,S2-520195787,S2-603685273
S1-683401026	S2-293347730,S2-433511469,S2-46658258,S2-683995693,S2-860191708,S2-933769785,S3-863360007
S1-493296382	S2-106596537,S2-149413434,S2-249063279,S2-517210559,S2-835207551
S1-468920238	
S1-725842069	S2-248391262
S1-702747610	S2-101057142,S2-758952398,S2-765709129,S2-769837846,S2-799431008
S1-954748968	S2-593387856,S2-605036349,S2-803731010,S3-750916875
S1-336001330	S2-356459142
S1-66686949	S2-244393494,S2-414577455,S2-473608455,S3-614289636
S1-600909980	S2-123243939,S2-135484104,S2-257990332,S2-676131215,S2-676368068,S2-68063245
S1-290690797	S2-2027263,S2-53553272,S2-83617378,S2-855451963
S1-475297048	
S1-952237901	S2-857317344,S2-913067880,S3-395757918
S1-191773418	S2-124588767,S2-298992427,S2-947661550,S2-97703232,S2-998111618
S1-887231299	S2-162217194,S2-638499900,S2-656366865,S2-763716133
S1-203534997	S2-245969844
S1-814598942	S2-137426526,S2-145690512,S2-159858620,S2-198202218,S2-222469551,S2-225283047,S2-228060538,S2-23318984,S2-244132792,S2-267584584,S2-275136732,S2-316071630,S2-471288814,S2-618242812,S2-724501881,S2-819373836,S2-852298556,S2-855193012,S2-858218012,S2-988205841
S1-460171647	S2-257532709,S2-475951531,S2-783739560,S2-828020812,S3-564094130
S1-751233896	S2-917368695
S1-176417432	S2-504733498,S2-984705543
S1-990800229	S2-454092850
S1-877191383	S2-585135912,S2-742031620,S2-759355073
S1-780920673	S2-221726313,S2-290114593,S2-428317486,S2-798865827,S2-923247863,S3-725753495
S1-475383857	S2-441727217,S2-995933742,S3-167468275
S1-945635215	S2-327785988
S1-985868749	S2-153275752,S2-175174881,S2-233564659,S2-303995574,S2-324675929,S2-440182093,S2-465643055,S2-75328302,S2-980369629
S1-456966874	S2-469405934,S2-709015259
S1-644418417	S2-120323672,S2-132741297,S2-180845265,S2-198581484,S2-258265243,S2-311176703,S2-335122263,S2-352778464,S2-423000730,S2-427785200,S2-441813094,S2-476882556,S2-479068086,S2-573848201,S2-596503094,S2-620682641,S2-623567631,S2-660792558,S2-696019604,S2-76461859,S2-791580552,S2-813718745,S2-836922979,S2-886484824
S1-578195707	S2-173458566,S2-220305435,S3-470130814,S3-67283750
S1-821372479	
S1-54366319	S2-219230797
S1-898911000	S2-193151395
S1-931367248	
S1-754202437	S2-478303545,S2-813318710
S1-820627896	S2-149426809,S2-236890285,S2-291952798,S2-395764812,S2-493497434,S2-629127352,S2-887903516
S1-755252550	S2-335529928,S2-597654812
S1-381237857	S2-300214149,S2-465085645,S2-652793414,S3-21834771,S3-659165045,S3-933728657,S3-951570363
S1-748925867	S2-167715643,S2-798598333
S1-517214676	
S1-757099749	
S1-539994201	S2-146193186,S2-311974636,S2-402379517,S2-613389959,S2-902864222
S1-207605046	S2-125169893
S1-504311943	
S1-936756916	S2-135743632,S2-298992427,S2-50023366,S2-730757858
S1-759543027	
S1-33658399	S2-854413833
S1-370569381	S3-376661008,S3-953165818
S1-287220307	
S1-171098288	S2-154165045,S2-207791381,S2-271225344,S2-274721885,S2-368708876,S2-406934249,S2-455200410,S2-485602282,S2-71953493,S2-789640805,S2-920587005,S2-98036361,S2-995416312,S2-999377393
S1-865528756	S2-158681675,S2-305100591,S2-429891816,S2-48142512,S2-530243272,S2-614652660,S2-898340782
S1-810956566	S2-344929476,S2-389154734,S2-639151262,S2-702321901
S1-114389891	S2-140626565,S2-859845120
S1-777198956	
S1-401904160	
S1-620248710	S2-969177879
S1-405543619	S2-38276365
S1-699674629	
S1-569725243	S2-22776854
S1-672791511	S2-232628329,S2-284231796,S2-407129150,S2-731381882
S1-498238794	S2-400899906,S2-635439692
S1-734373273	S2-100262680,S2-102719223,S2-151497011,S2-325130736,S2-415507300,S2-572522103,S2-626617799,S2-68607233,S2-736774235,S2-779143947,S2-835681531,S2-895604923,S2-932567028
S1-561455183	
S1-315922257	
S1-245125898	S2-107557903,S2-50985466,S2-598130483
S1-871323782	S2-284231796,S2-552793715
S1-524921862	S2-493807091
S1-932388302	S2-292066938,S2-342411481,S2-726893747
S1-490136479	S2-954941109,S3-421914271,S3-615473087
S1-635021277	S2-627682672
S1-492200010	S2-146095746,S2-40735175,S2-577972157,S2-666040187,S2-777302972,S2-796340255,S2-862961469,S3-886461930
S1-707898770	S2-17052575,S2-585918330,S2-624976742,S2-65702873,S2-72650353,S2-757303339,S2-800542765,S2-953295968
S1-165616390	
S1-525697902	S2-325359784,S2-581614678,S2-702010420,S2-845452005,S3-51808742
S1-677277675	S2-141114023,S2-160392514,S2-790721932
S1-262803795	
S1-434307548	S2-498517706,S3-317040346,S3-864122104
S1-700816828	S2-342168298,S2-349787335,S2-467970417,S2-52545766
S1-958280097	
S1-958426491	
S1-83379425	S2-190404911,S2-706116333,S2-906794282
S1-665029982	
S1-665561316	S2-252609435,S2-954111101,S3-841047790,S3-95707343
S1-73266149	
S1-595450886	
S1-532559322	S2-188159800
S1-989490225	S2-782904826
S1-86473538	S2-483444281
S1-487983953	S2-505330869
S1-528658891	S2-241096762
S1-199696417	
S1-839060882	
S1-783498394	S2-111777007,S2-125209600,S2-135243872,S2-164531605,S2-212302559,S2-213617262,S2-245011960,S2-481730717,S2-521485245,S2-56332059,S2-563887869,S2-573152653,S2-625299658,S2-641203198,S2-649106539,S2-652589950,S2-659080943,S2-821529557,S2-862900914
S1-906300413	S2-137175898,S2-238848449,S2-926098072,S2-932883950
S1-177522997	S2-162699199,S2-23534061,S2-328714665,S2-497164613,S2-995877304,S3-120829846,S3-511567586,S3-630038103,S3-835039919
S1-747199279	S2-278642532,S2-696397498,S2-922098750,S3-297466184,S3-331158417,S3-442712897,S3-560915775,S3-577936124,S3-818683204,S3-844903159,S3-884280871
S1-720144600	S2-108794631,S2-121855952,S2-724101442,S2-736457117,S2-758220936
S1-879349665	S2-548880250
S1-531935920	
S1-543722551	S2-347405086,S2-813722708,S3-754079365
S1-36827470	S2-842032382
S1-631692696	
S1-921219340	
S1-717954903	S2-160424028
S1-327201326	S2-102173842,S2-689347736,S2-873829345
S1-84313892	
S1-201589786	S2-433063720,S2-472323195,S2-485375620,S2-509732333,S2-563798918,S2-643692461,S2-676901170,S2-746117804,S2-823423975,S2-962866088
S1-105157580	S2-662221194,S2-79866430
S1-340048641	S2-111047514,S2-716290526
S1-754793030	
S1-428129299	S2-157104573
S1-693320997	S2-218127360,S2-238488191,S2-835950702
S1-299218591	S2-100678539,S2-915743971
S1-313769847	S2-574264981,S2-618936980,S2-629372634,S2-904494371,S2-91728976,S3-818829850
S1-581133105	S2-675955548
S1-276942364	S2-255716908,S2-263838181,S2-297133466,S2-446315212,S2-45308003,S2-457456227,S2-464881130,S2-488051651,S2-573013479,S2-6110033,S2-641757866,S2-705585429,S2-716393519,S2-77530396,S2-833117363,S2-878037834,S2-992721620
S1-578105406	S3-276761118
S1-977391003	
S1-245900925	S2-997583588
S1-451354794	
S1-878067865	S2-447843397,S2-644341250,S3-127669638,S3-432086255
S1-771692482	S2-556126445,S2-5808674,S2-996464818
S1-570702581	S2-111323888,S2-24936686,S2-729593635,S2-869919762
S1-354159326	S2-270013748,S2-389856903,S2-51935348,S2-543310171,S2-74997038
S1-934500848	
S1-866705481	S2-700195651,S2-939202117
S1-261029096	S2-11737014,S2-128720916,S2-147032337,S2-158446309,S2-315482057,S2-346969873,S2-378956072,S2-41328777,S2-715618374
S1-229872103	S2-170054697,S2-262646344,S2-315733090,S2-367703621,S2-373539812,S2-38978224,S2-426531677,S2-439885200,S2-600300179,S2-767912318,S2-782958098,S2-906190563
S1-565080820	
S1-972147487	S2-256875574
S1-191234816	S2-466074208,S2-470323151,S2-55400951,S2-646638929,S2-674547025,S2-733051533,S2-805712655,S2-962758688,S3-446286706,S3-538074634,S3-704281829
S1-161141803	S2-930292764,S2-984443212
S1-793811432	S2-629741190
S1-672103505	S2-20798878,S2-616623402,S2-676368068
S1-984490436	S2-129435056,S2-877443712
S1-355069513	
S1-400442702	
S1-276804213	S2-304242686,S2-472042401
S1-151025271	S3-463420721,S3-473527691,S3-830066086
S1-782337234	S2-247085744,S2-276437568
S1-543210716	S2-406848697,S2-486989586,S3-846941744
S1-929601844	S2-46254551,S2-643906460
S1-274436728	S2-446658934,S2-955296568
S1-439554708	
S1-817548736	S2-13682032,S2-153275752,S2-20869901,S2-234233670,S2-247738094,S2-251860012,S2-399569338,S2-461662527,S2-51435294,S2-595279885,S2-684682960,S2-711709039,S2-715729108,S2-787653819,S2-816390814,S2-819219612,S2-829602188,S2-855700277,S2-876889991,S2-886484824,S2-913195122,S2-926387302,S2-991736902
S1-150287637	
S1-731044181	S2-504837702,S2-554191489
S1-822774741	S2-656267852,S2-968913892,S3-241892429,S3-319005193,S3-863135784,S3-890520163
S1-361599216	S2-114502904,S2-117931855,S2-197185269,S2-296104409,S2-935662283
S1-775610001	S2-309471861,S2-616167949
S1-766564913	S2-592908149,S2-710607047,S2-760404875
S1-549471501	S2-233564659,S2-303995574,S2-311510180,S2-398054447,S2-50100978,S2-68785449,S2-699632119,S2-84097685,S2-868266996
S1-212035723	S2-147170539,S2-561801568,S3-185292430,S3-334635856
S1-738724478	
S1-565490118	S2-144524297,S2-973565416
S1-352587960	S2-212288986
S1-880992972	S2-276197734,S2-672097356
S1-126855509	S2-256380247
S1-595832241	
S1-143766834	S2-176342522
S1-842022304	S2-71640972
S1-387628585	
S1-957589085	S2-417443255,S2-842093623,S3-3353402
S1-276307250	S2-550036983,S2-916443895
S1-18602285	S2-178803565,S2-435777191,S2-548098266,S2-679809642,S2-715681564,S2-932883950,S2-98036361
S1-367959075	S2-309472373,S2-627535013,S2-641003219,S2-699739604,S2-728745374,S3-40796460
S1-25739689	
S1-85364847	
S1-611397964	S2-322215254,S2-507612265
S1-635516922	S2-600541439
S1-358105252	S2-13072938,S2-20869901,S2-220733207,S2-225590910,S2-236685517,S2-247738094,S2-399569338,S2-444287554,S2-452245743,S2-482075294,S2-496644700,S2-513891007,S2-571936974,S2-602104513,S2-61011233,S2-613435235,S2-631766640,S2-704784114,S2-712408237,S2-790145633,S2-790883248,S2-795638586,S2-850756799,S2-864416528
S1-942551171	S2-936251011,S3-388720294,S3-455590953
S1-908605586	S3-27482085,S3-579190304
S1-461769524	S2-527012256
S1-203815310	
S1-138299062	S2-886419469,S3-976154314
S1-226273633	S2-109748077
S1-168555254	S2-108310185,S2-473478607
S1-354584097	S2-181519781,S2-292604862,S2-491170653,S2-531666671,S2-901892969
S1-934043010	
S1-84998079	
S1-424557906	
S1-488551561	
S1-731721138	S2-132741297,S2-132805742,S2-185013334,S2-188368209,S2-21408727,S2-240440098,S2-281448755,S2-311176703,S2-352778464,S2-359879998,S2-427785200,S2-441813094,S2-476882556,S2-696019604,S2-70029685,S2-725271718,S2-72585962,S2-791580552,S2-843438632,S2-869919762,S2-893700456,S2-90300054,S2-933808654
S1-201577352	S2-411909328,S2-660672528
S1-765635423	
S1-899948712	S2-323331518,S2-945312951
S1-236185281	S2-208564107,S2-326418288,S2-560648295,S2-959292997
S1-127758889	S2-113028239
S1-224792463	S2-290481152
S1-140510120	S2-500293977
S1-658090711	S3-313691785,S3-749743652
S1-406046827	
S1-965520197	S2-721336700
S1-390023189	
S1-592730731	S2-185013334,S2-283217054,S2-305100591,S2-367870951,S2-416065701,S2-509829201,S2-576745524,S2-621225139,S2-657179901,S2-681016446,S2-928464334
S1-151583712	S2-121889631,S2-300301239,S2-631088052
S1-958359762	S2-107557903
S1-502799064	S2-168546100,S2-227174981
S1-26635653	S2-462183999
S1-9710670	S2-123660000,S2-125782530,S2-201805072,S2-342016797,S2-374323702,S2-666504574,S2-764179503,S2-823250558
S1-389348663	S3-756138914
S1-7476877	S2-349203608
S1-606617319	S2-173571191
S1-76088178	S2-102002062,S2-167821392,S2-215380273,S2-250829551,S2-346969873,S2-494688754,S2-50100978,S2-556607509,S2-577836889,S2-588668098,S2-697731403,S2-727187278,S2-751489058,S2-758167460,S2-798823761,S2-863913658,S2-881540912,S2-993285334
S1-594764079	S2-137115049,S2-17028340,S2-195180262,S2-211320575,S2-261059030,S2-380471127,S2-473220014,S2-651267365,S2-67415585,S2-734060241,S2-928875345,S2-945695402,S2-963171158
S1-259172941	
S1-824617286	S2-133681058,S2-141830833,S2-302217148,S2-343820766,S2-366202699,S2-369395301,S2-422932873,S2-442288690,S2-474956939,S2-85146699,S2-917448192,S2-921594383,S2-985406259,S2-988425487
S1-878021664	S2-733843440,S2-737820638
S1-62217757	S2-953493960
S1-847097665	S2-289175516
S1-164923247	S2-163933646,S3-203596501,S3-213775088,S3-275153389,S3-463773092,S3-619528388
S1-944549554	S2-628540431,S2-850401284
S1-128288991	S2-326700531
S1-147241816	S2-156292022
S1-887304728	S2-369303437
S1-859169389	S2-24051814,S2-676593745
S1-292999318	S2-111438775,S2-132486627,S2-164531605,S2-175110533,S2-204413257,S2-257820483,S2-292493670,S2-294998398,S2-311792054,S2-518088642,S2-563887869,S2-695566970,S2-713264333,S2-864706656
S1-153207237	S3-921599903
S1-532967605	S2-105348156,S2-239249677,S2-394322842
S1-319256668	S2-156254050,S2-167672916,S2-222859726,S2-258010033,S2-373638144,S2-846614802,S3-741298689
S1-139372519	S2-208844351,S2-256210765,S2-385906219
S1-616908093	S2-175042336
S1-1061685	S2-239923848
S1-680362689	S2-132741297,S2-230793486,S2-258515598,S2-26197297,S2-311176703,S2-352778464,S2-407041857,S2-427785200,S2-441813094,S2-476882556,S2-491873020,S2-628890875,S2-660795723,S2-679498610,S2-696019604,S2-780223595,S2-791580552,S2-843438632,S2-896481229,S2-939491531
S1-961945355	S2-108810057
S1-858030780	S2-123290955,S2-522562820,S2-529553843,S2-554757276,S2-616141852,S2-782382300,S3-551625275
S1-227219648	S2-103737875,S2-483457001
S1-293690295	S2-394467605,S2-638758008
S1-117216872	S2-154868460,S2-316619063,S2-654214983,S2-881995626
S1-964730831	
S1-806577663	S2-18092795,S2-243287682
S1-147842539	
S1-954983217	S3-530721671
S1-980838135	S2-180320333,S2-185013334,S2-342790091,S2-350013887,S2-395490690,S2-592097356,S2-622934393,S2-715228175,S2-892637813
S1-344013091	S2-139995709,S2-158670478,S2-16109829,S2-171968922,S2-365766391,S2-427249338,S2-718633247,S2-744852128,S2-839291526,S2-842656257
S1-658909434	S2-894061372,S2-989760995
S1-719702010	S2-726449516
S1-420115705	S2-386707015,S2-693424333,S2-84903126
S1-801846444	S2-106475708,S2-183256763,S2-230135357,S2-672222893,S3-31964649
S1-796966944	S2-132491947,S2-165582222,S2-595390147
S1-184984458	S2-110110097,S2-185381097
S1-105247033	S2-114102263,S2-12711181
S1-428988524	S2-409525053,S2-729713960,S3-215227015,S3-248490654,S3-549721887,S3-669350664,S3-687962134,S3-724371020
S1-400298705	S2-269998902,S2-415830971,S2-685555753,S2-740794337,S2-952403763
S1-969839525	
S1-767324254	S2-549794821,S3-167552219,S3-172055840,S3-337523451,S3-569546348
S1-825185379	S2-139793845
S1-50243752	S2-102002062,S2-213410962,S2-257820483,S2-259463679,S2-295154930,S2-348920128,S2-429891816,S2-52267194,S2-56853137,S2-580173238,S2-624222622,S2-687518664,S2-692708188,S2-713264333,S2-731625869,S2-781540838,S2-790370985
S1-274266477	S2-350512005,S2-657406768,S2-900169821,S2-977342387
S1-871677113	S2-115845816,S2-157212628,S2-176288563,S2-303460493,S2-332484745,S2-377889605,S2-508406586,S2-721250775,S2-768807565,S2-772573665,S2-921322053,S2-98070415
S1-312712586	
S1-227038231	
S1-195870068	S2-398499917
S1-864694587	S2-597633912
S1-313914585	
S1-766671436	
S1-101962900	S2-148539836,S2-177522705
S1-598698415	S2-13682032,S2-234233670,S2-247738094,S2-251860012,S2-271082339,S2-296749641,S2-369966392,S2-371602976,S2-374323702,S2-454012415,S2-461662527,S2-463604787,S2-493642073,S2-51435294,S2-586425830,S2-711709039,S2-715729108,S2-787653819,S2-790145633,S2-819219612,S2-829602188,S2-843930040,S2-855700277,S2-876889991,S2-913195122,S2-926387302,S2-991736902
S1-321942839	S2-153972808,S2-198474237,S2-30892219,S2-322522198,S2-333490404,S2-344687601,S2-384876359,S2-496509172,S2-572420514,S2-572737587,S2-699842983,S2-818236267,S2-838758022
S1-203271860	S2-556635555,S2-854685360,S2-892237831,S3-826230572
S1-314539588	S2-465659256,S2-592538733,S2-831648163,S3-677269289,S3-700486075
S1-108235344	S2-608310821
S1-90460152	S2-102002062,S2-135506804,S2-137901846,S2-227333460,S2-231999797,S2-25056056,S2-272351032,S2-278976022,S2-403476558,S2-43384829,S2-454466628,S2-516327595,S2-59604091,S2-713264333,S2-715228175,S2-720833267,S2-836193174,S2-849330463,S2-881583430,S2-967923679
S1-868373328	S3-971700640
S1-812296088	
S1-180767191	
S1-834900493	S2-499056066,S2-586611750,S2-610292184,S2-706292578,S3-346551667
S1-594214776	S2-189771042
S1-387498038	S2-65339098
S1-462412290	
S1-917024362	S2-356235629,S2-871472066
S1-560700616	S2-436169895,S2-602286066
S1-409728051	S3-21415311,S3-650300024,S3-700852044,S3-796073937
S1-718016225	
S1-728956560	S2-758167460,S2-857618455,S2-863913658,S2-868266996,S2-875103092,S2-88909454
S1-345143445	
S1-607166149	S2-315025793,S2-664689223,S2-682939593,S2-974838439,S2-975502236
S1-62588912	S2-356599854,S3-12387532,S3-182170832,S3-255500354,S3-292028839,S3-375357482,S3-390028202,S3-411056164,S3-637610259,S3-8614599
S1-68931843	S2-164702381,S2-31391723
S1-537792151	S2-23265533,S2-289789524,S2-689350491
S1-945611757	S2-869379702
S1-119303430	S2-161574446
S1-193498865	S2-690275089,S2-944804286
S1-243499578	S2-286056733,S2-347281970,S2-500293977
S1-894036306	S2-26105963,S2-54936470,S2-835588115
S1-345526341	S2-132741297,S2-132805742,S2-185013334,S2-211030013,S2-21907891,S2-230793486,S2-311176703,S2-352778464,S2-373593345,S2-412655838,S2-427785200,S2-441813094,S2-451116434,S2-476882556,S2-532797743,S2-596665801,S2-696019604,S2-725271718,S2-732243674,S2-744361323,S2-791580552,S2-838961009,S2-843438632,S2-856031019
S1-246688366	S3-331286969
S1-494420506	S2-16205429,S3-348642047,S3-437287288,S3-570818890,S3-594082347,S3-832110358,S3-980876019
S1-981111877	S2-897675739
S1-687121408	S2-145578823,S2-171127454,S2-203236357,S2-509717589
S1-616169476	S2-111857208,S2-123243939,S2-206761840,S2-23191178,S2-350057454,S2-559340447,S2-613035495,S2-785728936,S2-882749433,S2-894999566,S2-899944352,S2-907830929,S2-997753799,S3-85827187
S1-270538282	S2-571232685,S2-900643444,S2-973405019
S1-338136835	
S1-460668187	S2-111323888,S2-161614087,S2-210128326,S2-506155991,S2-533000846,S2-554899730,S2-597736363,S2-710869398,S2-72650353,S2-786237872,S2-974838439,S2-98036361
S1-249708203	S2-556784972
S1-767245156	S2-152132333,S2-213410962,S2-376616809
S1-938346621	S2-154239685,S2-4794145
S1-60860552	
S1-501669810	
S1-886641228	
S1-816508970	
S1-7074627	S2-128380601,S2-135244630,S2-138619040,S2-165053047,S2-182011570,S2-231967825,S2-234978973,S2-235325225,S2-27551164,S2-28380903,S2-295646726,S2-302118582,S2-302946592,S2-340095183,S2-422352349,S2-647059994
S1-972328749	
S1-285614131	S2-146981675
S1-72834693	S2-121272597,S2-123007061,S2-132512803,S2-171000366,S2-186626377,S2-207217799,S2-236096250,S2-256621857,S2-326046453,S2-329405096,S2-342304133,S2-403539323,S2-404142853,S2-485377927,S2-516203205,S2-51877109,S2-534796720,S2-574584543,S2-57864443,S2-597397985,S2-63082253,S2-639593498,S2-685480560,S2-703722492,S2-847933753,S2-907620830,S2-910325046,S2-914907346,S2-920233551,S2-984363671
S1-163491314	S2-185701839,S2-188921015,S2-371643997,S2-557333442,S2-835032896
S1-625105605	S2-135251670,S2-682093109,S3-460221636
S1-809539941	S2-529733868
S1-650443341	
S1-302515345	S2-101976538,S2-339021633,S2-953690964,S3-655742144
S1-589299918	
S1-526099771	S2-89894930
S1-957815349	S2-180320333,S2-236316484,S2-274767163,S2-350013887,S2-402075700,S2-543173344,S2-563887869,S2-61732760,S2-622934393,S2-623414578,S2-82693962,S2-849330463,S2-892637813,S2-956952534
S1-781013825	S2-280787811,S2-642931657,S2-976491441,S3-679764987,S3-949821048
S1-883081132	S2-387141524,S2-529610003,S2-589324650,S2-936572282
S1-645924934	S2-500683440,S2-578534702,S2-930628665
S1-694312759	S2-426018030,S2-648461228
S1-998267482	
S1-503080733	
S1-738605979	S2-127737294,S2-173628192,S2-188308359,S2-428853297,S2-508258359,S2-542833040,S2-545296166,S2-606656786,S2-63985677,S2-972745854
S1-615253686	S3-108760521,S3-140719814,S3-50095778
S1-799755576	S2-76167713
S1-884651822	S2-460359191
S1-520079990	
S1-936691659	S2-116478018,S2-184785306,S2-277348644,S2-313449051,S2-344335341,S2-417486883,S2-490443845,S2-576875117,S2-619864633,S2-6784802,S2-732984720,S2-773132337,S2-836980313,S2-994828422
S1-585323068	S2-409951694,S2-550545695,S2-637626915
S1-612578957	S2-112021113,S3-178894815,S3-260724013,S3-403352083
S1-439778447	S2-130800334,S2-274538037,S2-618371815,S3-571958259,S3-724260679
S1-655442428	S2-285700905
S1-518054237	S2-577857484
S1-653966048	S2-910189497
S1-105975825	S2-729106790,S2-877205386,S3-406538475
S1-30569693	S2-498283420,S2-706544454
S1-610417761	S2-110110097,S2-17029720,S2-176998529,S2-236079990,S2-274657814,S2-285505378,S2-29873481,S2-542711036,S2-54935976,S2-672741465,S2-739699756,S2-75676145,S2-952556671,S3-927032694
S1-213854643	
S1-265572251	S2-110050312,S2-251896010,S2-27701667
S1-484421805	
S1-847186076	
S1-894099948	S2-155546364,S2-244272910,S2-395662718,S2-52887085,S2-920587005
S1-506960762	
S1-528540995	S2-801433965
S1-332179110	S2-132741297,S2-134981464,S2-233928713,S2-433582789,S2-441692657,S2-445788825,S2-509829201,S2-517534561,S2-519644358,S2-526287565,S2-711660940,S2-890178948,S2-913706007,S2-921746636
S1-207726794	
S1-503983890	S2-106119694,S2-11399040,S2-164279996,S2-183734900,S2-883799231
S1-291421275	S2-984353916,S3-150796324,S3-318121337
S1-861034415	S2-3009295
S1-290950404	S2-115307278,S2-1959812,S2-196457580,S2-338638004,S2-38622610,S2-420814161,S2-448626177,S2-462673,S2-49655685,S2-618896197,S2-640639990,S2-663167823,S2-6830028,S2-716760017,S2-921322053,S2-926818630,S2-932489926
S1-984023821	S2-257452047
S1-244242882	S2-591846931,S3-523820579,S3-599535319,S3-630332064,S3-710998909,S3-880413867,S3-936051594
S1-215273988	S2-600049152,S2-770240901
S1-584077811	
S1-747127174	S2-135506804,S2-192407921,S2-227333460,S2-236079990,S2-258925491,S2-370919988,S2-547059865,S2-644142755
S1-806564703	
S1-261504277	S2-162041536,S2-183575225,S2-411407927,S2-5227653,S2-595815132,S2-952556671
S1-388257101	
S1-903659052	S2-49581446,S3-115847774,S3-273773222,S3-310325260,S3-473992084,S3-936150457
S1-506457060	S2-148387607,S2-18093122,S2-211907457,S2-319344179,S2-627408507,S2-730179419,S2-783008514,S2-908391938,S2-961662331,S2-962202353,S3-255536581,S3-566919108,S3-588427381,S3-63706188,S3-792960289,S3-90990596
S1-668617296	S3-200196087,S3-369030309,S3-818258931
S1-347041481	
S1-346600018	
S1-561452215	
S1-536137479	S2-145099015,S2-361132525,S2-43344635,S2-887216985,S3-214298743,S3-414485442
S1-967597096	S2-204135404
S1-448725729	
S1-316376610	S2-48197698
S1-884836844	S2-256206990,S3-701040012,S3-8614599
S1-514730817	S2-502703545
S1-88664082	S2-397868406
S1-832575972	S2-743238080,S3-199458935,S3-408043121
S1-242252918	S2-398086118,S2-656874047
S1-486297486	
S1-606632043	S2-108746053,S2-121118512,S2-190668810,S2-199304755,S2-330022531,S2-51749869,S2-601778357,S2-713079290,S2-792642549
S1-616777225	S2-185362074
S1-262869861	S2-452868626
S1-798067631	
S1-731120400	S2-130309662,S2-156552749,S2-480006522,S2-590931763,S2-635834020,S2-713870273,S2-795664994,S2-818945153
S1-566700910	S2-724330953
S1-89417798	S2-687449764,S2-718808763,S2-753912175
S1-428075120	S2-15975240,S2-185389152,S2-226661564,S2-229533367,S2-269722604,S2-288131153,S2-499252487,S2-580853997,S2-677587921,S2-67821195,S2-711722861,S2-734962632,S2-754469075
S1-734757381	S2-571107326,S2-62839864
S1-324498270	S2-107418013,S2-758795159
S1-352399946	S2-110518311,S2-131511793,S2-204543697,S2-21485322,S2-219225984,S2-238031115,S2-30563692,S2-314111676,S2-417213040,S2-46302793,S2-560829432,S2-678461440,S2-70112616,S2-716971476
S1-853386683	S2-10135307,S2-163610690,S2-192540920,S2-28161678,S2-282338309,S2-43010801,S2-466678634,S2-612918367,S2-639433605,S2-672991201,S2-683143898,S2-785126518,S2-787868104,S2-80106319,S2-967884960,S2-973843695
S1-33604489	S2-304854637,S2-495296744,S2-530247686,S2-556767245,S2-668316637
S1-273070650	
S1-989358956	
S1-832095856	S2-150253726
S1-458953413	
S1-152365295	S2-159899055,S2-207208550,S2-839200874,S2-857372450
S1-484675859	S2-267022413,S2-272192746,S2-78409800
S1-48348813	
S1-152452493	S2-331970003,S2-664020544
S1-882814633	S2-88948273
S1-302908797	S2-421269375,S2-475123231
S1-966001048	
S1-868125971	S2-545616266
S1-137452837	S2-844245337
S1-181930859	S2-134316311,S2-373280427
S1-652716926	
S1-370025695	S2-302802762
S1-29177421	
S1-799180442	S2-48336636
S1-75162451	S2-280847874
S1-195608628	
S1-566488603	S3-355319413,S3-424980074,S3-440622996,S3-825423134,S3-892204549
S1-983962397	S2-263287380,S2-404973333
S1-381368347	
S1-199222202	
S1-501646722	S2-29165633,S2-40808763
S1-660255483	S2-18270259,S2-191582096,S2-268957551,S2-317448632,S2-321587998,S2-353768919,S2-550285992,S2-738510994,S2-90619300,S2-933828791,S3-244264976,S3-535734662
S1-543112947	S2-229533367,S2-252582209,S2-326418288,S2-333544093,S2-356920100,S2-36796117,S2-427249338,S2-470144907,S2-553198683,S2-591482651,S2-615776721,S2-659189904,S2-96817546,S2-968421682
S1-263379924	
S1-838542233	
S1-438016854	
S1-893755394	S2-108984077,S2-210128326,S2-242899863,S2-257990332,S2-300385300,S2-383801919,S2-393776645,S2-402511904,S2-429047871,S2-515152170,S2-68785449,S2-709602418,S2-791497609
S1-213044048	S2-128603392,S2-389158857,S2-517012756,S2-559802598,S2-581224998,S2-667026740,S2-697206576,S2-704226412,S2-705685751,S2-746231603,S2-767941927,S2-854225701,S2-866058022,S2-897274751
S1-912466200	S2-29382278,S2-480486161
S1-835609396	S2-281611162,S2-291737812,S2-529927944
S1-329833334	S2-278966812,S2-525603051
S1-621923872	S2-334727590
S1-681231500	S2-149426809,S2-236890285,S2-395764812,S2-493497434,S2-629127352,S2-66714714,S2-887903516
S1-597380027	
S1-386672715	S2-336704166,S2-767441568
S1-647815909	S2-185013334,S2-201805072,S2-213410962,S2-348920128,S2-367870951,S2-429891816,S2-432739518,S2-541984172,S2-580173238,S2-713264333,S2-731625869,S2-928464334,S2-962866088,S2-973890
S1-194915000	S2-111954531,S2-286039330,S2-636553802,S2-700195651
S1-904611805	S2-119562010,S2-295464329,S2-369120313,S2-47440433,S2-494334573,S2-571610271,S2-659542988,S2-771081348,S2-919675684,S2-964463489
S1-789974837	
S1-235542592	S2-636152993,S2-785767685,S2-920747674,S3-356123917,S3-489893380,S3-668134332,S3-740389319
S1-753162385	S2-180070025,S2-192205825,S2-294998398,S2-365357567,S2-384403697,S2-396661958,S2-422634406,S2-432739518,S2-44419154,S2-495837003,S2-59604091,S2-712062367,S2-813841226
S1-282519970	
S1-260359811	S2-989161361
S1-972863352	S2-10421978,S2-108959386,S2-111883433,S2-113837837,S2-136758657,S2-13695255,S2-137159561,S2-148469090,S2-152525427,S2-590519109,S2-752369607
S1-207701787	S2-814800185
S1-249826594	
S1-452370815	S2-139254326,S2-141873725,S3-155739115,S3-650651810,S3-776493748,S3-99805708
S1-40017900	S2-129404989,S2-145030081,S2-273920005,S2-707181861,S2-736219122
S1-645282503	S2-172925789,S2-21049682,S2-440709924,S3-879033706
S1-947828974	S2-170654571,S2-563465104,S2-684220454,S2-987130402,S3-863903104
S1-29256552	S3-760386233
S1-629135150	S2-236673865,S2-330344696,S2-933820602
S1-149548357	S2-487785572
S1-861535329	S2-920346001
S1-644961703	S2-967851250
S1-789950452	
S1-232979736	S2-22462281
S1-578765674	S2-208598961,S2-717131797,S2-887383621,S3-10101748,S3-312397777,S3-741235856,S3-83107746
S1-837487059	S2-140387819,S3-809225642
S1-654486422	S2-117295142,S2-19984557,S2-260794285,S2-268738900,S2-365976753,S2-435860715,S2-496485419,S2-621225139,S2-6860818,S2-773972557,S2-861004213,S2-994731084
S1-630388008	S2-221181207,S2-553231431
S1-149493537	S2-577793851
S1-800803330	S2-656444296
S1-509819452	S2-233456413,S2-668783555,S2-861203894,S2-949828179,S3-271901983
S1-954405111	S2-295906394
S1-269124821	
S1-106941148	S2-190677499,S2-623866168
S1-969426414	S2-192462254
S1-30488057	S3-828545300
S1-603853354	S2-655288392,S2-798122362,S2-87521608,S2-982686760,S3-810257173,S3-909569411
S1-387867383	S2-178783529,S2-462161898,S3-823164324
S1-45874017	S2-10277006,S2-58613763,S2-678057326,S2-725188922,S2-853958866,S2-915740020
S1-843142354	
S1-887389878	
S1-394524206	S2-121400672,S2-373763179,S3-313801718,S3-526179679
S1-73870849	S2-432739518
S1-360389411	S2-218966077,S2-260691449,S2-267134773,S2-318340543,S2-324408659,S2-342016797,S2-347970292,S2-612716637
S1-997054700	S2-123243939,S2-765834139,S2-767912318,S2-767936647,S2-812783875,S2-883799231
S1-752088058	S2-310917197
S1-381517629	
S1-548806001	S2-249859381,S2-975004996,S3-379855484,S3-566994936
S1-411913157	S2-111637381,S2-16442072,S2-291842428,S2-308572120,S2-45041964,S2-602691745,S2-723183162,S2-819516873,S2-915591197,S2-963261487
S1-844343235	S2-190404911,S2-216928439,S2-22079885,S2-315733090,S2-415673284,S2-418943034,S2-439885200,S2-57221314,S2-617186571,S2-749900465,S2-814744581,S2-824377997,S2-906794282
S1-904154793	
S1-935996580	S2-299027150
S1-370228771	S2-175312192,S2-278090137,S2-279426641,S2-328794803,S2-337370583,S2-358808003,S2-36493182,S2-601208369,S2-606131935,S2-617381385,S2-746673903,S2-788110714,S2-835682945,S2-99269459
S1-31396737	S2-202312555,S2-215380273,S2-237128865,S2-256425559,S2-307076135,S2-333544093,S2-431698129,S2-498396164,S2-681038146,S2-70669716,S2-781933568,S2-812310431,S2-821666773,S2-853027522
S1-482534229	S2-273770653,S2-529496960,S3-29034968,S3-632758175,S3-708491072,S3-857740411,S3-866786428
S1-820268321	S2-145828209,S2-327895743
S1-641743540	S2-258265243,S2-281224093,S2-776419506,S2-813718745,S2-876034989,S2-886484824,S2-943105432
S1-663566990	S2-134318524,S2-185013334,S2-342790091,S2-367870951,S2-376616809,S2-403476558,S2-443677278,S2-717201533
S1-557517141	S2-181603925
S1-525338418	S2-22598263,S2-26400645,S2-672913991
S1-301542266	S2-275958854,S2-28137005,S2-43009798,S2-816439209
S1-341474464	S2-224941146,S2-310203673
S1-117584998	S2-520521202
S1-716533691	S2-199845533
S1-254542316	S2-143780233,S2-332330666,S2-37065200,S2-573848201
S1-514574374	
S1-574890757	
S1-652192238	
S1-216144126	S2-344678640
S1-941007036	S2-277433793,S2-476567872,S2-939764847
S1-883979688	
S1-83196111	S2-711289942
S1-595750457	
S1-531484241	S2-25809655,S2-312209940
S1-104767232	S2-129234661,S2-129435315,S2-152132333,S2-24936686,S2-29679343,S2-356235629,S2-376013065,S2-549573430,S2-898048020,S2-98176700
S1-809106191	S2-258986219
S1-258850703	S2-996254797
S1-737240408	S2-121118512,S2-857883407
S1-776766139	S2-50247137
S1-707715160	
S1-139562945	S2-105239990
S1-204083341	S2-198135409
S1-256176084	S2-213011130,S2-244758373,S3-517449731
S1-952689685	S2-614129032,S3-347891631
S1-610611696	S2-493439793,S2-506673223,S3-305263938
S1-603413812	S2-175324424,S2-215290080,S2-31121465
S1-460721139	S2-487785572
S1-934530127	S2-307331558
S1-337360484	S2-10816742,S2-175689174,S2-204190136,S2-388330300,S2-485112877,S2-539389030,S2-64233466,S3-124726752,S3-741595320,S3-891162517
S1-859762607	S2-858549926,S2-942366364
S1-798867118	S3-516054005
S1-415574004	
S1-681455472	S2-114412868,S2-430387936
S1-688199693	S2-143484737,S2-194065890
S1-993752976	S2-224100536,S2-805328552
S1-252195050	S2-18010980,S2-333544093,S2-431698129,S2-462220154,S2-591482651,S2-659189904,S2-731908299,S2-772132673,S2-834748243,S2-968421682,S3-125427401,S3-660677824
S1-936759257	
S1-643026199	S2-123243939,S2-135484104,S2-153306127,S2-194651764,S2-359096081,S2-443392495,S2-470324870,S2-652580617,S2-702462150,S2-765834139,S2-811449599,S2-818944319,S2-86917411
S1-876061583	S2-243350640,S2-283217054,S2-367870951,S2-472323195,S2-485375620,S2-509732333,S2-643692461,S2-676901170,S2-721306836,S2-962866088,S2-970204600
S1-388718355	S2-187741518,S2-299866408,S2-985962136
S1-733416826	S2-151111810,S2-357777796,S2-392859085,S2-480486161,S2-780768777
S1-241547898	S2-607546602,S2-89280415
S1-561896043	S2-323998042
S1-982714404	
S1-43543541	S2-731816631
S1-947506097	S2-388594236,S2-700709002
S1-73282682	
S1-935415775	S2-176998529,S2-18334676,S2-236079990,S2-306020913,S2-440135306,S2-54935976,S2-567471516,S2-672741465,S2-699224357
S1-3656525	
S1-648668492	S2-201779054,S2-30681866,S2-764071873
S1-332306315	S2-792305743
S1-881448333	S2-924847558
S1-103295692	S2-137497864,S2-302371047,S2-617525763,S2-73041994,S3-142247088
S1-112017659	
S1-90601541	
S1-818676850	S2-66166344
S1-361557008	
S1-589702181	
S1-95466757	
S1-369558346	S2-64493295,S3-209477844,S3-498121857
S1-121319643	S2-553361060,S2-589141245,S2-629019611,S2-676784972,S2-697510521,S2-941763799,S3-434418619
S1-138094998	
S1-39428958	S2-434659767
S1-220079199	
S1-738899877	S2-416183200,S2-580651946
S1-312610720	S2-108819259,S2-620357404
S1-398284347	S2-545539654,S2-654741865,S2-674051837,S2-817542755
S1-285272643	S2-185013334,S2-342790091,S2-367870951,S2-376616809,S2-380877204,S2-419385758,S2-592097356,S2-715228175,S2-717201533
S1-673764363	S2-230185861,S2-320160011,S2-984679113
S1-281162340	S2-15496302
S1-958711840	S2-113851328,S2-11737014,S2-162681565,S2-19711234,S2-339072521,S2-487017087,S2-51954521,S2-531061231,S2-936309598,S2-974683432
S1-782112135	S2-175174881,S2-304854637,S2-315867142,S2-444286133,S2-530247686,S2-588335766,S2-783105283,S2-858598519,S2-868266996
S1-604640170	S2-70623090
S1-178471473	
S1-936631391	S2-18239116,S2-249779014,S2-315083534,S2-526735334,S2-54784887,S2-576889013,S2-644857746
S1-668116351	S2-518781457
S1-811605597	S2-335588956
S1-799586401	
S1-529773438	S2-124493396,S2-1792450,S2-18043697,S2-305257634,S2-3129720,S2-319496069,S2-339133800,S2-342139449,S2-373725298,S2-395673391,S2-404217209,S2-422628466,S2-472053206,S2-473966277,S2-585841277,S2-598234126,S2-630188007,S2-670857142,S2-732890645,S2-756383273,S2-927758105
S1-63379836	S2-185013334,S2-59604091,S2-712062367,S2-778140513
S1-898451883	S2-345942210
S1-346357531	
S1-794561761	S2-118306231,S2-125209600,S2-135243872,S2-164531605,S2-169701692,S2-205139630,S2-242899863,S2-311792054,S2-476271823,S2-481730717,S2-521485245,S2-563887869,S2-585684119,S2-641203198,S2-649106539,S2-652589950,S2-659080943,S2-791497609,S2-842593949,S2-862900914,S2-865296385
S1-666509985	S2-107557903,S2-118580652,S2-33514090,S2-360306344,S2-507721707
S1-918415367	S2-689769136,S2-726893747
S1-330558948	S2-165953805,S2-18092795,S2-221282101,S2-269119763,S2-304215396,S2-336750623,S2-354066421,S2-619050195,S2-768186361,S2-945038974
S1-983734613	S2-166204215
S1-551017501	S2-133873829,S2-695343123
S1-106040980	S2-875132972
S1-896638514	
S1-224371638	S2-110110097,S2-168671268,S2-176998529,S2-206427236,S2-227333460,S2-236079990,S2-285415221,S2-54935976,S2-638926005,S2-672741465,S2-739699756,S2-75676145,S2-952556671
S1-871741603	S2-146095746,S2-166779405,S2-256658453,S2-333193414,S2-639575297,S2-656774146,S2-784411643,S2-803727384,S2-85250018,S2-878747829,S2-945708001,S2-952227699,S2-983783000,S2-987991365
S1-328366197	
S1-156481503	S2-153723729,S2-168628400
S1-135545057	S2-441881354
S1-554466290	S2-572665197,S2-921678755
S1-695394216	
S1-144705266	S2-109094599,S2-77847135,S3-12819632
S1-970312484	
S1-313435597	
S1-883837080	S2-357520548
S1-510844455	S2-718153546
S1-533646673	S2-495580576,S2-499989945,S2-600453994,S3-473614141,S3-485777760
S1-634485775	S2-106071796,S2-139717695,S2-160996885,S2-248807712,S2-406723649,S2-476795583,S2-505772766,S2-542711036,S2-629813547,S2-641784419,S2-751270171,S2-766232113,S2-806936293,S2-985130409
S1-755659768	S2-124021147
S1-507914342	
S1-152393263	S3-285377094
S1-53387088	S2-690275089
S1-197067357	S2-836042569
S1-386835187	S2-251912278,S2-402682087,S2-468314434,S2-686046093,S2-860995915,S2-985935381
S1-830248765	S2-222812181,S2-467695831,S2-48846333
S1-512116789	S2-111777007,S2-114819826,S2-212302559,S2-268211919,S2-56332059,S2-573152653,S2-625299658,S2-641203198,S2-649106539,S2-652589950,S2-687606872
S1-506942347	S2-249962597
S1-150486795	S2-108984077,S2-207921533,S2-227582829,S2-238848449,S2-453119217,S2-554899730,S2-98036361
S1-602504327	S2-451134226
S1-964999068	
S1-964954120	
S1-109750691	S2-380838189
S1-235658619	S2-132481417,S2-163228105,S2-17052575,S2-189246653,S2-205356961,S2-30714021,S2-415402659,S2-624976742,S2-65702873,S2-673974483,S2-711701956,S2-72650353,S2-800542765,S2-807893594,S2-912732849
S1-243317267	S2-132805742,S2-137101859,S2-137901846,S2-26525590,S2-304854637,S2-444286133,S2-530247686,S2-755816275,S2-858598519
S1-486737296	S2-171374137,S2-377657461
S1-778348492	
S1-188845334	S2-226697843,S2-242249491,S2-770651211,S3-250931157
S1-584742056	S3-25084485
S1-399637217	S2-141238932,S2-943852279
S1-8221549	S2-244393494
S1-789602919	S2-424201691,S2-581849344,S2-602672917,S3-77483679,S3-780405162
S1-906440938	S2-213300952,S2-26924639,S2-553217965,S2-708293594
S1-576833127	
S1-152843114	
S1-582383954	
S1-887991137	S2-204179020
S1-109668973	S2-616637545
S1-276951807	
S1-866896574	S2-424869419,S3-447161639
S1-992882963	S2-160846267,S2-196453793,S2-418112724
S1-764863930	
S1-385900426	S2-174608732,S2-984322877
S1-669147265	S2-146981675,S2-211210617
S1-569175291	S2-190162920,S2-234194389,S2-24201244,S2-311295166,S2-363087600,S2-445890930,S2-573722167,S2-615853753,S2-735300337,S2-782943653,S2-888679633,S2-960406665
S1-14237017	S2-714263938
S1-760635518	S2-116134465,S2-141560435,S2-218053979,S3-392959346,S3-681948652
S1-725815126	S2-15909748,S2-176998529,S2-256210765,S2-478297563,S2-54935976,S2-753712268,S2-976140156
S1-286522620	S2-269202696,S2-375998362,S2-791768854,S3-299681928,S3-567554444,S3-859176877
S1-840463899	S2-553131106
S1-486985965	S2-446434720,S2-524517233,S2-927388956,S3-165786634,S3-514676280,S3-622370617,S3-772510486
S1-110999804	S2-267557146
S1-188463826	
S1-744111628	S2-34583687,S2-422584264,S2-4724499
S1-830156452	S2-18010980,S2-229533367,S2-282534895,S2-333544093,S2-36796117,S2-591482651,S2-650924574,S2-659189904,S2-96817546,S2-968421682
S1-354829965	S2-386309697,S3-873406422
S1-717856572	
S1-431851952	S2-254389308,S2-373057633,S2-517242178,S2-622891952
S1-971648194	S2-459996115,S2-469773317,S2-653267784,S2-666499496
S1-84937106	S2-419609759,S2-658341058
S1-735659158	S2-498004245,S2-631099213,S2-708420390,S2-782754578,S2-816389600
S1-852048742	S2-148044138,S2-356275615,S2-40181309,S2-45041964,S2-6254086,S2-651437996,S2-819718452,S2-844543335,S2-881559864
S1-14679085	S2-109747337,S2-174092619,S2-368708876,S2-444796503,S2-466099591,S2-514162097,S2-527925015
S1-536988629	S2-1232606,S2-23304966,S2-245141924,S2-291128090,S2-292662516,S2-44224129,S2-489727911,S2-581494969,S2-591191259,S2-604781270,S2-616138475,S2-635272401,S2-702914850,S2-719799340,S2-726983971,S2-971584575
S1-360766720	
S1-186482547	S2-319730278,S2-447895107
S1-238126658	S2-151260456,S2-186779249,S2-223340813,S2-246919566
S1-247228116	S2-143780233,S2-198830105,S2-287553406,S2-350013887,S2-440311893,S2-566025912,S2-672741465,S2-725035991,S2-744397227,S2-817518827
S1-642462643	S2-106288525,S2-430428555,S2-63767824,S2-8126476,S3-867603499
S1-314995995	S2-190761448
S1-474959546	S2-162842780,S3-325459678,S3-36345605
S1-121975935	S2-748162170,S3-921834262
S1-90068723	S2-572562086,S2-942218506
S1-159388593	
S1-15358747	S2-559095226,S3-492973477
S1-237497188	S2-368407459,S2-776419506,S3-638011274
S1-945480465	S2-251401484,S2-362656886,S2-447678002,S2-464425976,S3-496217688,S3-754306027
S1-82021791	S2-26105963
S1-243540863	S2-121075922,S2-172931439,S2-249029051,S2-411275632
S1-918192711	S2-507421048,S2-649235766,S3-388386099
S1-798150224	S2-670162547
S1-451147414	
S1-808227752	S2-123243939,S2-153306127,S2-306407759,S2-38555282,S2-676368068,S2-68063245,S2-682796069,S2-761186539,S2-821879986
S1-985953119	S2-858999033
S1-789299592	S2-301919239
S1-62534516	S2-447210190,S2-523377569
S1-423790587	S2-289058066
S1-485244267	S2-114640801,S2-271684821,S2-558151721,S2-664699004,S2-74758065,S2-788344240,S2-867399885,S2-977344006
S1-324026952	S2-20145912
S1-662864844	S2-946272012
S1-388940715	S2-674719263,S2-78334847,S2-908950384,S3-683239596
S1-673737530	
S1-872814708	S2-157393881,S2-251965511,S2-438149197,S2-973157207,S2-985058931,S2-989868661,S3-246204038,S3-873807564
S1-567541897	
S1-979950208	
S1-807592627	S2-18432284,S2-588085625
S1-748475823	
S1-304646283	S2-110110097,S2-158681675,S2-176998529,S2-236079990,S2-404377101,S2-429891816,S2-530243272,S2-538671636,S2-54935976,S2-672741465,S2-739699756,S2-75676145,S2-97254980
S1-27743169	
S1-407479460	S2-188830289,S2-463365225,S2-610119583,S3-363485583,S3-389495728,S3-532517057
S1-927028827	
S1-788694407	S2-781031690
S1-522761114	
S1-237561989	S2-102049119,S2-161741562,S2-23941075,S2-382883226,S2-642938176,S2-658433798,S2-728637796,S2-820553671
S1-465253552	S2-148310428,S2-177935252
S1-856914555	
S1-584868770	S2-265722826,S2-274721885,S2-303995574,S2-315025793,S2-368301892,S2-41061852,S2-453119217,S2-642968609,S2-743986971,S2-783648666,S2-974838439,S2-98036361
S1-964027907	S2-236961956,S2-28487672,S2-401496320,S2-543906071,S2-949302647
S1-639093227	S2-119310635,S2-151497011,S2-263838181,S2-330849844,S2-330858062,S2-371122807,S2-42865733,S2-444286133,S2-446315212,S2-45308003,S2-457456227,S2-464881130,S2-573013479,S2-6110033,S2-612591290,S2-623960203,S2-683683222,S2-705585429,S2-716393519,S2-744054810,S2-794914590,S2-878037834
S1-918007164	S2-109935789,S2-398734373,S2-480373034,S2-490310462,S3-986706970
S1-940295297	S2-55149098
S1-754720042	S2-110110097,S2-626243373,S2-644142755,S2-884142428
S1-833215770	S2-144801607,S2-195825549,S2-975390103
S1-21237982	S2-16159243,S2-165071678,S2-187119816,S2-191110051,S2-19491618,S2-196613960,S2-19669279,S2-197185269,S2-269098468,S2-275299832,S2-361975061,S2-370515215,S2-389511594,S2-39765864,S2-41086033,S2-460003901,S2-468427870,S2-516243741,S2-555124789,S2-565876285,S2-605726696,S2-671788102,S2-692326606,S2-783703941,S2-787505835,S2-802095609,S2-847014050,S2-898040314,S2-903049690,S2-979608338
S1-856793282	
S1-948947134	
S1-748862235	S2-806126760
S1-438746215	S2-9175758,S3-608037790
S1-241415597	S2-299537909
S1-656795607	
S1-911587206	S2-118306231,S2-125209600,S2-135243872,S2-164531605,S2-210128326,S2-242899863,S2-330897416,S2-709602418,S2-791497609,S2-974838439,S2-98036361
S1-617396262	S2-183123103
S1-791620172	S2-183123103
S1-838370740	S2-602130815
S1-91413486	S2-127425839,S2-137175898,S2-274721885,S2-506155991,S2-554899730,S2-72650353,S2-932883950,S2-974838439,S2-98036361
S1-683685760	
S1-252481833	S2-225797154,S2-247738094,S2-301402036,S2-309646480,S2-383030202,S2-527599400,S2-573848201
S1-838980856	S2-153134699
S1-864159358	
S1-89205129	S2-987434889
S1-852765716	S2-410798277,S2-787536852
S1-405064024	
S1-108644217	S2-132741297,S2-238445836,S2-373539812,S2-629643613,S2-701655049,S2-977913842
S1-366883710	S2-419953669
S1-647405042	S2-308836903,S2-520647253,S2-608064234,S2-69820999,S2-965502064
S1-475510490	
S1-202918517	S3-181590908,S3-554102108
S1-672969733	S2-148724403,S2-255181610,S2-297290521,S2-367870951,S2-497849117,S2-510791157,S2-576279923,S2-615799330,S2-618527162,S2-633730977,S2-881646742,S2-894715211,S2-923308406
S1-364571908	
S1-804156910	
S1-198670661	S2-167373123,S2-504415632,S2-645092971,S2-758266132
S1-687837325	S2-81587527
S1-676913086	S2-340533570,S2-390540030,S2-497666263,S2-529610003
S1-86848871	S2-827080893
S1-351748619	S3-213865376,S3-525615575,S3-586717092,S3-685453135,S3-813851306
S1-811792604	S2-142721483,S2-931670989
S1-138451152	S2-107191866,S2-261449306,S2-534284250,S2-650948241,S2-682110145,S2-851217262,S3-703888667
S1-687825000	S2-34270633,S2-565697143,S2-933245734
S1-108694927	S2-148391012
S1-204065542	S3-171624558,S3-652121214
S1-224954566	S2-507839076,S2-582220635,S2-809716417,S2-844816252
S1-780500237	S2-717252003,S2-84734078,S3-118281734,S3-213484304,S3-607779904
S1-579222322	
S1-776573632	S2-693660996,S2-912958541,S3-39838288,S3-967028293
S1-587125743	S2-108475702,S2-371345335,S2-692834753,S2-7488858
S1-633672916	S2-103577245,S2-132982601,S2-276701227,S2-358591504,S2-487745442
S1-602819064	S2-270548927
S1-648145738	S2-129757062,S2-317624980,S2-357687933,S2-381420816,S2-599589210
S1-597162534	S2-118388183,S2-133112504
S1-167088496	S2-32895075,S2-386547565
S1-460623766	S2-105693504
S1-99002977	
S1-562845598	S2-173931824,S2-288029618,S2-343882172
S1-661292108	S2-132741297,S2-238445836,S2-373539812,S2-425572415,S2-441813094,S2-629643613,S2-633214417,S2-725271718,S2-725453240,S2-745710308,S2-745870086,S2-816390814,S2-92520912
S1-482004262	S3-226026951
S1-271071031	S2-446693205
S1-323511182	S2-143060476,S2-745638737,S2-848549366
S1-616805867	
S1-918042303	S2-529734840,S2-675307456,S2-733478007
S1-968542977	
S1-446005547	S2-370075589,S2-445248448,S2-662088491,S2-669623397,S2-706627467
S1-671487519	S2-107557903,S2-851820256
S1-315927153	
S1-503788700	S2-153306127,S2-178000704,S2-193673323,S2-241587641,S2-258925491,S2-281044982,S2-38938004,S2-425292799,S2-455380104,S2-504284947,S2-52880044,S2-578801005,S2-638926005,S2-69432389,S2-697514180,S2-795608900,S2-810300100,S2-871873334,S2-883120260,S2-890202084,S2-976721780
S1-722352010	S2-252416041,S2-651307835,S2-67495987
S1-24316266	S2-62829824
S1-903517215	S2-303256643,S2-631889230
S1-619774121	S2-953036246
S1-922315905	S2-17052575,S2-207439352,S2-486727830,S2-487671226,S2-554899730,S2-585918330,S2-622934393,S2-65702873,S2-72650353
S1-260793785	S2-569763970,S3-200545232,S3-814017104
S1-356241422	S2-198764373
S1-538442544	
S1-401358579	
S1-934120966	S3-4437090,S3-587742079
S1-200703389	S2-573220516
S1-381362993	S2-225081306,S2-380726084,S2-782103740,S2-81892705,S2-92061667
S1-60552004	S2-105853349,S2-112826327,S2-17052575,S2-205356961,S2-624976742,S2-800542765,S2-807893594
S1-629861538	S2-211030013,S2-267289590,S2-554700287
S1-248290307	S2-123243939,S2-153306127,S2-194154076,S2-20798878,S2-314940961,S2-734924520,S2-765834139
S1-320091445	S2-145030081,S2-498527838
S1-891218052	S2-157751084,S2-532078228
S1-773756859	S2-618282140
S1-144474816	S2-382946832,S2-533748083,S2-768852863
S1-876195878	S2-371677827,S2-718204348,S3-844751647
S1-710638326	S2-993392516,S3-282217091
S1-982555769	S2-410097822,S2-550718551
S1-3739554	S2-283881347,S2-436518956
S1-935251945	S2-562873335
S1-422613032	
S1-613051136	
S1-546949477	S2-112974288,S2-236786928,S2-296390172,S2-859156398,S2-870118848,S2-902064372,S2-928625184,S3-163276168,S3-402977814
S1-61525425	S2-231295005,S2-405279706
S1-519922827	S2-119412475,S2-219800074,S2-271209222,S2-318213138,S2-404417555,S2-466784140,S2-931138505
S1-273772046	
S1-578981674	
S1-202485661	
S1-532289684	S2-102218486,S2-720364573
S1-435483200	S2-234056336,S2-393321878
S1-903247474	S2-344956759
S1-472230182	
S1-474309110	
S1-398700586	S2-110110097,S2-176998529,S2-209243330,S2-433063720,S2-626243373,S2-676901170
S1-450416781	
S1-208081991	S2-169350963,S2-529115966,S3-483975647,S3-87041369
S1-731931314	S2-874006051
S1-580243118	S2-82048247
S1-483924925	S2-653177325
S1-527612742	S2-122020401,S2-127622422,S2-128720916,S2-135243872,S2-175196958,S2-241572649,S2-261059030,S2-265811562,S2-308542826,S2-389646822,S2-489180375,S2-588474612,S2-680865749,S2-721273162,S2-748230329,S2-749003311,S2-766608172,S2-831034656,S2-877613262,S2-880888575,S2-970442148,S2-984762458
S1-206836663	S2-812063983
S1-263655910	S2-136048529
S1-499554654	S2-176219321,S2-198135409,S2-239698666,S2-321922290,S2-413305451,S2-66095072
S1-717372520	S2-750728981
S1-250797432	S2-102831002,S2-642600840
S1-967447024	
S1-471181731	S3-258790803
S1-88279846	
S1-208897477	
S1-239390193	S2-115257586,S2-377819106,S2-405049192,S2-409256404,S2-455369500,S2-775444230
S1-941750990	S2-239619835,S2-362453344
S1-330575204	S2-181538973,S2-26085963,S2-895509428,S3-148672762,S3-387517603,S3-441818655,S3-898017070
S1-433760222	S2-876962913,S2-988810394,S3-180225577
S1-434503040	
S1-135707305	S2-470606644,S3-66318081,S3-759880824,S3-915615251
S1-853119765	S2-409073014,S2-645925142,S2-742922226
S1-912761440	S2-337606,S2-541393623,S2-569519607,S2-673001214,S3-155576203,S3-769659905
S1-481602413	S2-162988976
S1-882669829	
S1-894173266	
S1-665658508	S2-456167048
S1-249407509	
S1-359825340	
S1-387007925	S2-128720916,S2-18278418,S2-226944340,S2-2470586,S2-425417474,S2-50950855,S2-572420514,S2-627435386,S2-64416575,S2-647742770,S2-699688111,S2-786535916,S2-790947657,S2-808761772,S2-812086799,S2-873251221
S1-75191209	S2-119714544,S2-425789223,S2-559400634,S2-897843570
S1-696248999	S2-396478383
S1-496177826	S2-186249942,S2-458170961,S2-989476242
S1-706685411	S2-13072938,S2-20869901,S2-220733207,S2-225590910,S2-236685517,S2-251860012,S2-399569338,S2-452245743,S2-482075294,S2-496644700,S2-513891007,S2-571936974,S2-602104513,S2-61011233,S2-613435235,S2-618207116,S2-631766640,S2-704784114,S2-790145633,S2-850756799,S2-896679036
S1-139868503	S2-805147685
S1-163994639	
S1-942105318	S2-104641449,S2-154488968
S1-727874334	S2-153275752,S2-170054697,S2-314293411,S2-434787777,S2-679813434,S2-742285186
S1-292081721	S2-102002062,S2-11089160,S2-116772362,S2-123176328,S2-137864735,S2-17669843,S2-177277335,S2-194482594,S2-222971625,S2-246901347,S2-259463679,S2-451577568,S2-52267194,S2-587992644,S2-621225139,S2-825499687,S2-875979297,S2-911907102
S1-748145910	S2-630122383
S1-481688477	S2-103272275,S2-255554320,S2-459996115
S1-131816947	S2-123243939,S2-153306127,S2-20798878,S2-294315780,S2-314940961,S2-38555282,S2-404377101,S2-546821026,S2-676368068,S2-68063245,S2-806381375
S1-912870401	S2-814440281
S1-521615251	S2-153275752,S2-20798878,S2-20869901,S2-679813434,S2-683782176,S2-849705833,S2-860540734,S2-932561773
S1-962584150	
S1-526177796	S2-387558277
S1-955654853	S2-110596158,S2-122152321,S2-122701507,S2-162463686,S2-258297348,S2-259118554,S2-366697738,S2-393041925,S2-454839856,S2-49856307,S2-524264429,S2-670079700,S2-732297075,S2-930502400,S2-983539760
S1-390583993	
S1-124069852	S2-234966481,S2-256849411,S2-71417160,S2-858126439,S2-925921451,S3-370567743
S1-962443808	S2-219768108,S2-632189099,S2-85525730
S1-733230953	S2-186033639,S2-283217054,S2-440135306,S2-61732760,S2-659790455,S2-699224357,S2-82693962,S2-869891719,S2-892699705,S2-956952534
S1-92547088	
S1-688555353	S2-125209600,S2-164531605,S2-167767391,S2-539652394
S1-613326337	
S1-64556891	S2-889817376,S3-286100990
S1-315908426	
S1-615505591	S3-923270388
S1-42665313	S2-123616924,S2-151070668,S2-156552749,S2-32408745,S2-368870105,S2-483444912,S2-635834020,S2-97438690
S1-959619170	S2-138270652
S1-672014895	S2-794980254
S1-958677237	S2-676390111,S2-920979715
S1-380907401	S2-110902234,S2-724886802
S1-320135670	S2-218702270
S1-768955107	
S1-671168456	S2-108310185,S2-156871220,S2-27569438
S1-449242548	S2-156111639,S2-342419655
S1-563149240	S2-132741297,S2-132805742,S2-155911543,S2-185013334,S2-188368209,S2-189175156,S2-215706495,S2-231444221,S2-240440098,S2-278841666,S2-297283507,S2-309385659,S2-367870951,S2-435977755,S2-48051451,S2-530247686,S2-569707049,S2-618527162,S2-62343933,S2-648693678,S2-721306836,S2-741879952,S2-856031019,S2-893700456,S2-928464334,S2-935306094
S1-600280570	S2-11823987,S2-194065890,S2-206463438,S2-254741592
S1-960190946	S2-259618282,S2-790260531
S1-456004091	S2-793092624
S1-189173788	S2-12036514,S2-146560843,S2-274985771
S1-156894399	S2-276387858,S2-794361121,S3-246673439,S3-385843181,S3-562877361
S1-294974988	S2-621242127
S1-535081564	S2-723941314,S3-775421309
S1-242089626	S2-424606715,S2-788628222
S1-295018333	S2-390264992,S2-650211917,S3-567940497
S1-544181355	S2-441381920
S1-414638369	S2-125539487,S2-134471437,S2-148614998,S2-153306127,S2-258083159,S2-330897416,S2-385906219,S2-410711059,S2-462209155,S2-470324870,S2-556909433,S2-581890388,S2-602985825,S2-639170764,S2-681817554,S2-716588220,S2-767912318,S2-922359747
S1-628497653	S2-130324117,S2-136172029,S2-148820380
S1-395693371	S2-113475472,S2-124235502,S2-147483891,S2-151260456,S2-151923438,S2-188970267,S2-367022807,S2-597831137,S2-602761680
S1-810475222	S2-25315152,S2-475486711
S1-477606390	S2-367551278,S2-439814502,S2-503998563
S1-247242308	S2-146007753
S1-980982540	S2-675309215,S3-245993834
S1-193286090	S2-198135409,S2-239698666,S2-401135155,S2-413305451
S1-632525402	
S1-427673149	S2-286539776,S2-359222092,S2-888640245,S2-900157364,S3-930685608,S3-969134194
S1-386241303	S2-199348862,S3-731420384,S3-987444831
S1-608343200	S2-108310185
S1-306195239	S2-230837330,S2-245294697,S2-273681546,S2-429784147,S2-57967130,S2-784928982,S2-929068007
S1-976610203	S2-262646344,S2-341168532,S2-436241228,S2-640655627,S2-880426787,S2-952109285
S1-105092113	S2-507759953,S2-567561411,S3-108737222,S3-276467052,S3-658962636,S3-889512553,S3-946183239
S1-686540917	S2-108984077,S2-180070025,S2-180320333,S2-256998523,S2-259102833,S2-324381541,S2-350013887,S2-36312331,S2-364330651,S2-401513784,S2-407310746,S2-507839076,S2-515152170,S2-592097356,S2-673337128,S2-706146364,S2-953208912
S1-219757525	S2-193912495,S2-226981902,S2-310287451,S2-35807191
S1-93342694	S2-286876293,S2-311522368
S1-77057709	S2-102002062,S2-194482594,S2-205375861,S2-24099038,S2-261149262,S2-339238296,S2-346969873,S2-36582491,S2-451577568,S2-5251518,S2-55960499,S2-587992644,S2-685555753,S2-690393517,S2-7187531,S2-723183162,S2-803951967,S2-810381716,S2-829656188,S2-853027522,S2-875979297,S2-945375978,S2-995244425
S1-575778021	S2-213762802,S2-68539565,S2-749056860,S2-845758824,S3-562928820
S1-362412235	
S1-641069794	
S1-648482247	
S1-914691989	
S1-341940741	S2-305997117
S1-935377367	S2-131142688,S2-161039724,S2-17079850,S2-305938918,S2-436075461,S2-450333650,S2-473961995,S2-50620132,S2-572499323,S2-578731282,S2-591702689,S2-6881106,S2-721593024,S2-829660676,S2-84546059,S2-893284215,S2-902119189,S2-961227108,S2-963610434,S2-964569166
S1-848086160	S2-194937813,S2-209983701,S2-356626117,S2-514260695,S2-554475700,S2-584639275,S2-725389200,S2-818328486,S2-828188136,S2-841584304,S2-859450398,S2-875245679,S2-967501836
S1-525956648	
S1-752708586	S2-102002062,S2-107820820,S2-143780233,S2-175110533,S2-350013887,S2-440311893,S2-49948280,S2-566025912,S2-717661679
S1-463422404	S2-18545762
S1-583834139	S2-112550664,S2-136302124,S2-175110533,S2-206375685,S2-215380273,S2-267499835,S2-283744786,S2-323003081,S2-351281781,S2-352931738,S2-460114677,S2-463501055,S2-543173344,S2-840906265,S2-847617027,S2-851447325,S2-891913947
S1-190331237	S2-159003247,S2-271126621,S2-362098958,S2-787365194,S2-886790512,S2-929184053
S1-713802937	S2-144845679,S2-330796744,S2-355567767,S2-463154838,S2-568533772,S2-779918454,S2-905382476
S1-714693329	S2-111755736,S2-39090468,S2-531357260,S3-957820698
S1-16017348	S2-126883875,S2-197030135,S2-231888512,S2-698065449,S2-815173458,S2-888335125,S3-301404564,S3-525433313,S3-623162102,S3-834674856,S3-920957381
S1-43659975	S2-235569498,S2-473901386,S2-529733868,S2-628154114
S1-114545614	S2-27128394,S2-276622109,S3-158853985,S3-297511699,S3-470072521
S1-332541138	S2-335429994,S2-385032021,S3-277150680,S3-858686832
S1-487924033	S2-116629494,S2-129464825,S2-135413086,S2-209622054,S2-217876421,S2-218724234,S2-328794803,S2-337370583,S2-396153724,S2-483899405,S2-558331942,S2-631737474,S2-683905700,S2-71747002,S2-746673903,S2-796837749,S2-99269459
S1-683844768	S2-122529457,S2-133485900
S1-997793367	S2-325107443
S1-722910020	
S1-752400367	S2-580027677
S1-563985034	
S1-679166544	
S1-165104436	S2-153275752,S2-324675929,S2-383056743,S2-440182093,S2-513916239,S2-550867812,S2-611386531,S2-7208478,S2-725271718,S2-75328302,S2-762310335,S2-93865913,S2-980369629
S1-309090195	S3-274125868,S3-52522261
S1-249951521	S2-104344684,S2-457910271,S2-62376394,S2-826945640,S2-844177646
S1-992701292	S2-216820148,S2-446450824,S2-81254656,S2-923952704
S1-225796865	S2-247738094,S2-476882556,S2-554899730,S2-725271718,S3-274002525,S3-367785736
S1-794708034	S2-341552549,S2-373261433,S2-399463964,S2-540664895
S1-225825893	S2-211331261,S2-227674502
S1-954825971	S2-108310185,S2-357139528
S1-196031484	S2-102831002,S2-130147955,S2-212963057
S1-786952452	S2-212288986,S2-261586971,S2-446219150
S1-766874848	S2-277137433,S2-552781871,S2-727333447
S1-801053745	S2-262646344,S2-54070460,S2-600300179,S2-783648666,S3-289780289
S1-642478916	S2-211656675,S2-31816558,S2-623743015
S1-140754223	
S1-90538366	S2-132500493
S1-74521729	S2-331151560
S1-241040514	S2-115845816,S2-119714544,S2-141712837,S2-247505289,S2-275622147,S2-297153150,S2-347970292,S2-440314012,S2-444351031,S2-519494290,S2-557378551,S2-605402988,S2-605756738,S2-616199432,S2-664460304,S2-674822594,S2-675952439,S2-71850350,S2-897843570,S2-971438250
S1-727191101	S3-644695700
S1-3359337	S2-422584264,S2-664108852,S2-731141159
S1-96166189	S2-580947220
S1-620502712	S2-115485263,S2-508292428,S2-699922207
S1-697371108	S2-143780233,S2-198830105,S2-350013887,S2-440311893,S2-566025912,S2-647459821,S2-725035991,S2-744397227,S2-817518827
S1-297220011	S2-129435315,S2-425292799,S2-587526757,S2-619439950,S2-716187131,S2-900290439,S2-98176700
S1-141419819	
S1-806460607	S2-401118992
S1-815745564	S2-142269064,S2-730056602,S2-732641367,S3-152707423,S3-154012127
S1-320329170	S2-126627522,S2-227964434,S2-424206841,S2-500876668,S2-519683591,S2-761002180,S2-796862984,S2-922102957
S1-858628875	S2-332163699
S1-299224872	
S1-172127346	S2-194482594,S2-248848265,S2-259921664,S2-274721885,S2-340777574,S2-451577568,S2-597020302,S2-598015671,S2-619468474,S2-749003311,S2-798823761
S1-424061347	S2-766440295,S2-799863960,S2-967923531
S1-593256153	S2-171718067
S1-462255345	S2-13749840,S2-446692251,S3-493265747
S1-974714244	S2-176359697,S2-670742999,S2-709130504,S2-709239290
S1-488573521	S2-391340055,S2-659074007,S2-826184404,S3-440232198,S3-459914236
S1-287778874	S2-153218533,S2-189280454,S2-216032526,S2-268106328,S2-916439779,S2-97206617,S3-477992358,S3-892543350
S1-436294840	S2-172751739,S2-189857773,S2-599752134,S2-609136993,S2-704945364,S2-70804831,S2-727661730,S2-887896912
S1-8453945	S2-453227141,S2-573402162,S2-841790103,S2-951034038
S1-633930162	S2-160450502
S1-709145727	S2-349203608,S2-710592252
S1-887430778	S2-262705043,S2-418745937,S2-593561464,S2-885485610
S1-497620088	S2-583706786,S2-604951322,S2-643692461
S1-465125003	S2-195177440,S2-242435254,S2-282202011,S2-929187623,S3-144809396,S3-206627768,S3-24923077,S3-469374429,S3-680889798
S1-633708120	
S1-32340186	
S1-895742586	S2-198830105,S2-343084525,S2-394519812,S2-49948280,S2-672741465,S2-817518827
S1-746752622	S2-186033639,S2-283217054,S2-440135306,S2-61732760,S2-659790455,S2-699224357,S2-819718452,S2-82693962,S2-869891719,S2-881559864,S2-892699705,S2-956952534
S1-640997201	S2-290613730,S2-503868444,S2-810222141,S2-946772010,S3-252817421,S3-485544965,S3-57753878
S1-393024583	
S1-262614015	S2-253261001,S2-25591337,S2-267134773,S2-324540793,S2-624289268,S2-664321735
S1-937734016	
S1-930508874	
S1-992851450	S2-162375270,S2-172328525,S2-903495106,S2-965588484
S1-889820427	S2-176695463,S2-182202361,S2-474358508,S2-823572606
S1-259896101	
S1-490124385	S2-16442072,S2-414588348,S2-67415585,S2-938537598
S1-10981175	S2-112826327,S2-15405297,S2-636135066
S1-119144470	S2-119024914,S2-147014078,S2-165426878,S2-205874870,S2-20645450,S2-224203290,S2-230007464,S2-287849452,S2-31810765,S2-343213731,S2-373619388,S2-557724676,S2-558211503,S2-627809306,S2-631563082,S2-686958611,S2-722659922,S2-75527216,S2-772213184
S1-176552566	
S1-667804153	S2-962233216
S1-967880568	S2-233642246,S2-599098433,S2-749695338
S1-363061415	S2-137468128,S2-201836095,S2-990965407
S1-213840961	S2-556880148,S2-584210462,S2-64941569,S2-658224206,S2-723484118,S2-905010895
S1-663011781	S2-8082700
S1-365130035	S2-816339919,S2-871226878
S1-643291740	
S1-355425446	S2-166407079,S2-212205004,S2-256000657,S2-272158553,S2-400311705,S2-426887952,S2-517769465,S2-68921607,S2-833880373,S3-839679997,S3-961017410
S1-846864818	
S1-402605415	S2-103992773,S2-198830105,S2-542711036,S2-645886241,S2-672741465,S2-693068285,S2-739699756
S1-39385675	S2-557102853,S2-960298406
S1-787009489	S2-116090498,S2-171835516
S1-344832383	S2-136859782,S2-146693983,S3-610118593
S1-895434274	S2-202505123,S2-394416123,S2-760384025,S2-894256776,S2-895640051,S3-234438699,S3-862207726,S3-998823859
S1-82945427	S2-151497011,S2-226485857,S2-252986419,S2-254663554,S2-392595553,S2-393320893,S2-419020801,S2-49471974,S2-538077299,S2-66290102
S1-89412875	S2-124976487,S2-165657215,S2-588301125
S1-903477000	
S1-345663082	
S1-903012706	S2-284481505,S2-693368483
S1-725102471	S2-84294594
S1-339004252	S2-205729979,S2-262252387,S2-469625634,S2-653998747,S2-878246644
S1-713162051	
S1-586306176	S2-146077302,S2-153275752,S2-175174881,S2-187119816,S2-233564659,S2-440182093,S2-513916239,S2-588335766,S2-611386531,S2-699632119,S2-84097685,S2-868266996
S1-756550594	S2-105609096,S2-14925328,S2-160823657,S2-165051604,S2-244526023,S2-253645445,S2-30079429,S2-347065764,S2-386785235,S2-387357484,S2-432739518,S2-602331422,S2-624706351,S2-729122484,S2-867299776,S2-89371049
S1-476075704	
S1-719856708	S2-230564829,S2-282164101,S2-625167784,S2-690899338,S3-231143886,S3-5590876,S3-560284756
S1-488402858	S2-82612887
S1-811788748	S2-267289590,S2-435662459,S2-599589210,S2-852278214
S1-324684340	S2-267918266,S2-513835729,S2-560728882
S1-218695538	S2-155185308,S2-155396896,S2-167821392,S2-190752755,S2-241219936,S2-268265302,S2-293890675,S2-307689980,S2-382649482,S2-575554267,S2-642933590,S2-801105028,S2-817673301,S2-953827909,S2-98036361,S2-995773378
S1-432156042	S2-104266539,S2-322598423,S2-458170961
S1-949674365	S2-313096913,S2-895420485
S1-178455790	
S1-336757149	
S1-331218402	S2-251139665,S2-731785322,S2-890278716,S3-106428644
S1-517949344	S2-110110097,S2-323003081
S1-106444771	
S1-15516794	
S1-443812790	S2-138369936,S2-500317370,S3-100682266,S3-158001112,S3-536957868,S3-795706492
S1-786495	S2-146318843,S2-269119220,S2-619562053,S2-737183955,S3-15383965,S3-856509021
S1-633480269	
S1-221670314	S2-144390101
S1-45841780	S2-202290420,S2-246171061,S2-335927120,S2-982541643,S3-450986411,S3-475516484,S3-682005486
S1-936895659	S3-303885170
S1-248855615	S2-242658944,S2-414172093,S2-582581333,S2-61379177
S1-345423245	S2-216537634,S2-590615651
S1-864434067	S2-141293356,S2-336890000,S2-376677166,S2-412122936,S2-502147308,S2-510008265
S1-761019501	S2-136859782,S2-44836776,S2-562091048,S2-59898012
S1-1142590	S2-955266995
S1-929270366	S2-114497182,S2-137275752,S2-174787159,S2-300023280,S2-64679916,S2-820747041
S1-966613352	S2-107557903
S1-544497855	S2-674154146,S2-814348472,S2-915191990,S2-936601981,S3-665609826,S3-718402960
S1-536250985	S2-598247143
S1-281170415	S2-186225839,S3-23120908,S3-249011004,S3-254568919,S3-383478012
S1-948075425	S2-333544093,S2-356235629,S2-36796117
S1-879389329	S2-142552322,S2-143673386,S2-245519799,S2-333486848,S2-444286133,S2-50100978,S2-550178936,S2-605757734,S2-628921203,S2-74718379,S2-857618455
S1-720797568	S2-261210990,S2-760757933
S1-119971515	S2-523019875,S2-641664245,S2-783382025,S3-375990535,S3-656395359,S3-660919258
S1-472264276	
S1-118939506	S2-620073091
S1-388251219	S2-170583150,S2-435626689,S2-812145458
S1-829343893	
S1-995326037	
S1-737944011	S2-576852583,S3-259028621,S3-5856725,S3-693320460
S1-537258330	S3-470603000,S3-518672895,S3-724197962
S1-58896189	S2-688462025
S1-675833262	
S1-6164608	
S1-197357662	S2-380250932,S2-92342372
S1-219668518	
S1-427232710	
S1-819287003	S2-108089248
S1-470647256	S2-518518982,S2-863913658
S1-859110458	
S1-121350359	S2-638210957,S3-106323804
S1-508560862	S2-180245304,S2-2405618,S2-536530488,S3-529411322
S1-644561190	S2-129284889,S2-185013334,S2-342790091,S2-350602102,S2-401513784,S2-592097356,S2-717201533,S2-830392871
S1-365987062	S2-100287528,S2-226502624,S2-276156732,S2-293277210,S2-420364453,S2-474435815,S2-612591290,S2-686410143,S2-735230018,S2-765829266
S1-794287339	
S1-245205783	S2-828148866
S1-972467298	S2-642679789
S1-878151669	S2-139394315,S2-270341033,S2-431150728
S1-437537573	S3-470349575,S3-567698845,S3-629487036
S1-855467918	S2-668331356,S2-960388374,S3-10267595,S3-710406224
S1-749721175	S2-404737094
S1-297777655	
S1-807365014	S2-772290976
S1-98346704	
S1-707818859	S2-998396431
S1-636820240	S2-259954985
S1-310095620	
S1-987506440	S2-138819567,S2-528488428,S2-708189338
S1-847079404	S2-298849262,S2-745991435,S3-413897963,S3-439781485,S3-947656255
S1-873747778	S2-135506804,S2-186853670,S2-192407921,S2-258925491,S2-370919988,S2-547059865,S2-597662143
S1-588164601	
S1-490710521	S2-26716893,S2-276277104,S2-276708982,S2-324265629,S2-517239909
S1-359914494	S2-130147955,S2-44986802,S2-873247606
S1-212340960	S2-242517171,S2-39057775,S2-891407358
S1-962528151	S2-415190622
S1-994243930	
S1-579844828	S2-548880250,S2-913640298
S1-732752319	
S1-976360354	S2-167845144,S2-990129626,S3-109566589
S1-202561259	
S1-283559796	S2-137901846,S2-25056056,S2-547059865
S1-432173149	S2-541583580,S2-645955978
S1-434164541	S2-108368680,S2-263918234,S3-927614062
S1-783289521	S2-837885039
S1-430720482	S2-145517161,S2-269312658,S2-723090601,S2-866927978,S3-240604158,S3-443675409,S3-93571621,S3-940146002
S1-866632679	S2-536441219,S2-56985553
S1-599191143	S2-211466160,S2-832258209,S3-137136575,S3-797239562,S3-820287248,S3-967439749
S1-936273608	S2-694511918,S2-780903330,S3-637647308
S1-162506438	S2-209202473,S2-258977622,S3-929561253
S1-595979657	S2-186099239,S2-190308939,S2-381446927,S2-381509678,S2-410711059,S2-535271183,S2-61535084,S2-848660988,S2-87148316
S1-574405744	S2-205942218,S2-747803360,S3-27157673,S3-366984341
S1-287636395	S2-107522781,S2-17029720,S2-185013334,S2-205746689,S2-23497502,S2-240440098,S2-283217054,S2-297283507,S2-297579015,S2-309947904,S2-341291271,S2-367870951,S2-3978797,S2-569707049,S2-61732760,S2-648693678,S2-696019604,S2-721306836,S2-741879952,S2-756880222,S2-831256999,S2-843438632,S2-928464334,S2-979925840
S1-726124817	
S1-552052093	S2-111637381,S2-115307278,S2-125539487,S2-132741297,S2-174261315,S2-201805072,S2-491807838,S2-493735561,S2-725271718,S2-906789181
S1-912228543	S2-114847841,S2-234345830,S2-26105963,S2-668226695
S1-58076305	S2-123538159,S2-453602754,S2-589906348,S2-759945075
S1-816262008	S2-126411456
S1-597826913	S2-128513873,S2-173739721
S1-187475506	S2-570802793
S1-44825451	S2-134318524,S2-148614998,S2-20985184,S2-390887972,S2-410711059,S2-424501721,S2-443987836,S2-457826844,S2-475525879,S2-536350151,S2-593595577,S2-602985825,S2-61187233,S2-679449608,S2-79533115,S2-805329478
S1-317551500	
S1-650609836	
S1-68315962	S2-979358654
S1-569459170	S3-248388324,S3-823047116,S3-864308843
S1-526705455	
S1-967158718	S2-183123103
S1-439294194	S2-212288986,S2-411566021
S1-94588431	
S1-38085002	S2-278495940,S2-302778365
S1-387647858	S2-105609096,S2-14925328,S2-20138941,S2-30079429,S2-380115954,S2-386785235
S1-425145206	S2-18333429,S2-464660147,S2-537630814,S2-653402738,S2-854179224,S3-112607842,S3-425534440,S3-515005110,S3-63112275,S3-640409045
S1-372414613	S2-12850049,S2-178659478,S2-226738807,S2-236205652,S2-275665016,S2-280435478,S2-349130883,S2-498475683,S2-707146751,S3-150383189,S3-699119723,S3-833468469
S1-547253134	S3-278358195,S3-821593770,S3-880865938
S1-411535328	S2-490111928,S3-150503417,S3-917589050,S3-924058913
S1-773318881	S2-116990488,S2-274721885,S2-303995574,S2-315025793,S2-40265375,S2-647945622,S2-65702873,S2-743986971,S2-974838439,S2-98036361
S1-33017980	S2-111323888,S2-258576388,S2-36906803,S2-682539816,S2-786237872,S3-414158655,S3-518859062
S1-579135386	S2-676101965,S3-374984266
S1-13725965	S2-311792054,S2-406563194,S2-424060577,S2-591742639,S2-672741465,S2-701712391,S2-711660940,S2-798955015,S2-913706007,S2-921746636
S1-161736811	S2-126237554
S1-446819700	S2-321409161
S1-229382696	
S1-386124783	S2-24515003
S1-989372371	
S1-657451229	S2-234125885,S2-565579024,S2-844014111,S2-958305625,S3-533165887,S3-591854
S1-33302212	S2-188738948,S2-499891839
S1-986774734	S2-96321309,S3-561644434
S1-976491745	S2-176608610,S2-273001448
S1-677335134	S2-3599902,S2-678971735,S2-724951207,S2-80203255
S1-836781383	
S1-625534251	S2-697631860
S1-279156625	S2-339021633,S2-638758008
S1-681389133	S2-121161583,S2-151628892
S1-983829962	S2-358984786,S2-609505946
S1-715180838	
S1-761481191	
S1-674800210	
S1-517855803	S2-121189923,S2-653204307,S2-712297941,S3-301665605,S3-512714803,S3-520410172
S1-750013601	S2-382992771
S1-73054291	S2-325667351,S2-363109468,S2-479762663,S2-544764449
S1-481026952	S2-218818465,S2-242517171,S2-361274973,S2-39057775
S1-467647338	S2-666670647,S2-982288202
S1-894331989	S2-381970469
S1-293673743	S2-402622,S2-412017060
S1-865010662	
S1-273079514	S2-140145107,S2-597052728
S1-59104576	S2-170041306
S1-900102102	
S1-421188239	S2-14149185,S2-166782450,S2-249662428,S2-309086761,S2-318059227,S2-426171337,S2-629595570,S2-676593948,S2-680015311,S2-748080575,S2-759790632,S2-779537636,S2-815083986
S1-327590818	S2-261127150,S2-534072652,S2-57327426,S2-993670131
S1-655077783	
S1-205107754	
S1-602472419	S2-19318976,S2-679951007,S2-838376792,S2-899146533,S3-62914018,S3-781449244
S1-850523705	
S1-303271605	S2-70035312,S2-745207819,S2-847243372
S1-109641889	S2-107820820,S2-143780233,S2-175110533,S2-350013887,S2-566025912,S2-717661679,S2-764899332,S2-884142428
S1-707971011	S2-6675537,S3-40872852
S1-285072614	S2-539204540
S1-427559996	S2-412683231,S2-54530462,S2-597052728
S1-333348301	S2-273265532,S2-571610271,S2-659542988,S2-771081348,S2-919675684
S1-371267677	S2-19505078,S2-350098794,S2-448571876,S2-901061609
S1-809062789	S2-104649298,S2-702374545,S3-117481896,S3-207674931
S1-596389295	S2-402379517,S2-571012645,S2-676381373,S2-73405617,S2-83278556,S2-848146774,S2-902864222,S2-970442148
S1-370694887	S2-147137914,S2-387365442
S1-842134202	S2-111819390,S2-503994226
S1-718858784	
S1-979911307	S2-205797188
S1-211737803	
S1-117413640	
S1-981901478	S2-581827899
S1-775811852	S2-164305977,S2-282083295,S2-320173067,S2-458885356,S2-526662048,S2-669758532,S2-812090519,S2-816010726
S1-689969707	S2-210879384
S1-757841636	S2-189151133,S2-717225734,S2-785013017
S1-325632196	
S1-487587563	S2-722360521,S3-888012615
S1-704287978	
S1-204031459	S2-31496799,S2-47678806,S2-968581333
S1-605285689	S2-212581826,S3-917866235
S1-945990084	S2-165200918
S1-831693491	
S1-770981108	S2-137401368,S2-487165326
S1-873024427	S2-257720573,S2-4045583
S1-891889902	
S1-946550805	
S1-376883229	S2-630604065
S1-192181608	S2-220835421,S2-572539802,S2-671336465,S2-681699823,S2-683367765,S3-262808473,S3-321854857
S1-118615275	
S1-704802468	
S1-297785554	S2-117673399,S2-145578823,S2-154838983,S2-652740061,S2-767997013
S1-882407636	
S1-364380070	S2-352406402,S2-390561860,S2-393133386,S2-436639368,S2-697767618
S1-569481503	S2-148951586
S1-107742155	
S1-234569220	
S1-996768452	S2-68703704,S2-727220098,S3-179841498,S3-466769487,S3-678548132
S1-193117504	S2-547630321,S2-690397264,S2-878330435,S3-233241122,S3-312665285,S3-942916700
S1-580605574	S2-107557903,S2-597052728
S1-826309390	S2-328154449,S2-756549124,S2-884812660
S1-313918745	S2-317937634,S2-889317132
S1-926812147	S2-14434939
S1-276356599	S2-837182380
S1-530927300	S2-151429693,S2-163144320,S2-317931503,S2-727756641
S1-194343073	S2-119310635,S2-255716908,S2-45308003,S2-464881130,S2-573013479,S2-6110033,S2-689016303,S2-705585429,S2-715224238,S2-716393519,S2-77530396,S2-878037834,S2-878083495,S2-885184685,S2-906032267
S1-336152543	S2-32370077,S2-514162097,S2-633169784,S2-647215911
S1-608765617	
S1-212189068	S2-122314810,S2-519684526
S1-454018980	S2-128801830
S1-698527608	S2-213774106,S2-231030784,S2-237505292,S2-556245545,S2-770369351
S1-851201018	
S1-755026238	S2-100262680,S2-102719223,S2-151497011,S2-325130736,S2-415507300,S2-572522103,S2-626617799,S2-68607233,S2-736774235,S2-779143947,S2-835681531,S2-895604923,S2-932567028
S1-711120298	S2-169463515,S2-980553467,S3-305078788,S3-331128834,S3-740391754
S1-30158707	S3-881993043,S3-94688290
S1-819864199	
S1-643635283	S2-148067284
S1-710024714	S2-359235612
S1-32880212	S2-328607313,S2-525742435,S2-909212709
S1-369295741	S2-276531035,S2-4851773,S3-914053764
S1-921472883	S2-108660426,S2-175110533,S2-180320333,S2-222971625,S2-621225139,S2-697608643,S2-902864222,S2-916704724
S1-628563780	S2-138010134,S2-218163632,S2-231536988,S2-401975713,S2-497315327,S2-5771731,S2-659376421,S2-874478298,S2-974454623,S2-974827611,S3-145293340
S1-52218655	
S1-382272515	S2-901736955,S2-920937154
S1-158071126	
S1-730715924	S2-136428415
S1-843165346	S2-418717925,S2-845126126,S2-98853044,S3-299895380
S1-145259886	S2-834729
S1-956824670	S2-255268892,S2-501534718,S2-513831589,S2-557389234,S2-606036448
S1-979671520	S2-257149786
S1-90015848	
S1-947236975	
S1-32254237	S2-590213604,S2-735096535,S2-821435088,S2-899134646,S3-786233938
S1-528612247	S2-128720511,S2-243346746,S2-404007568,S2-440059916,S2-680159612,S2-825280902
S1-783895561	S2-240378317
S1-614792963	S2-51886263,S2-907409970
S1-100663700	S2-139035558,S2-267598640
S1-809406756	S2-206944716,S2-708012320,S2-780988813,S2-961850883,S3-264877410,S3-266795547,S3-4508512,S3-651362663,S3-905658212,S3-988599036
S1-325608211	S2-137707160,S2-158958760,S2-223276182,S2-260476610,S2-40956435,S2-767936647
S1-414204370	S2-160863392,S2-229670909,S2-245464913,S2-308546769,S2-435918244,S2-803400081,S3-349791649
S1-63363530	S2-496396582
S1-146259603	S2-14204859,S2-159699018,S2-16342349
S1-771158065	
S1-189302015	
S1-46623715	S2-302380669
S1-350918063	S2-113326832,S2-49455096
S1-493253612	S2-123243939,S2-20798878,S2-363824206,S2-614795998,S2-683782176,S2-881163855
S1-142723272	S2-418966925
S1-335572227	
S1-234455242	
S1-939091239	S2-105400202,S2-378838492,S2-474985552
S1-386630305	S2-242517171,S2-39057775
S1-367171000	
S1-91386465	S2-148828590,S2-28746057
S1-859010094	
S1-726533617	S2-230009518,S2-364849494,S2-644054606,S2-896903902,S3-142055622,S3-580266791,S3-587117460,S3-757888230,S3-779250552
S1-118926781	S2-289305292
S1-373553677	S2-138694858,S2-270836068,S2-980702624,S2-986337608,S3-966815419
S1-594051562	S2-12265065,S2-356129007,S2-580545139,S2-687663021
S1-565597243	
S1-682083447	
S1-582545917	S2-637707478
S1-754677948	
S1-188161132	S2-57314472
S1-834491272	S2-64241873
S1-789050237	
S1-256305727	S2-80188130
S1-770249650	S2-276949348,S2-752907581
S1-447767050	S2-282491579,S2-502539178,S2-663045370,S2-691671381
S1-554290205	S2-149115814,S2-770107352,S3-443161620,S3-582557079
S1-287359440	
S1-798469548	S2-145578823,S2-208281673,S2-699355873
S1-522825722	
S1-998460575	S2-34017160,S2-75313678
S1-285620421	S2-302303106
S1-67753444	S2-682799789,S3-188793318,S3-246270094,S3-699993294
S1-49817228	S2-298236550
S1-477554046	S2-635666759
S1-666828017	S2-129404989,S2-405810669
S1-677425393	S2-142286662,S2-183770065
S1-480011150	S2-271407604,S2-651068326,S2-765154333
S1-85809986	S2-365970127,S2-36928667
S1-419501830	S2-250881090
S1-70100429	S2-521853573
S1-378364734	S2-272464790
S1-576871849	S2-390542666,S2-870930075
S1-170039772	S2-152323494
S1-49213081	
S1-582205407	
S1-340439104	S2-300623136,S2-534660031,S2-535679954,S2-706005021
S1-41940589	S2-325256679,S2-731705205,S2-953780316,S3-297171159
S1-198120889	S2-390229937,S2-525876816
S1-337769660	S2-147483891,S2-450160179,S2-468776136,S2-63814065
S1-626640921	S2-156443742,S2-238227287,S2-293002304,S2-298589120,S2-371169579,S2-393320893,S2-419020801
S1-365954294	S2-222223794
S1-918526289	S2-175849066
S1-840822199	
S1-603264258	S2-285549357,S2-509829201
S1-312230871	
S1-229573265	S2-207118811,S2-348237019,S2-844245337
S1-685693871	S2-369174145
S1-282967408	
S1-439617663	S2-117587273,S2-149726747
S1-306779909	
S1-214629590	S2-658970735,S3-934708592
S1-73993163	S2-514475698
S1-843789631	S2-254430705,S2-28234752,S2-571962702,S2-591794239,S2-597167415,S2-767884666,S2-834316122,S2-908850202
S1-829166142	S2-117667932,S2-1410902,S2-434004522,S3-285059636,S3-55531174
S1-117544682	S2-271309995,S2-548936041,S3-889340743
S1-536020925	S2-14925328,S2-157883813,S2-160823657,S2-180847805,S2-210518710,S2-244144042,S2-386511671,S2-386785235,S2-576380101,S2-602331422,S2-715497280,S2-877338787,S2-883799231,S2-898523602
S1-786350825	
S1-807736264	
S1-263474173	S2-18334676,S2-236316484,S2-274767163,S2-350013887,S2-61732760,S2-622934393,S2-623414578,S2-82693962,S2-849330463,S2-892637813,S2-956952534
S1-367995246	S2-347254212,S2-362187544,S2-769348879
S1-722433811	S2-111044839,S2-117587273,S2-141345717,S2-149726747,S2-360612488,S2-534660031,S2-803775063,S2-816205149
S1-316383771	S2-177430841,S2-321800679,S2-336659525,S2-463640549,S2-680666662,S2-715481494,S2-733669584
S1-474172740	S2-118782110,S2-216974274,S2-763860422
S1-462436614	S2-447573360,S2-570142178,S2-6107786,S2-660250877,S2-874858672,S2-949798556
S1-192212558	S3-199875989,S3-787524776,S3-937512934
S1-68788761	
S1-363602843	S2-107820820,S2-143780233,S2-230368483,S2-237059279,S2-332003930,S2-350013887,S2-37065200,S2-382547634,S2-402075700,S2-503622674,S2-575554267,S2-629968131,S2-642933590,S2-707564840,S2-817673301,S2-924753358
S1-863841034	S2-309778506,S2-461744414,S2-500398582,S2-575580222,S2-701358605,S3-618472611,S3-981087595
S1-268727774	S2-161398119,S3-63769442,S3-903612010
S1-31048215	S2-134265366,S2-389620790,S2-639763752
S1-993077036	S2-47099240
S1-430113075	S2-136750606,S2-236816108,S2-482684434,S3-192682771,S3-361862511
S1-364492309	S2-368498048,S2-42235650
S1-662374899	S2-274721885,S2-368708876,S2-412246544,S2-493735561,S2-554899730,S2-597020302,S2-652202457,S2-72650353,S2-743986971,S2-783648666,S2-849705833,S2-877613262,S2-920587005,S2-974838439,S2-98036361
S1-368294495	
S1-243377525	
S1-477880236	S3-32517549
S1-372445638	S2-309982128,S2-592011548,S2-905601795
S1-297016023	S2-109291200
S1-947868950	S2-13072938,S2-15909748,S2-20869901,S2-220733207,S2-225590910,S2-236685517,S2-303145472,S2-374592785,S2-399569338,S2-444287554,S2-452245743,S2-482075294,S2-496644700,S2-513891007,S2-571936974,S2-602104513,S2-61011233,S2-613435235,S2-618207116,S2-790145633,S2-850756799,S2-920659605
S1-365863157	S2-245312679,S2-914299023,S3-378067042,S3-812802442
S1-869536495	S2-198735272,S2-728775488,S2-813002632
S1-465727031	S2-197366440,S2-456510542,S2-486804722,S2-628675252,S2-8824189
S1-507585165	
S1-450297037	S2-752991826,S2-880525713,S2-917053557,S2-952911724,S3-226531085,S3-913898502
S1-199060579	S2-100287528,S2-21923784,S2-221906018,S2-230370029,S2-400498714,S2-474435815,S2-604785559,S2-604976451,S2-612591290,S2-730196294,S2-950312996
S1-853432391	S2-129404989,S2-413481841,S2-420792729,S2-560018843,S2-566646298,S3-51047736,S3-705251411,S3-981791215
S1-43083318	
S1-180174918	S2-389816238
S1-915527840	S2-186532725,S2-187535828,S2-256606708,S2-277659931,S2-317895232,S2-327430844,S2-343540507,S2-512863099,S2-51749869,S2-580853997,S2-672367090,S2-772985419,S2-776620254
S1-295294453	S2-467747348
S1-672075976	S2-597052728
S1-662860247	S2-115362738,S2-142341550,S2-32593117
S1-234109819	
S1-168549051	S2-108660426,S2-290451243,S2-524907690,S3-21519205,S3-789515434,S3-925743345
S1-861100110	S2-160789164,S2-177955504,S2-188033825,S2-268265302,S2-634410066,S2-724631818,S2-898277188
S1-377846202	S2-111768935
S1-125952499	S2-143988715,S2-154165045,S2-228588303,S2-261095518,S2-274721885,S2-368708876,S2-37065200,S2-377195906,S2-406934249,S2-455200410,S2-526500567,S2-528254851,S2-685555753,S2-695566970,S2-71953493,S2-726115549,S2-743986971,S2-971067928,S2-98036361,S2-995416312
S1-227222686	S2-100466178,S2-165182195,S2-375116579,S2-383073596,S2-496795158,S2-503797365,S2-542711036,S2-952556671
S1-646859671	S2-111706631,S2-129404989
S1-985309692	S2-15975240,S2-170054697,S2-185389152,S2-226661564,S2-229533367,S2-240402694,S2-269722604,S2-46889600,S2-499252487,S2-652980231,S2-677587921,S2-67821195
S1-469306646	
S1-615317204	S2-10166581,S2-421341494,S2-468958667,S2-642089568,S2-793084486,S2-877911739,S3-676911841
S1-263026652	S2-737183955
S1-348535141	
S1-479728994	S2-313329087
S1-564116899	S2-162519271,S2-18334676,S2-258925491,S2-280453575,S2-281044982,S2-29569525,S2-301070229,S2-306020913,S2-425292799,S2-440135306,S2-470324870,S2-52880044,S2-591873777,S2-639170764,S2-642909030,S2-671876136,S2-697514180,S2-699224357,S2-80449171,S2-879541485,S2-890202084,S2-976721780
S1-341452973	S2-10196020,S2-247694529,S2-629379559,S2-995018045
S1-423209851	
S1-916575962	S2-111777007,S2-114819826,S2-212302559,S2-370255592,S2-56332059,S2-613021953,S2-649106539,S2-821529557,S3-852345794,S3-948074527
S1-12369353	S2-427097757
S1-994837554	S2-657270564,S2-864136348
S1-600561344	S2-125209600,S2-164531605,S2-311792054,S2-540565178,S2-563798918,S2-563887869,S2-708074908,S2-850461049,S2-973605948
S1-332415230	S2-13356043,S2-273957633
S1-485676347	S3-106303832,S3-361378280,S3-745256594
S1-583355528	S2-105604415,S2-286769384,S2-287916165,S2-5471863,S2-641006637
S1-473979905	S2-428885362
S1-229274587	
S1-812860344	S2-443477777
S1-98628717	S2-261405543,S2-661339232
S1-281731728	S2-223752941,S2-465102665,S2-520547115,S2-723317867,S2-798248499,S2-8778,S2-925623696,S2-926350076,S2-959850773,S3-960256923
S1-845586355	S2-331151560
S1-239475266	S2-554899730,S2-593049696,S2-595018154,S2-693576549,S2-7208478
S1-87921766	S2-216150699,S2-395473104,S2-818948
S1-48747549	S2-294998398,S2-396661958,S2-422634406,S2-495837003,S2-59604091,S2-712062367
S1-99250472	S2-77092975
S1-944927549	
S1-324196829	S2-104985336
S1-955519392	S2-309210999
S1-394675558	S2-117184006,S2-174187547,S2-285493501
S1-392389716	
S1-847130154	S3-82751484
S1-841376643	S2-317425164,S2-367551278,S2-696587942
S1-87744471	S2-700665464,S2-994416694
S1-963671687	
S1-283014894	
S1-928345305	S2-142303657,S2-175110533,S2-176032633,S2-185381097,S2-202993756,S2-349185825,S2-831256999
S1-513923669	S2-254043130,S2-387539291,S2-410733831,S2-889624949
S1-204464643	S2-180070025,S2-294998398,S2-365357567,S2-396661958,S2-422634406,S2-44419154,S2-495837003,S2-59604091,S2-712062367,S2-813841226
S1-647789499	S2-137001637,S2-162398403,S2-168671268,S2-175110533,S2-256998523,S2-259102833,S2-324381541,S2-332231378,S2-401513784,S2-407310746,S2-454466628,S2-592097356,S2-656421422,S2-673337128,S2-727187278,S2-893972749
S1-517651003	
S1-63603457	S2-654614704
S1-435843549	S2-337450766,S2-940924239
S1-231685693	S2-258040902
S1-907422223	
S1-270110984	S2-200332397,S2-36445564,S2-449221446
S1-409044385	S2-769531847
S1-870052836	S3-794242913
S1-64462787	
S1-561742839	S2-283825306,S2-593463798,S2-617128693
S1-102242847	S2-292344661,S2-369750897,S2-464075275,S2-97827172,S3-151689486,S3-216693867
S1-188647562	S2-138310389,S2-988113820,S3-10036752,S3-846584758
S1-20522263	S2-497828392
S1-116986524	
S1-40133428	S2-561742287,S2-868296418
S1-211706351	
S1-450039152	S2-673144796,S2-994334737
S1-795351282	S2-603137073,S2-779575106,S2-988996245
S1-550084951	S2-299655964,S2-509990543
S1-445938841	S2-263807929,S2-983609637
S1-581639417	
S1-918052091	S2-111768935,S2-123243939,S2-292845680,S2-294315780,S2-310361880,S2-348847603,S2-463286962,S2-466486938,S2-49455096,S2-506155991,S2-526735334,S2-728465351,S2-779143947,S2-782671757
S1-304661889	
S1-480102394	S2-341416603
S1-398160036	S2-499701928,S2-671574854,S3-523029103,S3-698253328
S1-276158488	S2-118306231,S2-326272937,S2-737981941,S2-742018880
S1-430806766	S2-719103760
S1-240218187	S2-199202712,S2-204630890,S2-20798878,S2-231536988,S2-385634465,S2-410750089,S2-463647269,S2-526735334,S2-613305213,S2-721273162,S2-96058706
S1-291398160	S2-20289971,S2-534003836,S2-796409316,S3-245063068,S3-247882301,S3-599213393,S3-822076897
S1-143416578	S2-113573177,S2-403106595,S2-919606637,S3-672244841
S1-459519226	
S1-482145452	
S1-513946183	S2-435578289
S1-422684979	S2-428640632,S2-528658306
S1-72100687	S2-147109656,S2-560211372
S1-114621226	
S1-759083010	S2-302212756,S2-327581861,S2-582683884,S2-629358809
S1-779546019	S2-531634445
S1-142476266	S2-515526406
S1-923161661	S2-174787159
S1-444941176	S2-131416371,S2-274721885,S2-316912099,S2-412246544,S2-597020302,S2-742285186,S2-974838439,S2-98036361
S1-673515563	S2-758995907
S1-437999839	S3-141236245,S3-374015338
S1-569163219	
S1-153405972	
S1-145093189	S2-697157147,S3-306354153
S1-743958115	
S1-482176232	
S1-866176572	S2-145659624,S2-318999151,S2-668788874,S2-884827323,S2-963338006
S1-293070409	S2-621773756
S1-288798628	S2-101380416,S2-336630554,S2-894458243
S1-675309028	S2-988420072,S3-104934073
S1-690723863	S2-662567209
S1-345660337	S2-121694430,S2-187862572,S2-403453214,S2-413596263,S2-767997013,S2-925006972
S1-789610510	
S1-173823933	
S1-286502411	S2-619883051
S1-162979840	S2-297755145,S2-506964446,S2-738909930,S3-763916724
S1-932343406	S2-544284207
S1-46448200	S2-681710089,S2-766544899
S1-690237392	S2-111323888,S2-533000846,S2-710869398,S2-786237872
S1-337510150	S2-112826327,S2-125178399,S2-126475778,S2-466990283,S2-807893594,S2-908017855
S1-424777284	S2-473877377,S2-922535492
S1-859200891	
S1-577240317	S2-232526571
S1-105356114	S2-792049376,S2-913813304
S1-147450568	S2-328944550,S2-622111620,S2-64685501,S2-844660399,S3-141569121
S1-191634263	S2-109747337,S2-262646344,S2-783648666
S1-843812261	S2-572072389,S2-771683416
S1-12557489	S2-264715137,S2-485811155,S2-557636663,S2-636375162,S3-215576136,S3-290500706,S3-367147135,S3-71454567
S1-744052941	S2-101273729,S2-104590092,S2-12185552,S2-196868267,S2-212536068,S2-225052205,S2-245105899,S2-258550866,S2-275814412,S2-283728539,S2-299813260,S2-305268835,S2-346644481,S2-358267895,S2-483340720,S2-483478101,S2-540613119,S2-54799801,S2-595258198,S2-598979551,S2-728767898,S2-835882299,S2-869847688,S2-891500413,S2-913517855,S2-919924109,S2-947988367,S2-949493850,S2-972255404,S2-994528455
S1-422308362	
S1-679809740	S2-13072938,S2-20869901,S2-220733207,S2-225590910,S2-236685517,S2-247738094,S2-374592785,S2-399569338,S2-452245743,S2-496644700,S2-519959909,S2-571936974,S2-574180555,S2-602104513,S2-61011233,S2-613435235,S2-631766640,S2-704784114,S2-712408237,S2-782958098,S2-790145633,S2-790883248,S2-795638586,S2-816390814,S2-850756799
S1-86727305	S2-533033293,S3-652509365,S3-769886747
S1-190397816	S2-557610072,S2-758894611
S1-77359451	S2-116754726,S2-12210851,S2-151923438,S2-163657158,S2-17853482,S2-367022807,S2-436185882,S2-468776136,S2-562719049,S2-589241490,S2-674217560,S2-815004103,S2-865639122,S2-894226248
S1-526867784	S2-175110533,S2-190162920,S2-350013887,S2-591742639,S2-711660940,S2-890178948,S2-921746636
S1-27764246	S2-220606541,S2-769531847
S1-296623522	
S1-767810572	S2-146697526,S2-736262588
S1-814203751	S2-49226967
S1-530166193	S2-765585826
S1-827720771	S2-613251308,S2-745907602,S2-868050895,S3-195456481,S3-266589742,S3-582151474,S3-651803030,S3-782291309
S1-698026385	S2-136793898,S2-489227725,S2-908458001
S1-877495214	S2-303995574,S2-311510180,S2-667045157,S2-68785449,S2-7208478,S2-762310335,S2-877613262
S1-722352499	
S1-523668950	S2-165134561,S2-276777638,S3-644528284
S1-98328044	
S1-181817412	S2-176063411,S2-369517406,S2-400706190,S2-7874992
S1-318150136	S2-983253828
S1-623454395	
S1-529172004	S2-113984438,S2-15327272,S2-175110533,S2-288926990,S2-31275344,S2-678154331,S2-697608643,S2-884142428
S1-827619379	S2-38138877,S3-294755020,S3-971176776
S1-241640222	S2-626756378,S2-865391268
S1-604321939	S2-620566782,S3-209895005,S3-358869035,S3-587847539,S3-759290584
S1-678508415	S2-185013334,S2-283217054,S2-301659968,S2-305100591,S2-367870951,S2-444614067,S2-509829201,S2-576745524,S2-621225139,S2-822681145,S2-831256999,S2-861455586,S2-884142428,S2-916704724,S2-928464334
S1-507657774	S2-331970003,S2-335529928,S2-553510214,S2-732700346
S1-406695933	S2-550318310
S1-737295214	S2-306448046,S2-663406174,S2-732003426
S1-698689512	S2-185013334,S2-350602102,S2-419385758,S2-698489713,S2-816523255,S2-862469416
S1-552152222	S2-548098605
S1-41022573	S2-118674825,S2-284857331,S2-572144264,S2-850381222
S1-339792863	S2-173133274,S2-215194266,S2-331301868,S2-502124284,S2-532673061,S2-536110477,S2-692712904
S1-96592873	S2-554191489,S2-759352848
S1-954388560	S2-274767163,S2-311792054,S2-402075700,S2-429776897,S2-540565178,S2-657179901,S2-713264333,S2-864706656
S1-849013973	S2-122232008,S2-315592912,S2-38824636,S2-546813693,S2-666757970,S2-946008190,S3-105315081,S3-429654623,S3-698905864,S3-741203349
S1-895967181	S2-402131518
S1-879959005	S2-175630455,S2-543899398,S2-552557602,S2-574712797,S2-624839737,S2-655450662
S1-478011420	S2-108388183,S2-635789693,S2-721975570
S1-193079869	S2-678821859,S2-876838434,S3-100139058,S3-123087269,S3-961677976
S1-458704087	S2-977519767
S1-675998552	S2-106071796,S2-165648424,S2-248807712,S2-373804391,S2-406723649,S2-476795583,S2-500009528,S2-505772766,S2-5159063,S2-542711036,S2-579001932,S2-638996484,S2-641784419,S2-68063245,S2-685762130,S2-751270171,S2-766232113,S2-806936293,S2-978049177
S1-230238177	S2-419545941,S2-719632194
S1-303793288	S2-450026094
S1-606890696	
S1-953911980	S2-114512083,S2-591692756,S3-631113692
S1-190008540	S2-4243761,S2-966346559,S3-100101882,S3-353021541
S1-704909483	S2-263677850
S1-957406280	S2-147061573,S2-234183690,S2-439172905,S2-567677787,S2-683938049,S2-842148260,S3-578184451
S1-353379964	S2-302899594,S2-502916367,S3-351473126
S1-865952045	S2-598057630,S2-668323913,S2-901677836,S3-562911114
S1-772023141	S2-160876077,S2-177935252,S2-900738223
S1-955358197	S2-10196020,S2-10207089,S2-111477512,S2-114487907,S2-115549703,S2-119049876,S2-121174316,S2-127324954,S2-174656056,S2-187514254,S2-188776075
S1-379955483	
S1-649472075	
S1-665143790	S2-515589139
S1-100416618	
S1-714021913	
S1-322360664	S2-554191489
S1-23662686	
S1-170944410	S2-573302414
S1-443094160	S2-105607879,S2-205409373,S2-231110512,S2-48815153
S1-614335328	S2-117768881,S2-124816978,S2-736197504,S2-956850726,S3-822957951
S1-668555841	S2-747292155
S1-933820342	S2-698502526
S1-270670859	
S1-147801462	S3-845765323
S1-16185570	S2-115173599,S2-316417036
S1-128046478	S2-795210799,S3-21750197,S3-573960225
S1-264304236	S2-209243330,S2-311295166
S1-923161793	S2-155987436,S2-223628132,S2-226715256,S2-513005626,S2-939476038
S1-802451476	S2-245519799,S2-284681063,S2-333486848,S2-444286133,S2-605757734,S2-632836044,S2-723380300,S2-747380877,S2-755816275
S1-654481042	S2-926867007
S1-294942896	S2-488628898,S2-716988808,S3-837345158
S1-46287321	S2-104776033,S2-151561901,S2-162620955,S2-163670709,S2-220507825,S2-325216507,S2-643746723,S2-940014334,S2-973993961
S1-908223115	S2-835795126
S1-548060265	
S1-663127104	S2-651161698
S1-656428793	
S1-925202873	S2-318604667,S2-608286917,S2-83823361,S3-123224172,S3-150116656,S3-204663095,S3-730492080
S1-628382503	S2-238855857,S2-386534421
S1-941347586	S2-117641198,S2-146981646,S2-589369831,S2-884396375,S3-669279663,S3-994385955
S1-18794113	
S1-40150263	S2-138036393,S2-178314349,S2-17853482,S2-256293169,S2-298236550
S1-899882894	S2-117557719,S2-185013334,S2-274336481,S2-283217054,S2-301659968,S2-305100591,S2-367870951,S2-509829201,S2-576745524,S2-621225139,S2-677344816,S2-893700456,S2-901069848,S2-928464334,S2-985918329
S1-673153647	S3-176230037,S3-379751380,S3-527276375,S3-876453080
S1-934069854	S2-118109941,S2-364116314,S2-458316603
S1-712510857	S2-153275752,S2-292845680,S2-405429266,S2-679813434,S2-700682926,S2-825142308,S3-219100728,S3-222630268,S3-661879892
S1-573188346	S2-578493256
S1-223585476	S2-290710632,S2-546813946,S2-698453540,S2-757922539,S2-879096703,S2-880233756
S1-3885889	
S1-124133884	S2-22123365,S2-564376075,S2-638117757,S3-220292333
S1-578967821	S2-32787245
S1-935909890	S2-129733009
S1-441734006	S2-119024914,S2-147014078,S2-165426878,S2-205874870,S2-20645450,S2-224203290,S2-230007464,S2-287849452,S2-31810765,S2-343213731,S2-373619388,S2-557724676,S2-558211503,S2-627809306,S2-631563082,S2-640559104,S2-686958611,S2-722659922,S2-75527216,S2-772213184
S1-878939311	S2-605624017
S1-843306839	S2-361535123,S2-998067307
S1-164487982	
S1-414946644	S3-105869615,S3-579216104,S3-753748203
S1-620804927	
S1-58920105	S2-108984077,S2-124623805,S2-170392022,S2-216561632,S2-22943621,S2-259102833,S2-36312331,S2-429701897,S2-433475925,S2-500122231,S2-515152170,S2-546546282,S2-549823833,S2-583338611,S2-669055456,S2-68785449,S2-727187278,S2-908338007
S1-680727611	S3-362198899,S3-977972331
S1-481517957	S2-971493493
S1-485319984	S2-536468861,S3-276650110
S1-656057605	S2-147440186
S1-991011701	S2-253466226,S2-278376239,S2-894809264
S1-357170162	S2-422584264,S2-56859191,S2-580947220
S1-101740731	S2-1079542,S2-166774826,S2-249779014,S2-835681531,S2-895604923
S1-395503414	S3-454195550,S3-492041562
S1-763337051	
S1-380513982	S2-117981503,S2-132805742,S2-1410902,S2-183575225,S2-189461352,S2-261469708,S2-356235629,S2-362745970,S2-382933406,S2-387830466,S2-463367969,S2-617186571,S2-625724763,S2-665607256,S2-6815124,S2-697986752,S2-717784056,S2-774994327,S2-848758236,S2-878336146
S1-970065533	S2-193240329,S2-504599743,S2-669021064
S1-754646322	S2-150450265
S1-631938182	
S1-826550490	S2-242517171,S2-39057775
S1-538080209	
S1-981915508	
S1-765817886	S2-609618163,S2-750259582
S1-357444541	S2-554191489
S1-233846577	S2-913394568
S1-605381994	S2-482741782,S3-166462312,S3-603437925
S1-274063051	S2-175110533,S2-350013887
S1-849369234	S2-183734900,S2-720019531,S2-744092910,S2-842058228,S2-932846338
S1-436426640	S2-527801694,S2-54080391,S2-778961614,S2-826632623,S2-904345714,S2-931779825
S1-154326785	S2-124035848,S2-183983179,S2-382696361
S1-705248661	S2-119687415,S2-856979001
S1-520521583	S2-298637784,S3-260095932,S3-54503632,S3-598425322
S1-602287969	S2-117274539,S2-196836308,S2-293002304,S2-410629067,S2-560933722,S2-874142259,S2-993515161
S1-296341423	S2-110110097,S2-563798918,S2-688289355,S2-697514180,S2-777731185,S2-850461049,S2-973605948,S2-976140156
S1-927630329	S2-572877090
S1-445694698	S2-454513549,S2-598433951
S1-185397229	
S1-143235512	S2-195804571,S2-276786057,S2-739936432
S1-448804054	S2-16159243,S2-165071678,S2-187119816,S2-19491618,S2-196613960,S2-19669279,S2-197185269,S2-210541593,S2-269098468,S2-275299832,S2-290234860,S2-370515215,S2-39765864,S2-41086033,S2-434434848,S2-460003901,S2-468427870,S2-515238264,S2-516243741,S2-555124789,S2-605726696,S2-671788102,S2-748906783,S2-783703941,S2-802095609,S2-846144599,S2-847014050,S2-898040314,S2-903049690,S2-979608338
S1-165220078	S2-587652159
S1-732710021	S3-155919142,S3-679967549
S1-280495529	S3-678337340
S1-413848349	
S1-324095800	S2-167821392,S2-245519799,S2-50100978,S2-550178936,S2-556607509,S2-605757734,S2-628921203,S2-74718379,S2-887458365
S1-724222873	S2-128557485,S2-173571191,S2-477894335
S1-195638626	
S1-382746444	S2-226152678,S2-362298658,S2-376941479,S2-728558749,S2-736193069,S2-95161749,S3-231877913,S3-98946206
S1-988843955	S2-610585136
S1-400293805	S2-22752069
S1-54009750	S2-109721388,S2-122678657,S2-128720916,S2-175110533,S2-211261651,S2-518088642,S2-525418736,S2-542035571,S2-544043110,S2-54659577,S2-55361169,S2-616079421,S2-624504947,S2-687404755,S2-695566970,S2-849608067
S1-819390353	S2-134077986,S2-182713187,S2-191891459,S2-220818177,S2-382196291,S2-413952403,S2-445729522,S2-571884248,S2-822716755,S2-877861290
S1-35384274	S2-18092795,S2-236421849,S2-304215396,S2-768186361,S2-776904229,S2-945038974
S1-476107718	
S1-271495771	S2-238610421,S3-195285194
S1-617273697	S2-205201882,S2-406411582
S1-192915963	S2-126483210,S2-189471417
S1-948638609	S2-882414672
S1-522773787	S2-748535999
S1-64938579	S2-920937154
S1-58847033	S2-150111622,S2-229182308,S2-304968353,S2-399467992,S2-51436791,S2-665603020
S1-409710402	S2-133369381,S2-387020565,S2-956684915
S1-895427926	S2-99680722
S1-578275678	S2-326187361,S2-471447413,S2-921458074,S3-499187096,S3-88460227
S1-420548393	S2-12265065,S2-222993917,S2-356129007
S1-178060739	S2-234965874
S1-276795644	S2-823059260
S1-579470647	S2-480717526
S1-484023776	
S1-441737927	S2-348724864
S1-796196384	S2-307175608,S2-458554747
S1-539293894	
S1-951857419	S2-104912488,S2-252410901,S2-281603517,S2-406776765,S2-708759889,S2-74675566,S2-848063497,S3-192161864,S3-611166199
S1-335092922	S2-534157002
S1-862840211	S3-937030591
S1-275568256	S2-18578599,S2-328658230
S1-319015810	S2-430067119,S2-451463282
S1-781997960	S2-118542573,S2-529760859,S2-74128041,S3-172869234,S3-2777653,S3-284327865,S3-390644928
S1-492617062	S2-421645407
S1-771840345	S2-222421822,S2-493830284,S2-643971928
S1-212231406	S2-110110097,S2-148978504,S2-176998529,S2-236079990,S2-299119708,S2-424060577,S2-519991448,S2-54935976,S2-711660940,S2-836193174,S2-921746636,S2-988818211
S1-924365582	
S1-856925496	S2-297345931,S2-390975724,S2-403902681,S2-459376759,S2-743773342
S1-859582945	S2-252499959,S2-450233059,S2-464525493
S1-28666330	S2-233564659,S2-303995574,S2-315025793,S2-588335766,S2-84097685,S2-868266996
S1-22655776	
S1-676615274	S2-61308849,S3-40443840,S3-808013766
S1-316133144	S2-170509529,S2-740670376
S1-721898698	
S1-566366140	S2-18334676,S2-236079990,S2-306020913,S2-440135306,S2-699224357
S1-771368017	S2-267134773,S2-318340543,S2-414982425,S2-514686318,S2-559400634
S1-665157746	
S1-489611014	
S1-722828279	S2-225955949,S2-706421176
S1-772179239	
S1-537386709	S2-450649420
S1-238165238	S2-150477512
S1-356031531	S2-271768920,S2-307388138,S2-446958182,S2-597052728,S2-862115252
S1-921973778	
S1-131170774	S2-391897300
S1-642398802	S2-46759191
S1-47602109	S2-190662806,S2-212288986
S1-822332610	S2-115070042,S2-149683701,S2-315733090,S2-337454545,S2-356235629,S2-432517474,S2-444286133,S2-510690889,S2-602470119,S2-701655049,S2-93829864
S1-919077832	S2-284231796,S2-731381882
S1-830030073	
S1-862824279	S2-173571191,S2-175859614
S1-527101867	S2-274370214,S2-428252571,S3-791529840
S1-687903267	S2-491397961,S2-82824599
S1-640315001	
S1-7006846	S2-749896529,S3-424528704
S1-538485261	S2-55371613
S1-817120518	S2-417955021
S1-876532311	S2-116453757,S2-135512918,S2-162389613,S2-166714852,S2-599752134,S2-653042915,S2-685555753,S2-70804831,S2-971067928,S3-79695331
S1-181075395	S2-298298086,S2-790260531,S2-818636740
S1-385560589	
S1-431741749	
S1-303706137	
S1-100133350	S2-102065223
S1-188567558	S2-123243939,S2-153306127,S2-162083239,S2-176998529,S2-18412586,S2-20798878,S2-21907891,S2-348744548,S2-676368068,S2-70822028,S2-713079290,S2-767912318
S1-810916940	S2-157580114,S2-320511730,S2-381446927,S2-415830971,S2-435662459
S1-638783471	S2-135718268,S2-663860066
S1-528996282	S3-310639290
S1-931909177	S2-145659624,S2-220000600,S2-48410894,S2-627976188
S1-822935443	S2-17523292,S2-482070834
S1-575597070	S2-258297963,S2-283972713,S2-284467275,S2-32110090,S2-559073111,S2-607099896,S2-755952832
S1-601866394	S2-341349443,S2-485280761,S3-295347796
S1-986250467	S2-334806631,S2-539979151,S2-58912704,S3-680344063
S1-164824822	
S1-103166552	S2-111323888,S2-761186539,S2-973459583
S1-170859973	S2-315733090,S2-332225099,S2-474177298,S2-47440433,S2-52887085,S2-915591197
S1-86871129	S2-149805306,S2-840378864
S1-725559263	S2-114134684,S2-210385973,S2-234251784,S2-25954036,S2-302546894,S2-586445229,S2-683574269,S2-70679396,S2-707856298,S2-8661351,S2-894255172,S2-972382811
S1-457103886	S2-110110097,S2-176998529,S2-18334676,S2-306020913,S2-440135306,S2-61732760,S2-699224357,S2-82693962,S2-86917411,S2-956952534
S1-927156287	S2-443735407
S1-695384054	S2-107361504
S1-678907066	S2-686141018,S2-831188127,S2-853508365,S2-992470926,S3-571791253,S3-709515094,S3-918776426
S1-485166324	
S1-373371820	S2-175110533,S2-350013887
S1-85148134	
S1-588824637	S2-183123103
S1-102697807	
S1-123614964	S2-587277
S1-967787797	S2-117981503,S2-1410902,S2-185927585,S2-362745970,S2-493771866,S2-765887457,S2-848758236,S2-937351050
S1-721417768	S2-522604804,S3-135009024,S3-139159983,S3-518579107
S1-470793695	S2-636805045,S2-720801973,S2-875520913
S1-455427378	
S1-316252575	S3-843117969
S1-552670689	
S1-880334103	S2-857506128
S1-586759500	S3-924940958,S3-95989085
S1-351996407	S2-643336283
S1-563409075	
S1-398652252	S2-445448688
S1-796881883	
S1-439669631	
S1-562917545	S2-166774826,S2-526735334,S2-672741465
S1-438822695	S2-162404039,S2-461847869,S2-935729103
S1-980913474	S2-815134859,S3-453919466,S3-855311445
S1-232078759	
S1-12817516	S2-250010440,S2-562299673,S2-99554389
S1-185743666	S2-273854014,S2-347254212
S1-91773871	S2-55281105,S2-7199420,S3-303151348,S3-3912200,S3-587004405,S3-927679517
S1-841999179	S2-736828398
S1-635087902	S2-747477389
S1-431317357	
S1-784559101	
S1-334363991	S2-305852603,S2-348447659,S2-361613275,S2-416156477,S2-422596105,S2-798708531,S2-833414529
S1-45547751	S2-262673911,S2-390381430,S2-59565429
S1-356824601	
S1-103684131	
S1-341468873	S2-185013334,S2-349539635,S2-350602102,S2-367870951,S2-380877204,S2-419385758
S1-367955149	S2-737183955
S1-302622069	S2-771961988
S1-681357632	
S1-845903916	S2-214447394,S2-504240781
S1-252167251	
S1-604174059	S2-593626071,S3-327752398,S3-452565536
S1-24294254	S2-104641449,S2-108680526
S1-688718296	S2-21050342,S2-775939463
S1-813524637	
S1-123258379	S2-146993649,S2-577186868
S1-591195599	S2-153402701,S2-773361047
S1-981947954	S2-437027817
S1-175228	S2-199429588
S1-520176288	S2-270526645,S2-449024562,S2-518473775
S1-174752015	S3-109507925,S3-174006705,S3-478633580,S3-744428888
S1-786232577	S3-422737835,S3-711868857
S1-398220951	S2-275958854,S2-579828239
S1-951690055	S2-817542755
S1-358715789	S2-264375231,S2-802641334,S3-116836569,S3-520887304,S3-898451287
S1-720588592	S2-802843313,S3-385983494,S3-810599013
S1-655925921	S2-23213942,S2-350944412
S1-566573882	S2-11638074,S3-88714467
S1-752884067	
S1-71886753	S2-147441083,S2-217345018,S2-234544755,S2-321308609,S2-382696361,S2-399058191,S2-528350957
S1-732808100	S2-109811495,S2-405810669,S2-411967947,S2-701756189,S2-767271827,S2-926915007
S1-153213682	S2-381274149,S2-597694282,S2-949752036
S1-807839340	S2-342346205,S2-610324585,S2-64305274
S1-555614917	
S1-94292397	S2-164163262,S2-18886255,S2-20798878,S2-607546602,S2-676368068
S1-211098936	S2-325684032,S2-955370895
S1-618932978	S2-126066287,S2-14753993,S2-169377307,S2-22903752,S2-6262237,S2-777920887
S1-224504767	S2-805328552
S1-361415441	S2-156018947,S2-256936826,S2-261266686,S2-664873220,S2-767934489,S3-110409637,S3-152990829,S3-329247707,S3-510627747
S1-958306728	S2-100910983
S1-32695820	
S1-244955035	S2-952729281
S1-475534552	S2-157614638,S2-909882430
S1-5941610	S2-224171675,S2-276127838,S2-301712603,S2-315025793,S2-402075700,S2-418140224,S2-422634406,S2-454760791,S2-540565178,S2-774969179,S2-831256999,S2-864706656,S2-99438370
S1-22566246	S2-111438775,S2-139995709,S2-148443471,S2-158670478,S2-164531605,S2-171968922,S2-175110533,S2-180320333,S2-202993756,S2-204413257,S2-231656679,S2-411407927,S2-455380104,S2-467051377,S2-470144907,S2-485375620,S2-48846333,S2-563399625,S2-698489713,S2-781147584,S2-785729306,S2-852566191,S2-879573885,S2-921208766,S2-97341887
S1-576909517	S2-324508515
S1-629674571	S2-157158723,S2-42003044,S2-450649420,S2-579753719
S1-808103639	S2-532444760,S3-342191949
S1-497369489	S2-301073018,S2-303995574,S2-311510180,S2-324675929,S2-462209155,S2-611386531,S2-762310335,S2-93865913
S1-768455813	
S1-169835481	
S1-420375567	S2-24597169,S2-445788825,S2-592253541,S2-719104582
S1-502674167	S2-132741297,S2-151416896,S2-17322170,S2-185013334,S2-188368209,S2-222490459,S2-23497502,S2-278841666,S2-279269003,S2-283217054,S2-297283507,S2-319977832,S2-367870951,S2-435977755,S2-48051451,S2-530247686,S2-569707049,S2-618527162,S2-62343933,S2-648693678,S2-721306836,S2-72172639,S2-729140599,S2-741879952,S2-928464334
S1-821375423	S2-109747337,S2-333544093,S2-36796117,S2-389273331,S2-949114019
S1-772032177	S2-583681386
S1-707283126	S2-205483281,S3-551315371
S1-81183886	
S1-239446939	S2-623445498,S2-816081496,S2-896252943
S1-503736434	S2-290674848,S2-326400387,S2-435005680,S2-864637358
S1-530661714	
S1-272486440	S2-10625583,S2-244037195,S2-306627610
S1-792196649	S2-417052135
S1-337743329	S2-286829333,S2-421719147,S2-821199221,S3-535789706
S1-678942192	S2-123408663,S2-124588767,S2-135970870,S2-226192457,S2-298992427,S2-300546554,S2-449758711,S2-939715475
S1-773973572	S2-274408516,S2-336704166,S2-929077146
S1-953251791	S2-186532725,S2-187535828,S2-256606708,S2-277659931,S2-317895232,S2-327430844,S2-343540507,S2-512863099,S2-51749869,S2-580853997,S2-672367090,S2-772985419,S2-776620254
S1-672855095	S3-689243815
S1-778559786	S2-417797552
S1-392673447	S2-181625854,S2-253261001,S2-260691449,S2-267134773,S2-297153150,S2-318340543,S2-444351031,S2-559400634,S2-674822594
S1-800464444	S2-411697167,S2-643336283
S1-670420071	
S1-754010939	S2-163603408,S2-315025793,S2-326224715,S2-360309771,S2-434035558,S2-557306803,S2-610191667,S2-693734223,S2-708847899,S2-709977466,S2-743986971,S2-788546237,S2-951463081,S2-974838439,S2-98036361
S1-611234292	S2-45751166
S1-21460157	S2-223531050,S2-325121358,S2-462976391,S2-533461870,S3-240691880,S3-263362363,S3-315515841,S3-503494220
S1-882381465	S2-55173083,S3-507503344
S1-823803332	S2-236617840,S2-342855489,S2-741712719,S3-405499556,S3-4737109,S3-530912607
S1-615077670	S2-377199849
S1-519660405	S2-10692696,S2-123243939,S2-153306127,S2-276708982,S2-318568249,S2-765341057,S2-767912318,S2-767936647
S1-526229216	S2-174608732,S2-239077864,S2-867095014
S1-432191735	S2-709943548,S3-445094790,S3-545725313,S3-90293060
S1-551547477	S2-476832475,S2-983651678
S1-2442401	S2-332330016,S2-738627483
S1-215924394	S2-396608240
S1-723061271	S2-147658521,S2-189031705
S1-324370531	S2-128758482,S2-152966374,S2-267289590,S2-308587438,S2-523951310,S3-352612033,S3-981003350
S1-452722544	S2-273257721,S2-838743245,S3-391027966,S3-718034245,S3-973037814
S1-98669089	
S1-560530740	S2-588792857,S2-770939451
S1-356266611	S2-224225619,S3-463974541
S1-20362737	S2-233381000
S1-947525407	
S1-534723879	S3-331673736,S3-760009659
S1-683573121	S2-229624857,S2-538022083
S1-567550420	S2-195342484,S2-231536988,S2-23191178,S2-258925491,S2-38938004,S2-425292799,S2-43393905,S2-464358235,S2-492601110,S2-521049331,S2-52880044,S2-638926005,S2-639170764,S2-697514180,S2-808924085,S2-890202084,S2-976721780
S1-366566283	S2-68231641,S2-742285186,S2-776946535
S1-41040242	S2-35205752,S2-753975938,S3-248332153,S3-348886668,S3-368780454,S3-759565155
S1-866078485	S2-151429693
S1-34374304	S2-107587738,S2-12665607,S2-175021285,S2-299517177,S2-682894767,S2-797386251
S1-942196866	S2-636146806,S3-996850484
S1-994356823	
S1-953005679	S3-478943289
S1-915006426	S2-150450265
S1-818272713	S2-407444020
S1-366568350	S2-135484104,S2-194442164,S2-26197297,S2-319932548,S2-470324870,S2-705455824,S2-719598857
S1-778400531	S2-793175239,S3-449560117
S1-206291632	S2-12927066,S2-304215396,S2-404837880,S2-418619368,S2-427781895,S2-817673301,S2-909787336
S1-511577236	S2-128340010
S1-85869392	S2-126425595,S2-129404989,S2-451463282,S2-724586955
S1-239667226	
S1-916785800	S2-152132333,S2-350602102,S2-376616809,S2-419385758
S1-647852896	S2-523054457,S2-932735145
S1-446461679	S2-39939266,S2-573777646,S2-651327748,S2-739744656,S2-786728954,S2-882025795,S3-721437473
S1-723153141	S2-151111810,S2-172768547,S2-29382278,S2-314102783,S2-392859085,S2-510424752
S1-980405029	S2-592619119,S2-78649385
S1-2688307	
S1-667360996	S2-167434009,S2-204797364
S1-952238330	
S1-736387406	
S1-735760110	
S1-297826923	S2-195633990,S2-666182935,S2-677611473,S2-825280902
S1-933297495	S2-159518363,S2-965506586
S1-903791543	S2-141011794,S2-347590655,S3-622123660
S1-659350265	S2-618324839,S2-692718517,S2-984730043,S3-391835583,S3-449252511,S3-640907826,S3-753380027,S3-919282670
S1-758994446	S2-509400781,S2-684407635,S2-908871715,S2-947782248,S3-793397250
S1-373675053	S2-276949348
S1-131153389	S2-231362459,S2-525144846,S2-553180895
S1-923908241	
S1-488432545	
S1-281814880	
S1-343855694	S2-499513927,S2-541256054,S2-928457149,S2-978571877,S2-994468432
S1-713539006	
S1-990950857	
S1-636275740	S2-256223585
S1-146347715	
S1-838019098	S2-135342354,S2-56087065,S3-811336781
S1-964829996	S2-551205535,S2-742506877
S1-70117435	S2-126475778,S2-13749840
S1-266898243	S2-625423227,S2-904085318
S1-40371153	S2-286049639,S2-459593446,S3-115049460,S3-230817577,S3-712421444
S1-498350882	
S1-998398396	S2-143484737,S3-152596250,S3-217353590
S1-236753019	
S1-871435979	
S1-641760750	S2-218586068
S1-881072058	S2-10692696,S2-109747337
S1-982292509	S2-221066721,S2-357499145,S2-396213523,S2-570430466
S1-737543910	S2-210128326,S2-242899863,S2-257063675,S2-330897416,S2-709602418,S2-791497609
S1-133736930	S2-676645449,S2-704172031,S3-562727952,S3-675105765,S3-704850450
S1-857437091	
S1-528789317	S2-178291793,S2-18653322
S1-189101283	S3-113399955
S1-940122543	S2-146663918,S3-15777869
S1-743076349	S2-141238932,S2-943852279,S2-954289213
S1-236537476	S2-243350640,S2-952390085
S1-194352096	S2-103947586,S2-168671268,S2-215194266,S2-271058898,S2-521485245
S1-256837400	
S1-457813192	
S1-570958320	S3-738627562
S1-2905410	S2-694462752,S2-869749203
S1-468820664	S2-174847060,S2-640640058,S3-278882671
S1-687738583	S2-477445858
S1-251336895	S2-150032212,S2-191707301,S2-194065890,S3-948037151
S1-777123532	
S1-835879278	S2-651211121
S1-219276967	S2-76793693
S1-448873353	
S1-997411256	S2-635659049
S1-837468130	S2-117587273,S2-159767476,S2-199899057,S2-203520208,S2-441186612
S1-622779688	S2-111790210,S2-332291689,S2-350588958,S2-438621743,S2-652402035,S2-80060838,S2-921696086,S2-957975363
S1-446904034	S2-117673399,S2-145578823,S2-157158723
S1-332435944	S2-116916345,S2-274774648,S2-366201656
S1-498399056	S2-424606715
S1-755608348	S2-933853726,S3-506101492,S3-588007557,S3-865384657
S1-302020610	S2-249620136
S1-3682287	S2-462118920,S2-589627320
S1-978407719	S2-743791262,S3-44094956,S3-761788835
S1-210355678	S2-90485115
S1-935072979	S2-469208737,S2-483074653
S1-807144880	S3-421258158,S3-444093647,S3-829558042
S1-966384008	S2-13498080,S2-160823657,S2-230629216,S2-396153724,S2-637771176,S2-710055534,S2-796837749,S2-822895234
S1-901844549	
S1-883496096	S2-664108852,S2-970133950
S1-311963774	
S1-627391539	S2-144961444,S2-780935155,S3-279216096,S3-632720762
S1-367801158	S2-600871405,S2-764068933,S2-820878461
S1-971870780	S2-155752252
S1-700789038	S3-888130026
S1-351775267	S2-519526053,S2-556395236,S2-859139047,S3-21150610
S1-490618415	S2-144911926,S2-188600257,S2-487434006,S2-608672744,S2-964338893
S1-40062178	S2-354623323,S2-573667104,S2-690275089
S1-946141508	S2-137812203,S2-190725498,S2-261149262,S2-265722826,S2-309646480,S2-41061852
S1-569810986	S2-517308967,S2-949750933
S1-664718703	
S1-422804719	S2-396442268,S2-540789478,S2-734148987,S3-745874078
S1-977287936	
S1-720754874	S2-132092981,S2-766776688,S2-786811494
S1-299476668	S2-256176039,S2-993339501
S1-803260517	S2-899536633,S2-989795739,S3-189572481,S3-482848652,S3-649570760
S1-578584595	S2-114477802,S2-391668744
S1-826056234	S2-418966925,S2-997730119
S1-16691478	S2-968757727
S1-172081474	S2-172287149
S1-682258395	
S1-297621715	
S1-868304310	S2-35056151,S2-513169487,S2-837403253,S3-890916323
S1-828233517	S2-483985240,S3-301816390,S3-601105750,S3-637671225,S3-747680138,S3-857445547
S1-595257028	
S1-760897600	S2-252046691,S2-387604070,S2-618150096,S2-744346095
S1-533631485	S2-330237121,S2-638306167
S1-462909273	S2-727148524
S1-507279311	S2-498742894,S3-185423054
S1-56413537	
S1-296102744	S2-104947097,S2-139094204,S2-175110533,S2-31275344,S2-540565178,S2-678154331,S2-783840890,S2-825946648,S2-864706656,S2-984676843
S1-316297027	S2-188481752
S1-155246833	S2-104641449,S2-156505116,S2-844245337,S2-925643313
S1-755271978	S2-264795192,S2-274063083,S2-330071219,S2-344819881,S2-408422029,S2-576998736,S2-638355514
S1-688623626	S2-317922933,S2-541317341,S2-547465034,S3-59428125,S3-685304690
S1-832058878	
S1-282310688	
S1-486063262	
S1-874239638	
S1-328471439	S2-195239649,S2-280214592,S2-95402902
S1-66416778	
S1-558934148	S2-713723055
S1-744444429	S2-743986971,S2-880426787,S2-952109285,S2-97405974,S2-974838439,S2-98036361
S1-95547571	S2-368301892,S2-373539812,S2-38978224,S2-412247491,S2-556868318,S2-604006110,S2-665607256,S2-782958098,S2-825142308,S2-860540734,S3-381563905
S1-680915510	S2-928925987,S3-749006941
S1-747785827	
S1-346269259	S2-234289048,S2-424389699
S1-893730696	S2-102201881
S1-779679041	
S1-922976713	S2-453895470,S3-630416667
S1-861648375	S2-168027925,S2-369634827,S2-664309210
S1-706310519	S2-393082758
S1-44187756	S2-252821509,S2-869379702
S1-694407511	
S1-235849615	S2-236079990,S2-267289590,S2-284681063,S2-346181088,S2-435541558,S2-519700460,S2-523951310,S2-632836044,S2-643855962,S2-681578087,S2-728126805,S2-841202959,S2-950797288,S2-955257465
S1-80309936	S2-373619388,S2-712931316
S1-752039138	S2-265722826,S2-453119217,S2-695484387,S2-709976226,S3-445257653,S3-776181766
S1-137530378	S2-470370952,S2-647072943,S2-927540989,S3-111738913,S3-237101634,S3-983812901
S1-26021538	
S1-50206704	S2-16159243,S2-165071678,S2-187119816,S2-19491618,S2-196613960,S2-19669279,S2-197185269,S2-269098468,S2-275299832,S2-370515215,S2-39765864,S2-41086033,S2-447125532,S2-460003901,S2-468427870,S2-516243741,S2-555124789,S2-604867386,S2-605726696,S2-671788102,S2-716274656,S2-748394573,S2-783703941,S2-802095609,S2-846144599,S2-847014050,S2-898040314,S2-903049690,S2-9193468,S2-979608338
S1-63353734	
S1-985030700	S2-15578736,S2-857135268,S2-879130061,S3-250227230,S3-58578568
S1-512173527	S2-102002062,S2-135506804,S2-25056056,S2-445952716
S1-956987965	
S1-196680744	
S1-298467952	S2-114640801,S2-208890076,S2-271684821,S2-558151721,S2-664699004,S2-74758065,S2-788344240,S2-867399885,S2-977344006
S1-665099659	S2-540484257,S2-937764705
S1-892584591	S2-119419115,S2-891776228,S2-974932936
S1-961177944	S2-129404989,S2-148837251
S1-988241951	S2-102002062,S2-190162920,S2-243350640,S2-429776897
S1-392780875	S2-541960990
S1-350613771	S2-298908061,S2-372581756,S2-559562773
S1-682136106	S2-143780233,S2-198830105,S2-350013887,S2-429776897,S2-440311893,S2-566025912,S2-672741465,S2-725035991,S2-744397227,S2-817518827,S2-827762797
S1-46179222	S2-244393494,S2-517297176
S1-876565028	S2-753618109,S2-985655253
S1-648959660	
S1-648840657	
S1-436282957	S2-449961333,S2-610365288,S3-474578484
S1-221675426	S2-588061688
S1-333434029	
S1-443495120	S2-737183955,S2-998333515
S1-281327248	S2-170236526,S2-212288986,S2-25818383
S1-827671639	S2-106225130,S3-697695267,S3-735664792
S1-73091612	S2-125026720,S2-15975240,S2-269722604,S2-970451306,S3-127447546
S1-525512619	S2-883198166
S1-116249378	
S1-739628707	S2-515607240,S2-627682672,S2-641629728
S1-791524462	S2-108984077,S2-132721834,S2-192744263,S2-679813434,S2-72146128
S1-230068977	S2-445579700,S2-490060928,S2-603995477,S2-752713110
S1-657858130	S2-141238932,S3-144708338
S1-371328996	S2-659667401
S1-761091050	
S1-894834345	S2-242517171,S2-39057775,S2-98556630
S1-201098479	
S1-910487857	
S1-681432974	
S1-828511658	S2-244584740,S2-775926120
S1-791679666	S2-125185133,S2-236904134,S2-426148837,S2-567438333,S2-587992644,S2-599752134,S2-70804831,S2-716971476,S2-73255518,S2-799075834,S2-910975427,S2-960573786,S2-971067928
S1-122133527	S2-211133725,S2-305917757,S2-750575580
S1-852681841	S2-128261083,S2-174362778
S1-57899346	
S1-989277953	S2-100146911,S2-810911198,S2-906829049,S3-407945795
S1-259348609	
S1-332228620	S2-783691890,S2-823930130
S1-654402730	S2-196458438,S2-598539933,S2-92703602,S2-961339540
S1-246874064	S2-131462855,S2-200332397,S2-290851426
S1-637758265	S2-116754726,S2-12210851,S2-122450773,S2-140605536,S2-151923438,S2-163657158,S2-170144683,S2-17853482,S2-193510687,S2-223340813,S2-226359557,S2-232301612,S2-240947445
S1-906354566	S2-472651701
S1-126118707	S2-116793996,S2-139451084,S2-152157970,S2-206030741,S2-522108089,S2-688561435,S2-767271827,S2-804346804,S2-806812185,S2-810136573,S2-837429306,S2-850911154,S2-955874241
S1-82002881	
S1-411703958	S2-134111656,S2-727004925,S2-775308714,S2-86267647
S1-384778473	S2-18558428,S2-341349443
S1-609566237	
S1-843921839	S2-1626921,S2-372030928,S2-398209164,S2-44713064,S2-52624665,S2-541400265,S2-542711036
S1-170728775	
S1-49417587	S2-527012256
S1-768690404	S2-849187717
S1-325960388	S2-18373037,S2-220248812,S2-34145552,S2-511809981
S1-980197078	
S1-852890634	S2-453119217,S2-54070460,S2-556868318,S2-757204109,S2-783648666,S2-886069054,S2-974838439,S2-98036361
S1-781625833	S2-123116571,S2-312895247,S2-668662950,S2-996046072,S3-278982958,S3-789073061,S3-862219943
S1-618005722	S2-825845870
S1-592497400	S2-141238932
S1-281009967	S2-802856215
S1-351181278	S2-296106288,S2-347852873,S2-494285589,S2-546768972,S2-64086207,S2-81282616,S3-782198142
S1-457628684	S2-306093543,S2-491439785,S2-554918673,S2-570142178,S2-576734223,S2-644767878,S2-714245658,S2-92128471
S1-868828554	S2-110695320,S2-688141947,S2-706987830
S1-813104560	S2-842959661,S3-239593719,S3-462648138
S1-954610668	S2-258508182
S1-501623157	S2-302907708,S2-570765120,S2-733000571,S2-763471432,S2-999295878
S1-37212391	S2-694778309
S1-709818799	
S1-746885449	S2-123243939,S2-153306127,S2-311510180,S2-324675929,S2-462209155,S2-68785449,S2-716588220,S2-724263716,S2-762310335
S1-695648384	S3-892992361
S1-590482184	S2-364211484,S2-474122835,S2-579139080
S1-206290912	S2-120843330,S2-152358127,S2-347067118,S2-75830436,S2-860239034
S1-160663130	
S1-809097737	S2-141230372,S2-317161902,S2-319479720,S2-342254501,S2-672445832,S2-852876175,S2-934250760,S3-59947897,S3-76455596
S1-254294411	S2-451357836,S2-848331465
S1-388074615	S2-267869955,S2-786702194
S1-29574871	S2-501204188,S2-538540888,S3-137239205,S3-249711434
S1-716861603	S2-107557903,S2-218019708,S2-235808422
S1-538571851	
S1-437596220	S2-199337810,S2-364418703
S1-121871847	S2-141712837,S2-207819471,S2-240649276,S2-450692244,S2-588108621,S2-844268595
S1-699987255	S2-468427870,S2-563798918,S2-576745524,S2-850461049,S2-973605948
S1-101741196	S2-102768100,S2-351429724,S2-373886047,S2-637340246,S2-936261349,S3-548535929,S3-750749754
S1-54141088	S2-864213911,S2-890108044
S1-426423111	S2-242850867,S2-358224436
S1-781073832	S2-301570617,S2-615203557,S2-691294324,S2-894409810,S3-158927026,S3-218874624,S3-489830979,S3-508576853,S3-833839095
S1-842893534	S2-803775063
S1-16328072	S2-567974692,S2-840878627,S2-913580970,S3-128338672,S3-255888963,S3-523609579,S3-614891768
S1-444427296	
S1-56786823	S2-258636086
S1-562470646	S2-160475242,S2-81458310
S1-155358859	S3-60563351
S1-420200038	S2-210128326,S2-257063675,S2-393776645,S2-709602418,S2-791497609,S3-771503016
S1-355159597	S2-162547928,S2-178432826,S2-205897667,S2-248990703,S2-926593422
S1-981813694	
S1-492172285	S2-161545092
S1-906585163	S2-107557903,S2-33514090
S1-868887466	S2-927949057
S1-380797072	S2-70581577,S2-710481898,S2-835459359,S2-880915406
S1-26954671	S2-348655429
S1-921805363	S2-38906949,S2-468464713,S2-629741190,S2-783787234
S1-727723950	S2-692098678,S3-792032001
S1-157779468	S2-27137960,S2-971127771
S1-637391058	S2-162312567,S2-842812696
S1-775496488	S2-290291998,S2-375481853,S2-52880044,S2-687464505,S2-809443008
S1-222110449	
S1-889737466	
S1-27919663	S2-343201542,S2-804925701
S1-866159128	S2-32416866
S1-724631737	S2-4850553,S3-161024363
S1-391356263	S2-221309113,S2-240494120
S1-378165171	
S1-770322523	S2-122300392,S2-143988715,S2-167317189,S2-183013774,S2-228588303,S2-246445052,S2-261095518,S2-262628132,S2-274721885,S2-277689625,S2-307689980,S2-347918183,S2-37065200,S2-396046941,S2-453996934,S2-516539096,S2-548932167,S2-654298869,S2-671717947,S2-695566970,S2-713264333,S2-749129368,S2-750179225,S2-768210985,S2-814744581,S2-849969528,S2-935960764
S1-465628397	S2-425345627,S2-48944870,S2-839415047
S1-235174796	
S1-873238424	S3-976188364
S1-558684056	S2-723252365
S1-728940834	S2-120922404,S2-253220938,S2-271757526
S1-727493773	
S1-576669140	S2-130855457
S1-298717636	S2-169701692,S2-215194266,S2-312571712,S2-331301868,S2-363980567,S2-476271823,S2-502124284,S2-521485245,S2-532673061,S2-544508980,S2-573152653,S2-611759661,S2-626761254,S2-646218526,S2-862900914
S1-591126110	S2-135462205,S2-878713427,S3-237543572,S3-266400069
S1-446879097	S2-732331434,S3-308169694,S3-514245134,S3-667900094,S3-78952354
S1-231255268	
S1-901318343	S2-11007963,S2-158388966
S1-810339465	S2-109721388,S2-128720916,S2-321800777,S2-708622300,S2-72717341,S2-812086799,S2-908376650,S2-921939870,S2-924620257
S1-982267415	
S1-668990649	
S1-46515805	S2-105853349,S2-146143039,S2-414946869,S3-108113253
S1-570479164	S2-194169678,S2-346858102
S1-678994081	S2-274721885,S2-283744786,S2-339238296,S2-368708876,S2-412246544,S2-493735561,S2-506155991,S2-506736866,S2-514162097,S2-527925015,S2-554899730,S2-570546898,S2-597020302,S2-652202457,S2-72650353,S2-869616664,S2-873365432
S1-54423855	S2-134022103,S2-89039069,S3-258876738
S1-888562900	S2-357520548
S1-113259386	
S1-178319905	S2-107711518,S2-195971185,S2-942803887
S1-751953341	S2-50764309,S2-730665666
S1-864383549	S2-124493396,S2-1792450,S2-18043697,S2-305257634,S2-3129720,S2-319496069,S2-339133800,S2-342139449,S2-373725298,S2-395673391,S2-408691428,S2-422628466,S2-472053206,S2-483873987,S2-585841277,S2-598234126,S2-624888332,S2-630188007,S2-732890645,S2-756383273,S2-783606874
S1-192179066	S2-120323672,S2-180845265,S2-185013334,S2-198830105,S2-297283507,S2-423000730,S2-479068086,S2-49948280,S2-569707049,S2-620682641,S2-648693678,S2-672741465,S2-721306836,S2-741879952,S2-76461859
S1-236455581	S2-677455759
S1-206874769	
S1-564459570	S2-820436464
S1-694782873	S2-141406083,S2-372331648,S2-739999124,S3-228467721,S3-854573832
S1-641335295	S2-221989709
S1-786079276	
S1-200822016	S3-690005369
S1-29956364	S2-106041779,S2-11003035,S2-141272493,S2-213455423,S2-987087956
S1-660846876	S2-601286124,S2-894387153,S2-983475996
S1-304161945	S2-120323672,S2-132741297,S2-180845265,S2-198581484,S2-258265243,S2-311176703,S2-335122263,S2-352778464,S2-423000730,S2-427785200,S2-441813094,S2-476882556,S2-479068086,S2-573848201,S2-596503094,S2-620682641,S2-623567631,S2-660792558,S2-696019604,S2-76461859,S2-791580552,S2-813718745,S2-836922979,S2-886484824
S1-684804672	
S1-104247983	S2-254237917
S1-150645194	S2-261539564,S2-319387444,S2-550218444
S1-789233617	
S1-464304619	S2-413363281,S2-567666589,S2-576561367
S1-572174013	S2-130147955
S1-220323729	S2-139666750,S2-385634465,S2-4587908,S2-613305213,S2-782382300,S2-798350077,S2-841397307,S2-96058706
S1-963246620	S2-169044222,S2-858481209
S1-155008716	S2-106071796,S2-12693709,S2-139717695,S2-165648424,S2-288163646,S2-373804391,S2-542711036,S2-579001932,S2-641784419,S2-685762130,S2-751270171,S2-766232113,S2-834651202
S1-429000029	
S1-490327275	S2-392859085
S1-212108227	
S1-655422777	S2-538225822
S1-432910021	S2-769237894,S2-87429518,S3-457953371,S3-538909418,S3-734969206
S1-998103290	S2-106517141,S2-271915654,S2-336974053,S2-435356434,S2-707225232,S2-793024775,S2-924530836,S3-658705762,S3-881182398
S1-590586409	S2-283305623
S1-945048543	S2-554191489
S1-274497090	S2-597052728
S1-497309396	S2-262587395,S3-582268867,S3-749245399
S1-863694207	S2-350299983,S2-572237738,S2-972196842,S3-225101079,S3-450881143,S3-682952880
S1-895090251	S2-195713023,S2-224100536,S2-366708934
S1-940022999	
S1-861605602	S2-193151395,S2-429824499,S2-544437384
S1-462887243	
S1-981451295	
S1-214876934	S2-128074723,S2-148803203,S2-338159128,S2-958914142,S3-638887729
S1-739737336	S2-221562433,S2-225538585,S2-279270783,S2-286758822,S2-625449010,S2-685825527,S2-857897250,S2-937647513
S1-387839518	
S1-875265602	
S1-948904670	S2-136023624,S2-265573676,S2-274721885,S2-28207614,S2-581890388,S2-974838439,S2-98036361
S1-41814065	S3-759880935
S1-653509301	S2-13279391,S2-369813471,S2-382051640,S2-625290267,S2-75450184,S2-877869756,S3-379411616
S1-806260800	S2-256393403
S1-588596686	
S1-618708781	S2-235440626,S2-299167606,S2-825142308,S2-869919762,S2-938065576
S1-996440673	S2-153306127,S2-18412586,S2-231536988,S2-241587641,S2-349782787,S2-416737331,S2-444652516,S2-47713163,S2-501289649,S2-51749869,S2-523436642,S2-602368619,S2-617847333,S2-638926005,S2-670347109,S2-713079290,S2-735962271,S2-767912318,S2-793448448,S2-821529557,S2-824540444,S2-831300830,S2-845923292,S2-884476783,S2-885008003,S2-985328296,S2-994051040
S1-797984546	
S1-998608754	S2-160014538,S2-23756023,S2-315328338,S2-367870951,S2-423313713,S2-512860425,S2-71128315,S2-719878056,S2-752226606,S2-813733153,S2-829197892,S2-93810166,S3-884430037
S1-729646541	S2-118948142
S1-621165749	S2-802405231
S1-794339918	
S1-798078202	S2-149726747,S2-190960570,S2-199675789
S1-733170831	S2-190385874,S2-532440954,S3-476901349,S3-546506781
S1-720648813	S2-475121707,S2-580844299
S1-318562373	S2-24746528,S2-896796785
S1-291318032	S3-603647580
S1-678735682	
S1-685238800	S2-161919331
S1-160523670	S2-260476610
S1-403620074	S2-135243872,S2-143988715,S2-148044138,S2-236316484,S2-308542826,S2-41061852,S2-642933590,S2-737981941,S2-876551688
S1-274419973	S2-116671772,S2-120046112,S2-131003237,S2-144771442,S2-168523241,S2-175222666,S2-178199642,S2-188869394,S2-202896609,S2-204959444,S2-234187854,S2-238191095,S2-249122526,S2-451267558,S2-732999659,S2-737929529,S2-75802885,S2-781167221
S1-523298958	
S1-35902882	
S1-975441536	
S1-202913143	S2-144375332,S2-202629828,S2-318349088,S2-370899842,S2-414291297,S2-583816930,S2-752900128,S2-808418539,S3-477274582,S3-754330362
S1-475022934	S2-469961716
S1-642418104	S2-166991997,S2-232218780,S2-240276826,S2-314911396,S2-428678813,S2-710615991,S2-837514452,S2-861923924,S2-897575310,S3-2170522,S3-623501294
S1-25787022	S2-109747337,S2-402060780,S2-453119217,S2-806381375
S1-779439369	S2-980377037,S3-106047163
S1-609101398	S2-238841828,S2-898790281,S3-482832812
S1-219911047	S2-113030646,S2-607731933
S1-319590585	S2-151628892,S2-160450502,S2-331151560,S2-416360111,S2-631372359,S2-984783037
S1-948838374	S2-10332628,S2-136310775,S2-28316742,S2-319352046,S2-470331514,S2-470886842,S2-629031424,S2-710220813,S2-725227345,S2-993237129
S1-56886200	S2-100191272,S2-235325225,S2-467136296,S2-517315305,S2-757413235
S1-492673642	S2-129046897,S2-151497011,S2-292845680,S2-373539812,S2-4096138,S2-466486938,S2-49455096,S2-613067344,S2-629643613,S2-679813434,S2-782671757,S2-825142308,S2-922787014
S1-252480535	S2-55371613
S1-205309033	S2-62217607,S2-658341349
S1-703703530	S2-424970440
S1-163837924	S2-175743002,S2-32286377
S1-162859724	S2-597651560,S2-987293984
S1-938222710	S2-155221775,S2-64993262,S2-894122988
S1-944754419	
S1-676145534	S2-666355214,S2-942896240,S3-534657759
S1-324416566	S2-125471884,S2-128720916,S2-216986601,S2-518088642,S2-638452722,S2-695566970,S2-699688111
S1-126312625	S2-635059643,S2-942592303
S1-513502678	S2-255110780,S2-38614688,S2-412259013,S2-454041157,S2-561812479,S2-9056309
S1-610928085	S2-281643624,S2-526686594
S1-452529574	S2-385741717
S1-450854107	S2-548123719,S2-570511241,S2-599669874,S2-609488329,S2-656048830,S3-122956499,S3-654581606,S3-765541261
S1-541947409	S2-146442664
S1-891196346	S2-135155223
S1-470105011	S2-305636121,S2-567988427
S1-680147300	S2-178623487,S2-190142880
S1-997724182	S2-242353125,S2-242517171,S2-39057775,S2-414873797
S1-359147452	
S1-568911579	S2-121272597,S2-123007061,S2-132512803,S2-171000366,S2-186626377,S2-207217799,S2-236096250,S2-256621857,S2-326046453,S2-329405096,S2-342304133,S2-403539323,S2-404142853,S2-485377927,S2-51877109,S2-534796720,S2-574584543,S2-57864443,S2-597397985,S2-607502347,S2-63082253,S2-639593498,S2-685480560,S2-703722492,S2-847933753,S2-907620830,S2-910325046,S2-914907346,S2-920233551,S2-984363671
S1-267301579	
S1-600766140	S2-158681675,S2-401092803,S2-429891816,S2-443392495,S2-530243272,S2-538671636,S2-739699756
S1-99916388	S2-381333705,S2-671100868,S2-829225437
S1-91234832	S2-102218486,S2-353121073,S2-499299724
S1-825648683	
S1-179831758	S2-240302357,S2-400260091,S2-637692684,S2-746127978
S1-625910648	S2-350128086,S2-400972188
S1-357544432	
S1-209653672	S2-21739219
S1-16139337	S2-237128865,S2-256425559,S2-70669716,S2-788610486,S2-853027522,S2-987306805
S1-333306935	
S1-258585613	S2-418966925,S2-772404260
S1-606897442	
S1-607966851	S2-362361597,S2-38978224,S2-556868318,S2-604006110,S2-642968609,S2-679813434,S2-782958098,S2-860540734
S1-240462690	S2-188195190,S2-195825549,S2-782097500
S1-876754607	
S1-137874522	
S1-679191511	S2-140384667,S2-481312282,S3-1174989,S3-18390442,S3-43336775
S1-868123277	
S1-241250256	S2-120877989,S2-509990543,S2-989788710
S1-320103732	S2-62657246
S1-899819105	
S1-298935650	
S1-981463267	S2-101155403
S1-438280992	S2-164541005,S2-170295873,S2-415190622
S1-105634332	S2-418293391,S3-225353654,S3-242576255
S1-171942591	
S1-379142732	S2-246524037
S1-621949335	S2-230237991
S1-51750115	S2-111438775,S2-125185133,S2-164531605,S2-175110533,S2-180320333,S2-202993756,S2-257820483,S2-261095518,S2-294998398,S2-311792054,S2-333646163,S2-350013887,S2-362535049,S2-459485143,S2-526500567,S2-540565178,S2-892637813,S2-916704724,S2-935533664
S1-88843675	S2-198135409,S2-239698666,S2-401135155,S2-413305451
S1-225618497	S2-121272597,S2-123007061,S2-132512803,S2-171000366,S2-207217799,S2-236096250,S2-240389788,S2-256621857,S2-295222105,S2-326046453,S2-329405096,S2-342304133,S2-403539323,S2-404142853,S2-434601263,S2-485377927,S2-51877109,S2-534796720,S2-574584543,S2-597397985,S2-63082253,S2-639593498,S2-685480560,S2-703722492,S2-847933753,S2-907620830,S2-910325046,S2-914907346,S2-920233551,S2-984363671
S1-591518512	S2-330298828,S2-336074604,S2-410936191,S2-436639368
S1-368845929	S2-266727994
S1-225813956	
S1-744657415	S2-710730847
S1-942397490	S2-110110097,S2-176998529,S2-23191178,S2-236079990,S2-423588119,S2-43393905,S2-467888903,S2-54935976,S2-588813218,S2-670347109,S2-672741465,S2-739699756,S2-75676145,S2-90237210
S1-230432700	S2-121743700,S2-181022430,S2-345942210,S2-815660913
S1-115142882	
S1-378278641	S2-143218931,S2-856032972
S1-285617489	S2-473390217,S2-795230040
S1-35103378	S3-418154992
S1-875908553	
S1-960828400	
S1-185081423	S2-542711036,S2-645886241,S2-672741465,S2-739699756,S2-99572113
S1-70444258	S2-783932242
S1-163898250	S2-173139136,S2-187765330,S2-325090876,S2-577580899,S2-887821937
S1-107065684	S2-13460877,S2-20869901,S2-353769894,S2-373539812,S2-479898081,S2-825142308
S1-436252140	S2-779345974
S1-340234573	S2-85144335
S1-589978169	S2-361013609,S2-666885349
S1-994559742	S2-369174145,S2-776495219
S1-913169659	S2-17193825,S2-231536988,S2-40901604,S2-427559551,S2-526735334,S2-651823332,S2-848460918,S3-223230966,S3-682447419
S1-3078790	S2-111886916,S2-132805742,S2-193356122,S2-358941858,S2-381509678,S2-493771866,S2-514672179,S2-563232641,S2-77010892,S2-784245256,S2-801164803,S2-836922979,S2-912646826,S2-975664547
S1-808086391	S2-145578823,S2-208281673
S1-164124819	S2-289220152,S2-566305167
S1-942892378	S2-612793834
S1-565994804	S2-15594295,S2-169207720,S2-432174895,S2-742077413
S1-313404344	S2-46251183,S2-609026368,S2-925400951
S1-800263893	S3-889811781,S3-936860406
S1-602459218	S2-219252200,S2-379274817,S2-620408234,S3-513375304,S3-717664205,S3-815467208
S1-856358436	S2-115845816,S2-17690219,S2-303460493,S2-323656283,S2-338638004,S2-34282898,S2-420814161,S2-478120491
S1-606705669	S2-112537011,S2-143289999
S1-444290304	S2-188839367,S2-433237326,S2-844467374
S1-541963420	S2-480232840
S1-827513281	S2-583865729,S3-213668637,S3-278168752
S1-938070544	S2-15083666,S2-2881302,S3-908520561
S1-799478574	S2-34028387,S2-796825380
S1-702420330	
S1-667877787	
S1-278104116	S2-11314120,S2-115920665,S2-156296929,S2-204797364,S2-213789890,S2-259684267,S2-987005801
S1-62987042	S2-120902383,S3-618901740
S1-725444957	S2-696382264,S3-599266392
S1-407828731	S2-193151395
S1-829771404	S2-106401301,S2-224242115,S2-390561860,S2-546106962
S1-152216944	S2-445470025
S1-44030155	
S1-781656501	
S1-115119683	S2-913245511
S1-601734009	S2-11464153,S2-17590817,S2-621490640,S2-662819493
S1-480840916	S2-554191489
S1-80206055	S2-281611162,S2-291737812
S1-6252468	
S1-46781453	S2-162220199,S2-420249647,S2-896278008
S1-332128727	
S1-471722254	S2-103724580,S2-163622095,S2-186381281,S2-45321902,S2-631141588,S2-67236546,S2-708582381,S2-798530498,S2-866872084,S2-965315910,S3-12689277,S3-213661956,S3-281641386,S3-457487925,S3-877705501
S1-606244252	S2-213927856,S2-417677038
S1-662325917	
S1-212763884	S2-772628759
S1-507730060	
S1-732561712	S2-143780233,S2-198830105,S2-204413257,S2-350013887,S2-440311893,S2-566025912,S2-672741465,S2-725035991,S2-744397227
S1-602840790	S2-146955631,S2-217060706,S2-231536988,S2-526735334,S2-539121573,S2-838006335
S1-929221066	
S1-540649388	
S1-691850070	S2-306918106,S2-318889241,S2-412354252,S2-557942316,S3-449102453,S3-862474001
S1-988174067	S2-117673399
S1-566918312	S2-212821777,S2-287858288,S2-291737812,S2-417445200,S2-839688182
S1-421134957	S2-212288986,S2-406877889
S1-445531949	
S1-223798318	S2-327895743,S2-529733868
S1-169393547	S2-623898912
S1-26185023	S3-86366631
S1-77161439	S2-110033403,S2-216588237,S2-47595061,S2-508262928,S2-930699643
S1-909167967	
S1-799494943	S2-135506804,S2-158681675,S2-187946182,S2-429891816,S2-530243272,S2-538671636,S3-379751380
S1-693391179	S2-410213318,S2-901611842
S1-551053619	S2-176486162,S2-22224194,S2-661992783,S3-562448644
S1-517071571	S2-146095746,S2-40735175
S1-362436750	S2-470542414
S1-380858584	
S1-830349135	S2-115869375,S2-387588469,S2-448278350,S2-673981985,S2-84994998,S2-869385108
S1-772005725	S2-232689639
S1-145391960	
S1-117555580	S2-562300790
S1-964929482	S2-415804797
S1-919442109	
S1-901635365	
S1-38447718	S2-538020925,S2-55322778,S2-841619922,S2-855420930
S1-343740971	S2-27106866,S2-436287128
S1-927874663	S2-445188040,S2-576798413,S2-811048962,S3-171490641,S3-981203295
S1-303778185	S2-104694674,S2-107269047,S2-108315612,S2-408981204,S2-527599400,S2-625405809,S2-679215688,S2-84994998
S1-832891995	
S1-553301933	S2-145578823,S2-720751175,S2-941547919
S1-560995875	S2-330344696,S2-447963596,S2-457467545,S2-491297882,S2-672741465,S2-73405617,S2-886521242,S3-970961486
S1-327498387	S2-253645445,S2-323745786,S2-364969049,S2-370957821,S2-40696125,S2-517271543,S2-543310171,S2-569617315,S2-590137906,S2-609136993,S2-787782827,S2-799342669,S2-887896912,S2-968505057
S1-591311484	S2-606553458,S2-664108852,S2-998362525,S3-248465285
S1-866282042	S2-628632464
S1-887350477	S2-108594879,S2-255517635
S1-965538978	S2-140103443,S2-199621344
S1-230923930	S2-132338665,S2-345990674
S1-627099947	S2-101042191,S2-133671841,S2-800580647,S3-598783859
S1-848343163	S2-349203608,S3-342880721
S1-928051159	S2-289639361
S1-593733409	
S1-487048421	S2-824700885
S1-779160551	S2-360461536,S2-963397852,S3-111530682,S3-231548501,S3-796188257,S3-828790286,S3-890377752
S1-316155401	
S1-350662855	S2-110624228,S2-152614142,S2-37179702,S2-762622545,S2-875094354,S2-920001937,S3-244645207,S3-77002699
S1-665642212	S3-222754420
S1-891777266	S2-274523536,S2-661787140
S1-145052101	S2-905433013
S1-276547156	S2-340003567
S1-416998868	S2-450038746
S1-984658511	S2-151671279,S2-599578116,S2-761766443,S2-763653703,S2-836912426,S2-946600728,S2-977271823
S1-70281311	S2-112551426,S2-120342813,S2-15118352,S2-151535597,S2-227098475,S2-236023824,S2-247809705,S2-348124281,S2-447100908,S2-502237099,S2-852030306,S2-913082238,S2-923464804,S2-927283648,S2-927621925
S1-36413381	S2-205277677,S2-669209731,S2-744784739,S2-905695530,S3-552247643,S3-632115263,S3-803222198,S3-848316858
S1-712161795	S2-155027971
S1-277943534	
S1-562003820	S2-170490363,S2-318716184,S3-346932511,S3-418950133,S3-804420866
S1-86793473	
S1-975313526	
S1-29373805	S3-279870994,S3-631743083
S1-266627430	S2-10692696,S2-123243939,S2-153306127,S2-20798878,S2-294315780,S2-318568249,S2-676368068,S2-68063245,S2-70822028,S2-765341057,S2-765834139,S2-767912318,S2-838006335,S2-933724724
S1-902635948	S2-347496728,S2-387967930,S2-43266507
S1-769494478	
S1-265951081	S2-126972616,S2-175639423,S2-215662057,S2-400124269,S3-608793779,S3-827258000
S1-640948674	S2-118169760,S2-193640319,S3-229109067,S3-767340456
S1-804626572	S2-100223366,S2-139506199,S2-178104474,S2-516158727,S2-748044229,S2-871107654
S1-843839347	S2-335845758,S2-518867246,S2-607218236
S1-715230360	S2-1538653,S2-705522742,S3-702818165
S1-52082802	S2-519399422,S2-679641529,S2-738354733,S2-76161823,S3-401416874,S3-72868887,S3-822575206,S3-829276961
S1-588314359	S2-340704422
S1-567448102	S2-119111250,S2-182516890,S2-260173948,S2-290778183,S2-295561430,S2-651234724,S2-930421762
S1-301157367	
S1-833620318	S2-651758980
S1-194727163	
S1-912240801	S2-416759938,S2-534577231,S2-769017789,S3-204569774,S3-571214512,S3-786408753,S3-871861645,S3-94413376
S1-183266233	S2-114651839,S2-273406527,S2-449316888,S2-723092617
S1-709611242	
S1-110056408	S2-355087012
S1-85606506	
S1-895968005	S2-103166660,S2-112763258,S2-211711008,S2-243654869,S2-339147960,S2-348510623,S2-461773707,S2-741611655
S1-818051408	S2-122910179,S2-5983007,S2-641629728,S3-143771059,S3-845968546,S3-880147328
S1-1263247	S2-22780793,S2-357608357,S2-483074653
S1-876891514	
S1-772238960	
S1-55671265	S2-371864205,S2-530569520,S2-862205961
S1-822340265	
S1-454434202	S2-221932902,S2-730055402
S1-553023395	S2-119562010,S2-376690718,S2-408379768,S2-435977755,S2-554836741,S2-616338952,S2-785893047,S2-823694318,S2-900540282
S1-938167981	S2-109673907,S2-343043341,S2-370210314,S2-494612330,S2-586054493,S2-828174734,S2-891383097
S1-438143217	S2-391567942,S2-4951909,S2-778414091,S2-800832275,S3-239870628
S1-406935524	S2-166774826,S2-310361880,S2-463286962,S2-552096215,S2-676131215
S1-743850218	S2-129404989
S1-969134796	S2-333588357,S2-565593731,S2-658724800,S2-829347703,S3-475751100,S3-88936689
S1-163211549	S2-365794787,S2-998091140
S1-396900382	S3-287436167
S1-839630798	S2-149091099,S2-316489132,S2-317271424,S2-718956949,S2-795203303,S2-902656872
S1-136262276	S2-944879708,S3-48567759
S1-777709887	S2-109172202,S2-240995538,S2-400706190,S2-694203480,S2-760783929
S1-476681256	S2-309982128
S1-332159304	
S1-388600682	S2-143780233,S2-180845265,S2-205139630,S2-566025912,S2-715732233,S2-967579965
S1-314718661	
S1-834685390	S2-567519248
S1-709320824	S2-159736690,S2-378720825,S2-414573116,S2-541889831,S2-713940053,S2-74904141,S3-528986219,S3-962657045,S3-977328845
S1-335722158	S2-636142595,S2-795813432,S3-286311775,S3-643846739
S1-908042957	S2-692539461,S2-828837095
S1-210021380	S2-426445572
S1-193649231	
S1-87570736	S2-159477674
S1-932364568	S2-177339406,S2-445004610,S2-701757377,S2-992470048
S1-583802868	
S1-989461090	
S1-846779599	S2-121272597,S2-123007061,S2-132512803,S2-171000366,S2-207217799,S2-236096250,S2-240389788,S2-256621857,S2-295222105,S2-326046453,S2-329405096,S2-342304133,S2-403539323,S2-404142853,S2-434601263,S2-485377927,S2-51877109,S2-534796720,S2-574584543,S2-597397985,S2-63082253,S2-639593498,S2-685480560,S2-703722492,S2-847933753,S2-907620830,S2-910325046,S2-914907346,S2-920233551,S2-984363671
S1-966093982	S2-282956525,S2-907409970
S1-429781963	S2-122475167
S1-368854847	S2-579051355
S1-312405348	
S1-209453623	S2-179550671
S1-459304212	S2-278480178,S2-741840434,S2-846083361,S2-849984298
S1-929589038	S2-192407051,S2-795335640,S2-903302018,S2-908091049,S3-378803723,S3-384938402,S3-706076322,S3-738993060,S3-955063918
S1-94941873	S2-136859782,S2-39723929,S2-44836776,S2-59898012
S1-30797567	S2-269353941,S2-350690640,S2-385865057,S2-873147784
S1-904831205	S2-403895533,S2-419672582,S2-466480451
S1-679520605	
S1-770415462	S2-234417152,S2-370501143
S1-56582064	
S1-207571911	S2-167138393,S2-274721885,S2-493735561,S2-70804831,S2-880426787
S1-380257772	
S1-431077991	S2-166774826,S2-480965901,S2-835681531,S2-895604923
S1-658738892	S2-622431599
S1-767794661	S2-502602908,S2-608676126,S2-989017087
S1-309050179	S2-153275752,S2-538196235,S2-869919762
S1-215516049	S2-137901846,S2-227333460,S2-25056056,S2-278976022,S2-589350155,S2-644142755,S2-675869947,S2-710233773,S2-730764311
S1-989106130	
S1-328973404	
S1-891451955	
S1-779096738	S2-60240956,S3-607812745,S3-79335750,S3-82618051
S1-302755292	S2-148614998,S2-185013334,S2-258925491,S2-281044982,S2-342790091,S2-367870951,S2-376616809,S2-425292799,S2-443677278,S2-52880044,S2-602985825,S2-639170764,S2-697514180,S2-717201533,S2-793863436,S2-890202084,S2-976721780
S1-546135625	
S1-460402974	
S1-122968855	S2-561873740,S3-90846368
S1-415279496	S2-455280274,S2-867105488
S1-476826753	
S1-298909266	S2-20605699,S2-516730818,S2-683660345
S1-525404470	
S1-450657275	S3-150349698,S3-15923659,S3-539086457
S1-333899460	S2-907518788
S1-484452791	S2-727022607
S1-326127297	S2-121118512,S2-857883407
S1-71980	
S1-278947666	S2-132742126,S2-185263108,S2-667917880,S2-820001061
S1-639980008	S2-26218444,S2-313170323,S2-464814999,S3-211773236,S3-297981994,S3-340337541
S1-540271882	S2-10204223,S2-135506804,S2-137901846,S2-192407921,S2-227333460,S2-236079990,S2-25056056,S2-258925491,S2-278976022,S2-370919988,S2-547059865
S1-157228180	S3-414943043
S1-897474359	S2-140595486
S1-170346856	S2-638449123,S2-832953672
S1-923381931	S2-156443742,S2-238227287,S2-252986419,S2-254663554,S2-392595553,S2-393320893,S2-419020801,S2-538077299,S2-66290102,S2-706926029
S1-29599619	
S1-645127035	
S1-343506816	S2-252268675,S2-273554895
S1-206316150	S2-111989208,S2-117027056,S2-134601060,S2-184260014,S2-230267446,S2-357826917,S2-396788547,S2-425724860,S2-453011052,S2-470168389,S2-528621562,S2-555863163,S2-619265079,S2-769153246,S2-892001152
S1-483035706	S2-496035938,S2-795387130,S2-871338799,S2-936158582
S1-30633868	
S1-61703865	S2-529160777
S1-864452695	
S1-847560509	S2-160670347,S3-633948833
S1-656456633	S2-302735094,S2-353708397
S1-472809546	
S1-215790192	S2-169445866,S2-356920100,S2-470144907,S2-535446792,S2-562156366,S2-622013463,S2-71597896
S1-928369840	S2-119595305,S2-277797320,S2-360183825,S2-395691474,S2-413935167,S2-584071539,S2-688699637,S2-905769952,S2-948045739
S1-895370371	S2-517824552,S2-636553802,S2-700195651,S2-780768777
S1-876051876	S2-534232575,S2-559464842,S3-320993728,S3-822077802
S1-296950676	S2-303639531,S2-326145477
S1-480945071	
S1-893311984	S2-176342522,S2-448773041,S2-662629567
S1-935478863	S2-521450524,S2-586191372
S1-229054052	S2-286250223,S2-757230165,S2-819058610,S2-945656150
S1-163544211	S2-135396353,S2-137992451,S2-395634849,S2-466990283,S2-58646488,S2-712442952,S2-745889859,S2-837631808,S2-933536254
S1-6399799	
S1-362998419	
S1-900202650	S2-58761289,S3-55128767,S3-70245152,S3-944441498
S1-674528256	
S1-242045743	S2-136859782,S2-768279476,S2-983765162
S1-952496026	S2-173571191,S2-175859614,S2-210736653,S2-256263111
S1-355236830	
S1-164026489	
S1-169912784	S2-143218931,S2-38634585,S2-589908673
S1-465211898	S2-109773874,S2-13689826,S2-15176740,S2-191653607,S2-262257082,S2-42839011,S2-673601650,S3-783818274,S3-843060771
S1-53164196	S2-127652867,S2-160809928,S2-249640227,S2-251642770,S2-261082777,S2-625286130,S2-657511845
S1-717246765	
S1-124338024	
S1-841456699	S2-386622042,S2-489095804,S2-694351209,S3-605728836,S3-667023659
S1-490504041	S2-446918136,S2-850290537
S1-496144543	S2-591216163
S1-685274936	S2-792611245,S2-952051671
S1-795261447	S2-959731145
S1-498099835	S2-122950998,S2-38906949,S2-629741190,S2-900473689
S1-536970527	
S1-247988386	
S1-804880798	S2-949645618
S1-485156684	S2-443345521
S1-945489487	S2-420602042,S2-665775709,S2-909905400
S1-923287424	S2-128837631,S2-329481528,S2-425113796
S1-450794855	S2-160876077,S2-214138531,S2-221238929,S2-621672091,S2-856253381
S1-988817568	S2-365575093,S2-413476714,S2-422584264
S1-789535908	
S1-776261815	S2-100741407,S2-487775898,S3-761959032,S3-964964296
S1-974181763	S2-100475737,S2-109812002,S2-146226235,S2-577194152,S3-495867599,S3-618196901,S3-692985174
S1-390719693	S2-107373255,S2-180070025,S2-216561632,S2-259102833,S2-314290114,S2-335069828,S2-386373020,S2-401513784,S2-418140224,S2-49071928,S2-53216828,S2-592097356,S2-610191667,S2-622934393,S2-708847899,S2-727187278,S2-774969179,S2-892637813,S2-894654993,S2-951463081
S1-13534533	
S1-139981419	S2-478303545
S1-272605888	S3-593996254,S3-620880776
S1-770907666	S2-112384680,S2-16680369,S2-287210603,S2-880777457,S3-130873747
S1-745334536	S2-863908931
S1-10399974	S2-147786372,S2-396840544,S2-612069316
S1-819749960	S2-272342695
S1-120018800	S2-465689771,S3-424624042,S3-818913580
S1-486968363	
S1-60117864	S2-262932496
S1-949860688	S2-101922541,S2-150477512,S2-349404912,S2-891012023,S2-908210686
S1-948762219	
S1-52108669	
S1-976550721	S2-640200240
S1-447490781	
S1-217056713	S3-790180045
S1-166226800	S2-113475472,S2-147483891,S2-151923438,S2-188970267,S2-223340813,S2-233306004,S2-436185882
S1-947000376	S2-141238932,S2-20741612,S2-439776928,S2-629324160,S3-26556255
S1-699933128	S2-959731145
S1-456463212	
S1-683044070	
S1-577726113	
S1-505503013	
S1-32189730	S2-209872165
S1-171110134	S2-104641449,S2-140593786,S2-154488968,S2-186208794,S2-576829882
S1-220281876	
S1-507483443	S3-381120368
S1-975783840	S2-784722846
S1-100090318	S2-503909249,S3-844809888
S1-629841475	S2-628925881,S2-784872444,S2-844161558,S2-845528674
S1-844292915	S2-185013334,S2-23756023,S2-260505055,S2-264017036,S2-274922433,S2-285549357,S2-367870951,S2-376616809,S2-380877204
S1-733030734	S2-174608732
S1-528118707	
S1-980734939	S2-736670932,S3-506214234
S1-900391272	S2-154863526
S1-890048793	S2-308967963,S3-259178795,S3-559288600,S3-695048140
S1-967028009	S2-20798878,S2-344818339,S2-776946535
S1-122355147	S2-109172202,S2-326590840,S2-362870814
S1-133501035	
S1-9275562	
S1-479555773	S2-152132333,S2-202993756,S2-378494962,S2-460992467,S2-587526757,S2-713264333,S2-817291508
S1-952298962	S2-633765239
S1-383362087	S2-120561210,S2-5762725
S1-522837972	S2-640520720,S2-964239244
S1-562450376	
S1-158074174	
S1-359195269	S2-342790091,S2-376616809,S2-443677278,S2-717201533
S1-384149916	
S1-992618818	
S1-952916940	S2-332644665,S2-43266507,S2-496265097
S1-439981214	S2-453316944,S2-559368313,S2-642933590,S2-799342669
S1-730840107	S2-303841332,S2-355495003,S2-3736717,S2-678393392,S2-731502617,S2-979674871,S3-389424595
S1-815786238	S2-37361674,S2-495797341
S1-182334158	
S1-831620164	S2-939709362
S1-952960663	S2-136256165,S2-323998042
S1-832937503	S2-143060476,S2-160511546,S2-249045260,S2-419415915,S2-504845662,S2-669645096,S2-811735878,S2-82564485,S2-858748496,S2-876742552,S2-976238995
S1-170058743	
S1-252912305	
S1-449601022	
S1-898307318	S2-136859782,S2-146693983,S2-175424536
S1-930876391	
S1-785957462	
S1-871652471	
S1-551124341	S3-822170762
S1-338796058	S2-229124397,S2-241249597,S2-565991497,S2-769447039,S3-129724593,S3-566136986
S1-468304884	S2-104641449,S2-154488968,S2-206787407,S2-642905141
S1-86852859	S2-126391514
S1-723103093	
